City,Country,Date,Time,Temperature (°C),Feels Like (°C),Humidity (%),Precipitation (mm),Rain (mm),Wind Speed (km/h),Wind Direction (°),Pressure (hPa),Cloud Cover (%),Weather Code,Weather Condition
Ahmedabad,India,2026-08-11,00:00:00,26.6,32.1,91,0.0,0.0,8.2,216,996.8,100,3,Overcast
Ahmedabad,India,2026-08-11,01:00:00,26.6,32.3,91,0.1,0.1,7.3,230,996.5,100,51,Light Drizzle
Ahmedabad,India,2026-08-11,02:00:00,26.6,32.2,90,0.1,0.1,7.7,240,996.3,100,51,Light Drizzle
Ahmedabad,India,2026-08-11,03:00:00,26.6,31.6,89,0.0,0.0,9.7,254,996.1,100,3,Overcast
Ahmedabad,India,2026-08-11,04:00:00,26.5,31.4,88,0.0,0.0,9.8,265,995.9,100,3,Overcast
Ahmedabad,India,2026-08-11,05:00:00,26.6,31.7,89,0.0,0.0,8.8,271,996.4,100,3,Overcast
Ahmedabad,India,2026-08-11,06:00:00,26.4,31.7,90,0.1,0.0,8.7,276,996.6,99,51,Light Drizzle
Ahmedabad,India,2026-08-11,07:00:00,26.7,32.2,89,0.4,0.1,7.0,283,997.5,100,51,Light Drizzle
Ahmedabad,India,2026-08-11,08:00:00,26.6,32.5,92,1.6,0.9,6.7,279,997.5,98,80,Light Rain Showers
Ahmedabad,India,2026-08-11,09:00:00,26.9,33.0,92,2.2,1.0,6.3,294,998.2,98,95,Thunderstorm
Ahmedabad,India,2026-08-11,10:00:00,27.4,33.3,89,1.3,0.6,7.0,305,998.3,77,80,Light Rain Showers
Ahmedabad,India,2026-08-11,11:00:00,28.6,33.4,79,0.6,0.5,13.0,289,998.1,98,53,Moderate Drizzle
Ahmedabad,India,2026-08-11,12:00:00,29.6,34.7,72,0.2,0.2,13.3,293,997.3,98,51,Light Drizzle
Ahmedabad,India,2026-08-11,13:00:00,29.7,34.9,72,0.1,0.1,11.9,300,996.5,90,51,Light Drizzle
Ahmedabad,India,2026-08-11,14:00:00,30.1,35.8,71,0.1,0.1,12.0,298,995.9,88,51,Light Drizzle
Ahmedabad,India,2026-08-11,15:00:00,29.6,34.0,71,0.1,0.1,10.6,300,995.0,84,51,Light Drizzle
Ahmedabad,India,2026-08-11,16:00:00,29.7,34.1,69,0.1,0.1,8.2,279,994.1,74,51,Light Drizzle
Ahmedabad,India,2026-08-11,17:00:00,29.5,33.6,71,0.1,0.1,11.5,281,994.3,77,51,Light Drizzle
Ahmedabad,India,2026-08-11,18:00:00,29.1,33.9,72,0.0,0.0,6.6,283,995.1,98,3,Overcast
Ahmedabad,India,2026-08-11,19:00:00,28.4,33.8,78,0.0,0.0,5.1,266,996.0,98,3,Overcast
Ahmedabad,India,2026-08-11,20:00:00,27.9,33.8,82,0.0,0.0,3.6,303,996.4,99,3,Overcast
Ahmedabad,India,2026-08-11,21:00:00,27.8,34.1,84,0.0,0.0,2.5,225,997.3,100,3,Overcast
Ahmedabad,India,2026-08-11,22:00:00,27.5,33.3,86,0.0,0.0,5.7,215,997.7,100,3,Overcast
Ahmedabad,India,2026-08-11,23:00:00,27.4,32.7,83,0.0,0.0,6.4,245,997.6,100,3,Overcast
Ahmedabad,India,2026-08-12,00:00:00,26.9,32.3,85,0.0,0.0,6.0,245,997.3,100,3,Overcast
Ahmedabad,India,2026-08-12,01:00:00,26.6,32.1,88,0.0,0.0,6.0,237,997.0,100,3,Overcast
Ahmedabad,India,2026-08-12,02:00:00,26.4,31.8,91,0.1,0.1,8.1,249,996.4,100,51,Light Drizzle
Ahmedabad,India,2026-08-12,03:00:00,26.2,31.0,89,0.1,0.1,10.0,255,996.6,100,51,Light Drizzle
Ahmedabad,India,2026-08-12,04:00:00,25.9,30.7,90,0.0,0.0,9.4,257,996.4,100,3,Overcast
Ahmedabad,India,2026-08-12,05:00:00,26.1,31.0,89,0.0,0.0,8.9,257,996.1,98,3,Overcast
Ahmedabad,India,2026-08-12,06:00:00,26.2,31.7,91,0.0,0.0,7.5,250,997.1,100,3,Overcast
Ahmedabad,India,2026-08-12,07:00:00,26.8,32.2,90,0.2,0.2,8.5,257,997.7,100,51,Light Drizzle
Ahmedabad,India,2026-08-12,08:00:00,26.9,32.4,90,0.3,0.3,9.4,259,998.0,100,51,Light Drizzle
Ahmedabad,India,2026-08-12,09:00:00,27.3,32.5,88,0.1,0.1,10.1,265,998.5,100,51,Light Drizzle
Ahmedabad,India,2026-08-12,10:00:00,27.4,33.0,87,0.3,0.2,8.0,293,999.0,100,51,Light Drizzle
Ahmedabad,India,2026-08-12,11:00:00,29.5,34.9,77,0.4,0.3,8.3,284,998.9,100,51,Light Drizzle
Ahmedabad,India,2026-08-12,12:00:00,28.2,33.6,81,0.6,0.5,7.3,281,998.5,100,53,Moderate Drizzle
Ahmedabad,India,2026-08-12,13:00:00,28.3,33.7,81,1.0,1.0,7.2,288,998.2,100,55,Heavy Drizzle
Ahmedabad,India,2026-08-12,14:00:00,28.0,34.0,84,1.1,0.8,5.1,278,997.6,100,55,Heavy Drizzle
Ahmedabad,India,2026-08-12,15:00:00,28.1,34.4,83,0.4,0.3,3.1,291,997.2,100,51,Light Drizzle
Ahmedabad,India,2026-08-12,16:00:00,28.0,34.4,83,0.2,0.2,1.8,270,996.7,100,51,Light Drizzle
Ahmedabad,India,2026-08-12,17:00:00,27.7,33.3,84,0.9,0.4,5.8,248,996.9,100,53,Moderate Drizzle
Ahmedabad,India,2026-08-12,18:00:00,27.0,33.5,92,1.6,0.7,4.4,210,997.6,100,80,Light Rain Showers
Ahmedabad,India,2026-08-12,19:00:00,26.8,33.5,94,1.8,1.6,3.6,189,998.1,100,80,Light Rain Showers
Ahmedabad,India,2026-08-12,20:00:00,26.6,33.2,96,1.5,1.4,4.3,204,998.6,100,80,Light Rain Showers
Ahmedabad,India,2026-08-12,21:00:00,26.4,32.7,95,0.6,0.6,5.5,207,999.6,100,53,Moderate Drizzle
Ahmedabad,India,2026-08-12,22:00:00,26.2,32.3,95,0.1,0.1,5.9,192,1000.0,100,51,Light Drizzle
Ahmedabad,India,2026-08-12,23:00:00,26.1,31.9,93,0.1,0.1,5.5,207,999.9,100,51,Light Drizzle
Ahmedabad,India,2026-08-13,00:00:00,25.8,31.3,93,0.0,0.0,6.7,211,999.4,98,3,Overcast
Ahmedabad,India,2026-08-13,01:00:00,25.6,31.0,93,0.0,0.0,6.4,207,999.3,81,3,Overcast
Ahmedabad,India,2026-08-13,02:00:00,25.5,30.9,93,0.0,0.0,5.9,207,998.9,100,3,Overcast
Ahmedabad,India,2026-08-13,03:00:00,25.5,30.9,94,0.0,0.0,6.4,220,998.5,45,1,Mainly Clear
Ahmedabad,India,2026-08-13,04:00:00,25.5,31.0,95,0.0,0.0,6.9,213,998.5,63,2,Partly Cloudy
Ahmedabad,India,2026-08-13,05:00:00,25.1,30.4,97,0.0,0.0,8.1,223,998.6,100,3,Overcast
Ahmedabad,India,2026-08-13,06:00:00,25.2,30.5,97,1.0,0.7,7.8,232,998.8,55,55,Heavy Drizzle
Ahmedabad,India,2026-08-13,07:00:00,25.9,31.2,94,0.1,0.1,8.9,238,999.3,38,51,Light Drizzle
Ahmedabad,India,2026-08-13,08:00:00,26.8,32.4,90,0.1,0.1,8.1,231,999.7,90,51,Light Drizzle
Ahmedabad,India,2026-08-13,09:00:00,28.0,33.4,84,0.0,0.0,8.4,239,1000.2,94,3,Overcast
Ahmedabad,India,2026-08-13,10:00:00,28.7,34.2,79,0.0,0.0,7.1,261,1000.1,100,3,Overcast
Ahmedabad,India,2026-08-13,11:00:00,30.0,35.1,72,0.3,0.1,8.8,270,999.9,58,51,Light Drizzle
Ahmedabad,India,2026-08-13,12:00:00,30.7,37.2,70,0.0,0.0,8.3,269,999.5,34,1,Mainly Clear
Ahmedabad,India,2026-08-13,13:00:00,31.7,38.7,67,0.0,0.0,8.8,265,998.7,100,3,Overcast
Ahmedabad,India,2026-08-13,14:00:00,31.2,36.4,67,0.0,0.0,8.5,269,998.0,100,3,Overcast
Ahmedabad,India,2026-08-13,15:00:00,31.2,36.6,67,0.0,0.0,6.5,256,997.1,100,3,Overcast
Ahmedabad,India,2026-08-13,16:00:00,27.1,32.7,90,6.0,0.5,9.8,224,997.2,86,95,Thunderstorm
Ahmedabad,India,2026-08-13,17:00:00,29.9,34.7,71,2.9,1.4,8.2,238,997.3,63,81,Moderate Rain Showers
Ahmedabad,India,2026-08-13,18:00:00,29.0,34.2,76,0.0,0.0,7.1,223,997.7,63,2,Partly Cloudy
Ahmedabad,India,2026-08-13,19:00:00,28.1,33.2,80,0.1,0.1,7.8,212,998.3,76,51,Light Drizzle
Ahmedabad,India,2026-08-13,20:00:00,27.4,32.3,83,0.0,0.0,9.4,200,999.1,64,2,Partly Cloudy
Ahmedabad,India,2026-08-13,21:00:00,26.8,31.8,87,0.0,0.0,9.2,196,999.8,62,2,Partly Cloudy
Ahmedabad,India,2026-08-13,22:00:00,26.5,31.7,89,0.0,0.0,8.5,205,999.9,93,3,Overcast
Ahmedabad,India,2026-08-13,23:00:00,26.5,31.6,90,0.0,0.0,9.1,210,999.3,100,3,Overcast
Ahmedabad,India,2026-08-14,00:00:00,26.5,31.5,89,0.2,0.0,9.6,233,998.8,100,51,Light Drizzle
Ahmedabad,India,2026-08-14,01:00:00,26.3,31.2,91,0.2,0.1,10.5,239,998.5,100,51,Light Drizzle
Ahmedabad,India,2026-08-14,02:00:00,26.3,31.2,91,0.0,0.0,10.2,238,998.2,100,3,Overcast
Ahmedabad,India,2026-08-14,03:00:00,26.2,31.2,90,0.0,0.0,9.1,236,997.9,100,3,Overcast
Ahmedabad,India,2026-08-14,04:00:00,26.0,31.2,91,0.0,0.0,8.0,239,998.0,100,3,Overcast
Ahmedabad,India,2026-08-14,05:00:00,26.3,31.2,88,0.0,0.0,8.4,251,998.1,100,3,Overcast
Ahmedabad,India,2026-08-14,06:00:00,26.1,31.0,89,0.1,0.0,8.7,249,998.6,99,51,Light Drizzle
Ahmedabad,India,2026-08-14,07:00:00,26.3,31.3,87,0.0,0.0,8.0,239,999.2,100,3,Overcast
Ahmedabad,India,2026-08-14,08:00:00,26.6,31.3,86,0.1,0.1,9.5,243,999.5,100,51,Light Drizzle
Ahmedabad,India,2026-08-14,09:00:00,27.7,32.1,81,0.2,0.2,11.8,247,999.4,50,51,Light Drizzle
Ahmedabad,India,2026-08-14,10:00:00,29.0,33.8,76,0.4,0.3,9.9,241,999.7,84,51,Light Drizzle
Ahmedabad,India,2026-08-14,11:00:00,30.3,34.7,69,0.1,0.1,10.9,248,999.9,100,51,Light Drizzle
Ahmedabad,India,2026-08-14,12:00:00,29.5,34.2,72,1.0,0.6,9.1,236,999.9,61,55,Heavy Drizzle
Ahmedabad,India,2026-08-14,13:00:00,30.9,36.7,67,0.1,0.1,9.3,238,999.2,36,51,Light Drizzle
Ahmedabad,India,2026-08-14,14:00:00,31.2,36.8,66,0.1,0.1,8.5,235,998.3,36,51,Light Drizzle
Ahmedabad,India,2026-08-14,15:00:00,31.7,37.3,63,0.1,0.1,8.1,223,997.6,42,51,Light Drizzle
Ahmedabad,India,2026-08-14,16:00:00,31.7,36.4,63,0.3,0.3,7.5,228,996.7,98,51,Light Drizzle
Ahmedabad,India,2026-08-14,17:00:00,27.9,34.2,88,0.3,0.2,6.0,277,997.5,100,51,Light Drizzle
Ahmedabad,India,2026-08-14,18:00:00,28.2,34.1,85,0.4,0.2,7.3,263,997.8,77,51,Light Drizzle
Ahmedabad,India,2026-08-14,19:00:00,27.2,33.6,90,0.8,0.4,4.3,197,998.5,76,53,Moderate Drizzle
Ahmedabad,India,2026-08-14,20:00:00,27.4,33.8,89,0.0,0.0,4.5,233,998.8,59,2,Partly Cloudy
Ahmedabad,India,2026-08-14,21:00:00,27.2,32.9,88,0.0,0.0,6.0,224,999.5,95,3,Overcast
Ahmedabad,India,2026-08-14,22:00:00,27.1,32.6,87,0.0,0.0,6.3,231,999.7,94,3,Overcast
Ahmedabad,India,2026-08-14,23:00:00,27.1,32.3,85,0.0,0.0,7.9,235,999.5,98,3,Overcast
Ahmedabad,India,2026-08-15,00:00:00,26.7,32.0,87,0.0,0.0,7.4,229,998.9,100,3,Overcast
Ahmedabad,India,2026-08-15,01:00:00,26.4,31.7,89,0.1,0.0,7.3,226,998.8,99,51,Light Drizzle
Ahmedabad,India,2026-08-15,02:00:00,25.8,31.0,92,0.9,0.1,7.5,224,998.7,100,53,Moderate Drizzle
Ahmedabad,India,2026-08-15,03:00:00,25.4,30.7,95,1.2,0.4,7.7,231,998.8,100,55,Heavy Drizzle
Ahmedabad,India,2026-08-15,04:00:00,25.4,31.0,96,1.1,0.7,6.1,225,998.8,100,55,Heavy Drizzle
Ahmedabad,India,2026-08-15,05:00:00,25.6,31.2,96,0.2,0.2,6.3,235,998.9,100,51,Light Drizzle
Ahmedabad,India,2026-08-15,06:00:00,25.6,31.3,96,0.6,0.6,6.1,230,999.4,84,53,Moderate Drizzle
Ahmedabad,India,2026-08-15,07:00:00,26.0,31.7,94,0.1,0.1,6.4,243,999.8,84,51,Light Drizzle
Ahmedabad,India,2026-08-15,08:00:00,26.7,32.4,89,0.1,0.0,5.9,256,1000.1,68,51,Light Drizzle
Ahmedabad,India,2026-08-15,09:00:00,27.8,33.3,82,0.1,0.1,6.2,255,1000.6,76,51,Light Drizzle
Ahmedabad,India,2026-08-15,10:00:00,28.7,34.6,79,0.2,0.1,4.0,252,1000.8,97,51,Light Drizzle
Ahmedabad,India,2026-08-15,11:00:00,29.6,34.3,69,0.1,0.1,6.7,256,1000.4,98,51,Light Drizzle
Ahmedabad,India,2026-08-15,12:00:00,30.9,36.9,63,0.0,0.0,7.8,251,999.8,84,3,Overcast
Ahmedabad,India,2026-08-15,13:00:00,31.6,37.3,60,0.0,0.0,8.3,240,999.1,68,2,Partly Cloudy
Ahmedabad,India,2026-08-15,14:00:00,32.0,37.2,58,0.0,0.0,8.6,234,998.4,75,2,Partly Cloudy
Ahmedabad,India,2026-08-15,15:00:00,32.1,36.7,57,0.0,0.0,8.3,228,997.6,75,2,Partly Cloudy
Ahmedabad,India,2026-08-15,16:00:00,32.2,35.9,56,0.0,0.0,8.5,232,996.9,88,3,Overcast
Ahmedabad,India,2026-08-15,17:00:00,32.0,36.2,57,0.0,0.0,6.4,230,997.1,100,3,Overcast
Ahmedabad,India,2026-08-15,18:00:00,30.7,35.6,67,0.0,0.0,6.9,200,997.3,100,3,Overcast
Ahmedabad,India,2026-08-15,19:00:00,28.2,32.7,80,0.0,0.0,12.6,182,998.2,100,3,Overcast
Ahmedabad,India,2026-08-15,20:00:00,27.9,33.2,84,0.0,0.0,8.9,209,998.8,100,3,Overcast
Ahmedabad,India,2026-08-15,21:00:00,27.7,33.4,86,0.0,0.0,7.6,218,999.6,100,3,Overcast
Ahmedabad,India,2026-08-15,22:00:00,27.6,33.2,86,0.0,0.0,7.5,243,999.9,100,3,Overcast
Ahmedabad,India,2026-08-15,23:00:00,27.6,32.3,81,0.0,0.0,9.2,259,999.5,100,3,Overcast
Ahmedabad,India,2026-08-16,00:00:00,27.2,32.2,83,0.0,0.0,8.0,236,999.3,100,3,Overcast
Ahmedabad,India,2026-08-16,01:00:00,27.1,32.1,84,0.0,0.0,7.3,239,998.8,100,3,Overcast
Ahmedabad,India,2026-08-16,02:00:00,26.9,31.8,84,0.0,0.0,7.6,242,998.4,96,3,Overcast
Ahmedabad,India,2026-08-16,03:00:00,26.6,31.6,85,0.0,0.0,7.1,240,998.0,80,3,Overcast
Ahmedabad,India,2026-08-16,04:00:00,26.1,31.1,88,0.0,0.0,6.8,217,997.9,55,2,Partly Cloudy
Ahmedabad,India,2026-08-16,05:00:00,26.0,30.9,88,0.0,0.0,7.9,227,998.0,68,2,Partly Cloudy
Ahmedabad,India,2026-08-16,06:00:00,25.7,30.6,89,0.0,0.0,7.1,225,998.4,69,2,Partly Cloudy
Ahmedabad,India,2026-08-16,07:00:00,26.4,31.5,87,0.0,0.0,6.9,227,998.6,76,2,Partly Cloudy
Ahmedabad,India,2026-08-16,08:00:00,27.3,32.1,82,0.1,0.1,8.4,235,999.4,67,51,Light Drizzle
Ahmedabad,India,2026-08-16,09:00:00,27.6,32.4,81,0.5,0.2,8.6,229,999.7,94,53,Moderate Drizzle
Ahmedabad,India,2026-08-16,10:00:00,28.5,33.8,78,0.0,0.0,6.6,223,999.6,100,3,Overcast
Ahmedabad,India,2026-08-16,11:00:00,29.4,33.7,70,0.3,0.2,8.9,228,999.2,98,51,Light Drizzle
Ahmedabad,India,2026-08-16,12:00:00,29.5,34.0,69,0.4,0.3,9.1,232,998.9,92,51,Light Drizzle
Ahmedabad,India,2026-08-16,13:00:00,30.3,35.9,67,0.4,0.2,9.8,234,998.2,91,51,Light Drizzle
Ahmedabad,India,2026-08-16,14:00:00,30.4,35.9,69,0.4,0.2,8.6,229,997.7,73,51,Light Drizzle
Ahmedabad,India,2026-08-16,15:00:00,30.8,36.0,68,0.0,0.0,6.7,224,997.1,92,3,Overcast
Ahmedabad,India,2026-08-16,16:00:00,30.8,35.8,68,0.0,0.0,7.8,226,996.4,97,3,Overcast
Ahmedabad,India,2026-08-16,17:00:00,29.8,34.9,72,0.0,0.0,7.5,220,997.1,71,2,Partly Cloudy
Ahmedabad,India,2026-08-16,18:00:00,29.0,34.4,76,0.1,0.1,5.1,170,997.4,59,51,Light Drizzle
Ahmedabad,India,2026-08-16,19:00:00,28.2,33.4,81,0.0,0.0,9.0,160,998.0,80,3,Overcast
Ahmedabad,India,2026-08-16,20:00:00,27.5,32.7,85,0.0,0.0,9.5,179,998.5,96,3,Overcast
Ahmedabad,India,2026-08-16,21:00:00,27.4,32.7,87,0.0,0.0,9.5,189,999.3,99,3,Overcast
Ahmedabad,India,2026-08-16,22:00:00,27.2,32.8,89,0.0,0.0,8.5,197,999.4,100,3,Overcast
Ahmedabad,India,2026-08-16,23:00:00,27.2,32.5,87,0.0,0.0,9.0,223,999.2,100,3,Overcast
Ahmedabad,India,2026-08-17,00:00:00,26.8,31.8,87,0.1,0.1,9.1,229,999.0,100,51,Light Drizzle
Ahmedabad,India,2026-08-17,01:00:00,26.5,31.6,88,0.1,0.1,7.9,229,998.6,100,51,Light Drizzle
Ahmedabad,India,2026-08-17,02:00:00,26.4,31.6,88,0.0,0.0,7.3,230,998.5,99,3,Overcast
Ahmedabad,India,2026-08-17,03:00:00,26.4,31.4,88,0.0,0.0,7.7,234,998.3,92,3,Overcast
Ahmedabad,India,2026-08-17,04:00:00,26.2,31.2,89,0.0,0.0,8.0,236,998.4,55,2,Partly Cloudy
Ahmedabad,India,2026-08-17,05:00:00,25.9,31.1,91,0.0,0.0,7.8,220,998.2,79,2,Partly Cloudy
Ahmedabad,India,2026-08-17,06:00:00,25.8,30.9,91,0.1,0.1,8.0,220,998.7,81,51,Light Drizzle
Ahmedabad,India,2026-08-17,07:00:00,26.4,31.3,87,0.1,0.0,8.8,226,999.2,80,51,Light Drizzle
Ahmedabad,India,2026-08-17,08:00:00,27.2,32.2,84,0.2,0.1,8.8,226,999.8,97,51,Light Drizzle
Ahmedabad,India,2026-08-17,09:00:00,28.0,33.0,81,0.1,0.0,9.2,235,1000.4,89,51,Light Drizzle
Ahmedabad,India,2026-08-17,10:00:00,29.0,34.1,77,0.0,0.0,9.2,227,1000.5,81,3,Overcast
Ahmedabad,India,2026-08-17,11:00:00,29.3,34.4,70,0.1,0.1,10.6,230,1000.1,98,51,Light Drizzle
Ahmedabad,India,2026-08-17,12:00:00,30.1,34.4,66,0.0,0.0,11.0,228,999.8,92,3,Overcast
Ahmedabad,India,2026-08-17,13:00:00,31.0,35.9,61,0.0,0.0,12.8,232,999.0,99,3,Overcast
Ahmedabad,India,2026-08-17,14:00:00,31.5,36.1,59,0.0,0.0,11.7,226,998.5,87,3,Overcast
Ahmedabad,India,2026-08-17,15:00:00,31.1,35.5,64,0.0,0.0,9.4,204,997.7,45,1,Mainly Clear
Ahmedabad,India,2026-08-17,16:00:00,31.7,36.2,62,0.0,0.0,8.4,223,997.3,73,2,Partly Cloudy
Ahmedabad,India,2026-08-17,17:00:00,31.1,35.7,64,0.0,0.0,8.4,214,997.5,93,3,Overcast
Ahmedabad,India,2026-08-17,18:00:00,30.1,35.5,73,0.1,0.1,7.3,173,997.8,83,51,Light Drizzle
Ahmedabad,India,2026-08-17,19:00:00,28.8,34.0,79,0.0,0.0,9.4,182,998.2,85,3,Overcast
Ahmedabad,India,2026-08-17,20:00:00,28.5,33.8,79,0.0,0.0,7.4,206,999.1,83,3,Overcast
Ahmedabad,India,2026-08-17,21:00:00,28.0,33.4,81,0.2,0.1,7.0,224,999.9,93,51,Light Drizzle
Ahmedabad,India,2026-08-17,22:00:00,27.5,32.9,84,0.3,0.1,7.0,215,1000.5,98,51,Light Drizzle
Ahmedabad,India,2026-08-17,23:00:00,27.5,32.2,83,0.1,0.1,10.7,243,1000.2,75,51,Light Drizzle
Ahmedabad,India,2026-08-18,00:00:00,27.2,31.9,83,0.0,0.0,10.1,246,1000.1,97,3,Overcast
Ahmedabad,India,2026-08-18,01:00:00,27.0,31.7,83,0.0,0.0,9.3,245,1000.0,30,1,Mainly Clear
Ahmedabad,India,2026-08-18,02:00:00,26.5,31.0,84,0.0,0.0,8.9,242,999.5,27,1,Mainly Clear
Ahmedabad,India,2026-08-18,03:00:00,26.0,30.5,86,0.0,0.0,7.9,240,999.4,51,2,Partly Cloudy
Ahmedabad,India,2026-08-18,04:00:00,25.6,30.3,88,0.0,0.0,6.6,229,999.4,38,1,Mainly Clear
Ahmedabad,India,2026-08-18,05:00:00,25.6,30.5,89,0.0,0.0,6.0,219,999.5,62,2,Partly Cloudy
Ahmedabad,India,2026-08-18,06:00:00,25.3,30.2,90,0.0,0.0,6.3,219,1000.1,100,3,Overcast
Ahmedabad,India,2026-08-18,07:00:00,26.0,31.2,89,0.1,0.0,5.9,223,1000.5,98,51,Light Drizzle
Ahmedabad,India,2026-08-18,08:00:00,27.2,32.3,84,0.0,0.0,7.6,232,1000.9,78,2,Partly Cloudy
Ahmedabad,India,2026-08-18,09:00:00,28.6,33.0,76,0.0,0.0,11.7,243,1001.2,55,2,Partly Cloudy
Ahmedabad,India,2026-08-18,10:00:00,29.7,34.3,71,0.0,0.0,12.2,242,1001.4,52,2,Partly Cloudy
Ahmedabad,India,2026-08-18,11:00:00,30.6,34.7,65,0.0,0.0,14.2,244,1001.2,54,2,Partly Cloudy
Ahmedabad,India,2026-08-18,12:00:00,31.0,35.3,62,0.0,0.0,15.0,244,1000.8,97,3,Overcast
Ahmedabad,India,2026-08-18,13:00:00,31.1,34.7,63,0.0,0.0,12.7,241,1000.3,100,3,Overcast
Ahmedabad,India,2026-08-18,14:00:00,31.9,35.6,59,0.0,0.0,12.2,243,999.5,44,1,Mainly Clear
Ahmedabad,India,2026-08-18,15:00:00,32.1,35.4,57,0.0,0.0,13.0,243,998.7,91,3,Overcast
Ahmedabad,India,2026-08-18,16:00:00,32.4,36.1,57,0.0,0.0,11.3,241,998.0,66,2,Partly Cloudy
Ahmedabad,India,2026-08-18,17:00:00,32.1,36.6,59,0.0,0.0,7.2,233,997.9,15,0,Clear Sky
Ahmedabad,India,2026-08-18,18:00:00,31.3,36.1,65,0.0,0.0,8.1,233,998.1,39,1,Mainly Clear
Ahmedabad,India,2026-08-18,19:00:00,29.9,35.0,72,0.0,0.0,7.6,234,998.6,98,3,Overcast
Ahmedabad,India,2026-08-18,20:00:00,29.3,34.4,74,0.0,0.0,7.2,248,999.5,62,2,Partly Cloudy
Ahmedabad,India,2026-08-18,21:00:00,28.6,33.7,77,0.0,0.0,7.4,273,1000.2,59,2,Partly Cloudy
Ahmedabad,India,2026-08-18,22:00:00,28.0,32.8,79,0.0,0.0,8.0,260,1000.7,85,3,Overcast
Ahmedabad,India,2026-08-18,23:00:00,27.6,32.9,84,0.0,0.0,8.0,243,1000.4,91,3,Overcast
Ahmedabad,India,2026-08-19,00:00:00,27.0,32.3,87,0.1,0.0,8.0,256,1000.3,59,51,Light Drizzle
Ahmedabad,India,2026-08-19,01:00:00,26.9,31.8,87,0.0,0.0,9.8,257,1000.0,16,0,Clear Sky
Ahmedabad,India,2026-08-19,02:00:00,26.5,30.6,84,0.0,0.0,11.6,252,999.7,13,0,Clear Sky
Ahmedabad,India,2026-08-19,03:00:00,26.0,30.0,85,0.0,0.0,10.6,255,999.6,3,0,Clear Sky
Ahmedabad,India,2026-08-19,04:00:00,25.6,29.8,87,0.0,0.0,9.2,249,999.6,46,1,Mainly Clear
Ahmedabad,India,2026-08-19,05:00:00,25.9,30.1,84,0.0,0.0,8.8,244,999.5,94,3,Overcast
Ahmedabad,India,2026-08-19,06:00:00,25.8,30.1,85,0.0,0.0,8.8,239,999.9,100,3,Overcast
Ahmedabad,India,2026-08-19,07:00:00,26.5,31.3,84,0.0,0.0,7.6,223,1000.4,100,3,Overcast
Ahmedabad,India,2026-08-19,08:00:00,27.0,32.0,84,0.2,0.0,7.9,225,1000.8,100,51,Light Drizzle
Ahmedabad,India,2026-08-19,09:00:00,27.7,32.5,83,0.3,0.1,10.3,229,1001.3,100,51,Light Drizzle
Ahmedabad,India,2026-08-19,10:00:00,28.6,33.2,78,0.2,0.1,11.6,231,1001.7,92,51,Light Drizzle
Ahmedabad,India,2026-08-19,11:00:00,30.1,34.7,70,0.0,0.0,13.2,250,1001.6,91,3,Overcast
Ahmedabad,India,2026-08-19,12:00:00,30.2,35.3,71,0.1,0.1,10.8,249,1001.2,99,51,Light Drizzle
Ahmedabad,India,2026-08-19,13:00:00,31.1,36.7,67,0.2,0.1,12.0,242,1000.6,92,51,Light Drizzle
Ahmedabad,India,2026-08-19,14:00:00,31.9,36.8,63,0.0,0.0,12.9,237,999.8,13,0,Clear Sky
Ahmedabad,India,2026-08-19,15:00:00,32.3,36.8,58,0.0,0.0,12.2,229,999.0,6,0,Clear Sky
Ahmedabad,India,2026-08-19,16:00:00,32.6,35.9,54,0.0,0.0,12.6,232,998.4,27,1,Mainly Clear
Ahmedabad,India,2026-08-19,17:00:00,31.0,35.1,64,0.0,0.0,10.9,239,998.7,74,2,Partly Cloudy
Ahmedabad,India,2026-08-19,18:00:00,30.6,35.5,68,0.0,0.0,8.7,225,998.8,63,2,Partly Cloudy
Ahmedabad,India,2026-08-19,19:00:00,29.7,34.8,73,0.0,0.0,7.9,215,999.2,84,3,Overcast
Ahmedabad,India,2026-08-19,20:00:00,28.7,34.1,79,0.0,0.0,8.1,184,999.9,99,3,Overcast
Ahmedabad,India,2026-08-19,21:00:00,28.1,34.1,85,0.1,0.0,6.4,198,1000.7,77,51,Light Drizzle
Ahmedabad,India,2026-08-19,22:00:00,27.8,33.8,86,0.0,0.0,6.0,243,1001.2,98,3,Overcast
Ahmedabad,India,2026-08-19,23:00:00,28.3,32.2,75,0.0,0.0,12.9,277,1001.0,98,3,Overcast
Ahmedabad,India,2026-08-20,00:00:00,27.5,31.4,79,0.0,0.0,12.9,276,1000.6,84,3,Overcast
Ahmedabad,India,2026-08-20,01:00:00,27.0,31.1,82,0.0,0.0,12.4,278,1000.7,48,1,Mainly Clear
Ahmedabad,India,2026-08-20,02:00:00,26.6,30.8,85,0.0,0.0,11.4,275,1000.4,31,1,Mainly Clear
Ahmedabad,India,2026-08-20,03:00:00,26.1,30.7,87,0.0,0.0,8.9,262,1000.2,95,3,Overcast
Ahmedabad,India,2026-08-20,04:00:00,26.0,30.6,86,0.0,0.0,8.7,240,1000.1,100,3,Overcast
Ahmedabad,India,2026-08-20,05:00:00,26.5,30.8,81,0.0,0.0,7.7,252,999.9,75,2,Partly Cloudy
Ahmedabad,India,2026-08-20,06:00:00,25.8,30.3,85,0.0,0.0,7.2,243,1000.5,73,2,Partly Cloudy
Ahmedabad,India,2026-08-20,07:00:00,26.5,31.6,85,0.1,0.0,5.0,235,1001.2,59,51,Light Drizzle
Ahmedabad,India,2026-08-20,08:00:00,27.6,32.3,79,0.1,0.0,8.1,239,1001.8,85,51,Light Drizzle
Ahmedabad,India,2026-08-20,09:00:00,28.7,32.6,72,0.0,0.0,11.4,246,1001.8,26,1,Mainly Clear
Ahmedabad,India,2026-08-20,10:00:00,29.7,33.8,66,0.0,0.0,10.8,255,1001.8,69,2,Partly Cloudy
Ahmedabad,India,2026-08-20,11:00:00,30.1,34.7,65,0.1,0.0,11.6,254,1001.6,67,51,Light Drizzle
Ahmedabad,India,2026-08-20,12:00:00,30.4,35.7,66,0.2,0.2,9.5,243,1001.1,97,51,Light Drizzle
Ahmedabad,India,2026-08-20,13:00:00,31.2,35.9,62,0.0,0.0,9.7,246,1000.5,71,2,Partly Cloudy
Ahmedabad,India,2026-08-20,14:00:00,31.7,35.9,60,0.0,0.0,10.4,253,999.4,55,2,Partly Cloudy
Ahmedabad,India,2026-08-20,15:00:00,31.7,35.2,59,0.0,0.0,11.4,251,998.8,95,3,Overcast
Ahmedabad,India,2026-08-20,16:00:00,31.5,35.4,60,0.1,0.1,9.2,249,998.3,100,51,Light Drizzle
Ahmedabad,India,2026-08-20,17:00:00,30.8,35.6,64,0.0,0.0,4.9,178,998.0,100,3,Overcast
Ahmedabad,India,2026-08-20,18:00:00,30.4,35.6,69,0.0,0.0,5.8,146,998.4,100,3,Overcast
Ahmedabad,India,2026-08-20,19:00:00,29.2,34.2,74,0.0,0.0,7.5,138,999.1,100,3,Overcast
Ahmedabad,India,2026-08-20,20:00:00,28.8,34.0,76,0.0,0.0,6.8,155,999.9,100,3,Overcast
Ahmedabad,India,2026-08-20,21:00:00,28.2,34.1,82,0.2,0.1,4.8,149,1000.6,100,51,Light Drizzle
Ahmedabad,India,2026-08-20,22:00:00,27.7,33.8,87,0.1,0.0,5.6,197,1000.9,100,51,Light Drizzle
Ahmedabad,India,2026-08-20,23:00:00,26.7,32.8,93,0.2,0.2,6.3,198,1000.4,72,51,Light Drizzle
Ahmedabad,India,2026-08-21,00:00:00,26.8,32.0,89,0.1,0.1,9.1,261,1000.1,71,51,Light Drizzle
Ahmedabad,India,2026-08-21,01:00:00,26.6,31.1,86,0.1,0.0,10.4,270,999.8,77,51,Light Drizzle
Ahmedabad,India,2026-08-21,02:00:00,26.4,30.7,85,0.1,0.1,10.6,270,999.7,59,51,Light Drizzle
Ahmedabad,India,2026-08-21,03:00:00,26.1,30.8,87,0.0,0.0,8.5,269,999.4,59,2,Partly Cloudy
Ahmedabad,India,2026-08-21,04:00:00,25.9,31.0,89,0.0,0.0,6.3,257,999.6,45,1,Mainly Clear
Ahmedabad,India,2026-08-21,05:00:00,26.3,31.4,87,0.0,0.0,6.7,218,999.5,29,1,Mainly Clear
Ahmedabad,India,2026-08-21,06:00:00,25.9,30.6,87,0.0,0.0,7.8,226,1000.0,73,2,Partly Cloudy
Ahmedabad,India,2026-08-21,07:00:00,26.4,31.3,85,0.1,0.1,6.6,227,1001.0,100,51,Light Drizzle
Ahmedabad,India,2026-08-21,08:00:00,26.5,31.0,85,0.4,0.2,9.1,236,1000.9,95,51,Light Drizzle
Ahmedabad,India,2026-08-21,09:00:00,27.2,32.1,84,0.3,0.2,8.8,251,1001.2,100,51,Light Drizzle
Ahmedabad,India,2026-08-21,10:00:00,28.4,33.1,78,0.2,0.1,9.2,271,1001.3,66,51,Light Drizzle
Ahmedabad,India,2026-08-21,11:00:00,30.0,34.7,67,0.3,0.2,11.2,266,1000.8,48,51,Light Drizzle
Ahmedabad,India,2026-08-21,12:00:00,30.4,35.6,65,0.4,0.2,11.7,267,1000.5,73,51,Light Drizzle
Ahmedabad,India,2026-08-21,13:00:00,30.7,35.2,64,0.5,0.4,11.4,264,999.7,80,53,Moderate Drizzle
Ahmedabad,India,2026-08-21,14:00:00,31.6,35.5,60,0.1,0.1,10.7,262,999.0,100,51,Light Drizzle
Ahmedabad,India,2026-08-21,15:00:00,31.7,35.1,58,0.0,0.0,11.3,271,998.3,99,3,Overcast
Ahmedabad,India,2026-08-21,16:00:00,31.7,35.2,59,0.0,0.0,11.7,270,997.6,58,2,Partly Cloudy
Ahmedabad,India,2026-08-21,17:00:00,30.3,35.4,65,0.0,0.0,2.2,194,997.9,99,3,Overcast
Ahmedabad,India,2026-08-21,18:00:00,29.8,34.7,68,0.0,0.0,5.1,144,998.1,69,2,Partly Cloudy
Ahmedabad,India,2026-08-21,19:00:00,29.3,34.2,72,0.0,0.0,6.2,144,998.7,49,1,Mainly Clear
Ahmedabad,India,2026-08-21,20:00:00,28.8,33.8,75,0.0,0.0,6.7,174,999.1,23,1,Mainly Clear
Ahmedabad,India,2026-08-21,21:00:00,28.4,33.5,78,0.0,0.0,7.4,186,999.8,57,2,Partly Cloudy
Ahmedabad,India,2026-08-21,22:00:00,28.0,32.8,79,0.0,0.0,8.6,202,1000.0,57,2,Partly Cloudy
Ahmedabad,India,2026-08-21,23:00:00,27.7,32.8,81,0.0,0.0,7.2,192,999.9,89,3,Overcast
Ahmedabad,India,2026-08-22,00:00:00,27.2,32.1,83,0.0,0.0,8.5,216,999.6,98,3,Overcast
Ahmedabad,India,2026-08-22,01:00:00,27.0,31.8,84,0.1,0.0,9.4,235,999.4,99,51,Light Drizzle
Ahmedabad,India,2026-08-22,02:00:00,26.9,31.9,85,0.0,0.0,7.6,232,998.9,97,3,Overcast
Ahmedabad,India,2026-08-22,03:00:00,26.7,31.9,87,0.2,0.1,7.2,233,998.6,98,51,Light Drizzle
Ahmedabad,India,2026-08-22,04:00:00,26.3,31.3,89,0.3,0.2,8.3,246,998.8,100,51,Light Drizzle
Ahmedabad,India,2026-08-22,05:00:00,26.4,32.0,90,0.1,0.1,5.6,245,998.8,100,51,Light Drizzle
Ahmedabad,India,2026-08-22,06:00:00,26.2,31.5,90,0.1,0.1,6.9,250,999.4,95,51,Light Drizzle
Ahmedabad,India,2026-08-22,07:00:00,26.8,31.6,84,0.1,0.1,7.7,252,1000.2,99,51,Light Drizzle
Ahmedabad,India,2026-08-22,08:00:00,27.6,32.1,79,0.1,0.1,8.5,246,1000.7,91,51,Light Drizzle
Ahmedabad,India,2026-08-22,09:00:00,28.7,32.8,72,0.1,0.1,10.1,260,1000.9,82,51,Light Drizzle
Ahmedabad,India,2026-08-22,10:00:00,30.1,34.2,66,0.1,0.1,9.6,256,1001.0,82,51,Light Drizzle
Ahmedabad,India,2026-08-22,11:00:00,31.1,35.4,60,0.0,0.0,10.3,259,1000.7,45,1,Mainly Clear
Ahmedabad,India,2026-08-22,12:00:00,32.4,37.3,54,0.0,0.0,10.4,256,999.9,55,2,Partly Cloudy
Ahmedabad,India,2026-08-22,13:00:00,33.1,37.6,51,0.0,0.0,11.2,258,998.8,86,3,Overcast
Ahmedabad,India,2026-08-22,14:00:00,33.2,37.5,52,0.0,0.0,10.9,264,998.0,69,2,Partly Cloudy
Ahmedabad,India,2026-08-22,15:00:00,32.8,36.3,55,0.0,0.0,11.2,270,997.3,100,3,Overcast
Ahmedabad,India,2026-08-22,16:00:00,32.6,36.6,57,0.0,0.0,9.4,267,996.8,74,2,Partly Cloudy
Ahmedabad,India,2026-08-22,17:00:00,32.0,36.3,59,0.0,0.0,7.6,267,997.0,98,3,Overcast
Ahmedabad,India,2026-08-22,18:00:00,32.0,36.4,58,0.0,0.0,5.7,252,997.2,46,1,Mainly Clear
Ahmedabad,India,2026-08-22,19:00:00,31.4,35.7,61,0.0,0.0,7.5,235,997.5,55,2,Partly Cloudy
Ahmedabad,India,2026-08-22,20:00:00,30.6,35.2,66,0.0,0.0,7.6,255,997.9,34,1,Mainly Clear
Ahmedabad,India,2026-08-22,21:00:00,29.9,35.0,70,0.0,0.0,5.9,227,998.6,18,0,Clear Sky
Ahmedabad,India,2026-08-22,22:00:00,28.8,34.1,76,0.0,0.0,6.6,209,999.1,70,2,Partly Cloudy
Ahmedabad,India,2026-08-22,23:00:00,28.5,34.3,81,0.0,0.0,5.2,200,999.3,100,3,Overcast
Ahmedabad,India,2026-08-23,00:00:00,28.3,34.0,80,0.0,0.0,5.1,287,998.8,95,3,Overcast
Ahmedabad,India,2026-08-23,01:00:00,28.1,33.0,78,0.1,0.0,6.9,275,998.6,96,51,Light Drizzle
Ahmedabad,India,2026-08-23,02:00:00,27.3,32.4,81,0.1,0.1,6.3,263,998.2,100,51,Light Drizzle
Ahmedabad,India,2026-08-23,03:00:00,27.1,32.4,83,0.1,0.1,5.5,257,998.1,95,51,Light Drizzle
Ahmedabad,India,2026-08-23,04:00:00,27.0,32.2,84,0.0,0.0,5.8,274,998.1,37,1,Mainly Clear
Ahmedabad,India,2026-08-23,05:00:00,27.4,33.1,84,0.0,0.0,4.2,258,998.2,100,3,Overcast
Ahmedabad,India,2026-08-23,06:00:00,27.1,32.7,86,0.2,0.1,4.8,245,998.8,100,51,Light Drizzle
Ahmedabad,India,2026-08-23,07:00:00,27.3,32.5,83,0.2,0.0,6.8,245,999.7,82,51,Light Drizzle
Ahmedabad,India,2026-08-23,08:00:00,27.9,32.8,79,0.1,0.1,8.1,246,1000.1,28,51,Light Drizzle
Ahmedabad,India,2026-08-23,09:00:00,29.6,34.0,69,0.0,0.0,8.3,250,1000.4,15,0,Clear Sky
Ahmedabad,India,2026-08-23,10:00:00,30.9,35.4,61,0.0,0.0,8.6,237,1000.5,70,2,Partly Cloudy
Ahmedabad,India,2026-08-23,11:00:00,31.8,35.8,56,0.1,0.1,11.5,220,1000.1,28,51,Light Drizzle
Ahmedabad,India,2026-08-23,12:00:00,32.8,37.0,50,0.0,0.0,12.6,222,999.9,79,2,Partly Cloudy
Ahmedabad,India,2026-08-23,13:00:00,33.3,37.1,49,0.0,0.0,12.0,233,999.3,83,3,Overcast
Ahmedabad,India,2026-08-23,14:00:00,33.2,36.0,49,0.0,0.0,11.3,241,998.5,100,3,Overcast
Ahmedabad,India,2026-08-23,15:00:00,33.1,36.1,50,0.0,0.0,10.2,244,998.2,56,2,Partly Cloudy
Ahmedabad,India,2026-08-23,16:00:00,32.8,36.1,52,0.0,0.0,9.8,253,997.6,100,3,Overcast
Ahmedabad,India,2026-08-23,17:00:00,32.0,35.8,56,0.0,0.0,7.7,259,997.9,100,3,Overcast
Ahmedabad,India,2026-08-23,18:00:00,31.7,35.9,57,0.0,0.0,5.6,239,998.1,73,2,Partly Cloudy
Ahmedabad,India,2026-08-23,19:00:00,30.7,35.3,65,0.0,0.0,7.5,191,998.5,48,1,Mainly Clear
Ahmedabad,India,2026-08-23,20:00:00,29.4,34.6,76,0.0,0.0,8.5,187,999.4,61,2,Partly Cloudy
Ahmedabad,India,2026-08-23,21:00:00,29.0,34.7,79,0.0,0.0,6.4,196,1000.1,63,2,Partly Cloudy
Ahmedabad,India,2026-08-23,22:00:00,28.8,34.8,81,0.0,0.0,5.9,203,1000.5,97,3,Overcast
Ahmedabad,India,2026-08-23,23:00:00,28.7,34.9,82,0.0,0.0,4.5,241,1000.2,53,2,Partly Cloudy
Ahmedabad,India,2026-08-24,00:00:00,28.1,33.8,85,0.2,0.1,7.7,269,999.8,100,51,Light Drizzle
Ahmedabad,India,2026-08-24,01:00:00,27.9,33.3,83,0.2,0.1,8.3,292,999.6,100,51,Light Drizzle
Ahmedabad,India,2026-08-24,02:00:00,27.5,32.4,82,0.1,0.0,9.0,296,999.4,84,51,Light Drizzle
Ahmedabad,India,2026-08-24,03:00:00,27.3,32.1,82,0.1,0.0,8.0,286,999.1,31,51,Light Drizzle
Ahmedabad,India,2026-08-24,04:00:00,26.9,31.7,82,0.0,0.0,7.5,278,999.2,9,0,Clear Sky
Ahmedabad,India,2026-08-24,05:00:00,27.4,32.0,80,0.0,0.0,8.6,278,999.4,19,0,Clear Sky
Ahmedabad,India,2026-08-24,06:00:00,27.3,32.0,80,0.0,0.0,6.5,264,999.9,100,3,Overcast
Ahmedabad,India,2026-08-24,07:00:00,27.7,32.8,79,0.0,0.0,5.0,251,1000.2,100,3,Overcast
Ahmedabad,India,2026-08-24,08:00:00,28.1,32.9,76,0.1,0.1,6.9,255,1000.5,39,51,Light Drizzle
Ahmedabad,India,2026-08-24,09:00:00,29.6,34.1,68,0.1,0.1,6.9,265,1000.9,41,51,Light Drizzle
Ahmedabad,India,2026-08-24,10:00:00,31.2,35.6,60,0.1,0.1,6.9,261,1000.9,55,51,Light Drizzle
Ahmedabad,India,2026-08-24,11:00:00,32.2,36.6,54,0.0,0.0,7.6,266,1001.0,63,2,Partly Cloudy
Ahmedabad,India,2026-08-24,12:00:00,33.2,37.7,49,0.0,0.0,7.0,257,1000.4,73,2,Partly Cloudy
Ahmedabad,India,2026-08-24,13:00:00,34.1,39.1,46,0.0,0.0,6.9,240,999.3,91,3,Overcast
Ahmedabad,India,2026-08-24,14:00:00,33.8,37.3,47,0.0,0.0,7.8,236,998.6,90,3,Overcast
Ahmedabad,India,2026-08-24,15:00:00,33.7,36.9,47,0.0,0.0,7.7,237,998.0,93,3,Overcast
Ahmedabad,India,2026-08-24,16:00:00,33.8,37.0,47,0.0,0.0,7.8,247,997.7,91,3,Overcast
Ahmedabad,India,2026-08-24,17:00:00,33.1,36.1,49,0.0,0.0,8.5,234,997.6,27,1,Mainly Clear
Ahmedabad,India,2026-08-24,18:00:00,32.3,35.6,52,0.0,0.0,7.3,222,997.9,27,1,Mainly Clear
Ahmedabad,India,2026-08-24,19:00:00,31.4,35.1,57,0.0,0.0,8.1,235,998.5,90,3,Overcast
Ahmedabad,India,2026-08-24,20:00:00,30.5,34.9,65,0.0,0.0,7.3,253,999.6,51,2,Partly Cloudy
Ahmedabad,India,2026-08-24,21:00:00,30.0,34.7,68,0.0,0.0,6.6,254,1000.2,35,1,Mainly Clear
Ahmedabad,India,2026-08-24,22:00:00,29.4,34.4,71,0.0,0.0,5.5,224,1000.7,24,1,Mainly Clear
Ahmedabad,India,2026-08-24,23:00:00,28.8,33.8,76,0.0,0.0,6.9,210,1000.7,45,1,Mainly Clear
Ahmedabad,India,2026-08-25,00:00:00,28.4,33.7,78,0.1,0.0,6.5,242,1000.2,100,51,Light Drizzle
Ahmedabad,India,2026-08-25,01:00:00,28.1,32.8,78,0.1,0.0,8.8,253,999.8,79,51,Light Drizzle
Ahmedabad,India,2026-08-25,02:00:00,27.7,32.4,80,0.1,0.1,9.1,263,999.2,61,51,Light Drizzle
Ahmedabad,India,2026-08-25,03:00:00,27.2,31.9,82,0.0,0.0,8.7,264,999.0,58,2,Partly Cloudy
Ahmedabad,India,2026-08-25,04:00:00,26.8,31.5,84,0.0,0.0,8.8,270,999.0,13,0,Clear Sky
Ahmedabad,India,2026-08-25,05:00:00,27.2,31.8,82,0.0,0.0,9.3,280,998.9,8,0,Clear Sky
Ahmedabad,India,2026-08-25,06:00:00,27.0,31.8,84,0.0,0.0,8.3,283,999.8,13,0,Clear Sky
Ahmedabad,India,2026-08-25,07:00:00,27.5,32.3,82,0.0,0.0,8.6,280,1000.2,8,0,Clear Sky
Ahmedabad,India,2026-08-25,08:00:00,28.6,33.0,75,0.1,0.1,10.8,291,1000.6,24,51,Light Drizzle
Ahmedabad,India,2026-08-25,09:00:00,29.8,33.9,68,0.3,0.2,10.5,295,1000.8,34,51,Light Drizzle
Ahmedabad,India,2026-08-25,10:00:00,30.9,34.9,62,0.2,0.2,10.9,290,1000.8,47,51,Light Drizzle
Ahmedabad,India,2026-08-25,11:00:00,32.0,36.1,57,0.3,0.2,10.0,278,1000.9,63,51,Light Drizzle
Ahmedabad,India,2026-08-25,12:00:00,32.6,37.0,54,0.2,0.2,9.9,279,1000.7,88,51,Light Drizzle
Ahmedabad,India,2026-08-25,13:00:00,33.1,37.4,52,0.2,0.2,9.7,270,1000.0,85,51,Light Drizzle
Ahmedabad,India,2026-08-25,14:00:00,33.2,36.8,52,0.1,0.1,9.4,262,999.0,85,51,Light Drizzle
Ahmedabad,India,2026-08-25,15:00:00,34.1,37.7,49,0.0,0.0,10.4,260,998.4,64,2,Partly Cloudy
Ahmedabad,India,2026-08-25,16:00:00,34.1,37.1,48,0.0,0.0,10.7,258,997.9,78,2,Partly Cloudy
Ahmedabad,India,2026-08-25,17:00:00,33.4,37.1,52,0.0,0.0,9.2,253,998.3,91,3,Overcast
Ahmedabad,India,2026-08-25,18:00:00,32.5,36.3,55,0.0,0.0,9.2,235,998.2,98,3,Overcast
Ahmedabad,India,2026-08-25,19:00:00,31.3,35.2,62,0.0,0.0,11.2,246,999.0,98,3,Overcast
Ahmedabad,India,2026-08-25,20:00:00,30.6,35.1,67,0.0,0.0,9.1,253,999.9,100,3,Overcast
Ahmedabad,India,2026-08-25,21:00:00,30.3,35.1,68,0.0,0.0,7.9,249,1000.5,100,3,Overcast
Ahmedabad,India,2026-08-25,22:00:00,29.8,34.8,71,0.0,0.0,6.7,224,1000.6,100,3,Overcast
Ahmedabad,India,2026-08-25,23:00:00,29.6,34.8,73,0.0,0.0,6.2,226,1000.3,100,3,Overcast
Ahmedabad,India,2026-08-26,00:00:00,29.7,33.9,70,0.0,0.0,10.3,269,1000.5,100,3,Overcast
Ahmedabad,India,2026-08-26,01:00:00,28.9,32.3,69,0.0,0.0,12.6,268,1000.6,100,3,Overcast
Ahmedabad,India,2026-08-26,02:00:00,28.1,31.6,74,0.0,0.0,13.2,265,1000.3,75,2,Partly Cloudy
Ahmedabad,India,2026-08-26,03:00:00,27.5,31.5,79,0.0,0.0,12.4,270,1000.2,100,3,Overcast
Ahmedabad,India,2026-08-26,04:00:00,27.2,31.2,80,0.0,0.0,11.4,273,1000.2,100,3,Overcast
Ahmedabad,India,2026-08-26,05:00:00,27.7,31.6,77,0.0,0.0,12.1,271,1000.1,79,2,Partly Cloudy
Ahmedabad,India,2026-08-26,06:00:00,27.2,31.0,78,0.0,0.0,11.7,275,1000.7,46,1,Mainly Clear
Ahmedabad,India,2026-08-26,07:00:00,27.5,31.2,77,0.0,0.0,12.6,279,1001.4,76,2,Partly Cloudy
Ahmedabad,India,2026-08-26,08:00:00,28.6,32.0,72,0.0,0.0,13.8,284,1001.7,94,3,Overcast
Ahmedabad,India,2026-08-26,09:00:00,29.8,33.2,65,0.0,0.0,12.2,286,1002.0,52,2,Partly Cloudy
Ahmedabad,India,2026-08-26,10:00:00,31.3,34.8,58,0.0,0.0,11.0,281,1001.9,53,2,Partly Cloudy
Ahmedabad,India,2026-08-26,11:00:00,32.1,36.0,55,0.1,0.1,10.7,264,1001.7,57,51,Light Drizzle
Ahmedabad,India,2026-08-26,12:00:00,32.6,37.2,53,0.1,0.1,10.1,264,1001.4,44,51,Light Drizzle
Ahmedabad,India,2026-08-26,13:00:00,33.4,38.5,50,0.1,0.1,9.6,266,1000.5,60,51,Light Drizzle
Ahmedabad,India,2026-08-26,14:00:00,33.8,38.8,49,0.1,0.1,9.4,267,999.8,57,51,Light Drizzle
Ahmedabad,India,2026-08-26,15:00:00,33.2,36.7,51,0.1,0.1,12.0,258,999.1,56,51,Light Drizzle
Ahmedabad,India,2026-08-26,16:00:00,32.9,36.2,53,0.0,0.0,10.7,254,998.3,86,3,Overcast
Ahmedabad,India,2026-08-26,17:00:00,32.6,36.1,54,0.0,0.0,10.6,249,998.4,98,3,Overcast
Ahmedabad,India,2026-08-26,18:00:00,32.1,35.8,55,0.0,0.0,7.8,263,998.8,99,3,Overcast
Ahmedabad,India,2026-08-26,19:00:00,31.8,36.0,57,0.0,0.0,4.9,260,999.0,98,3,Overcast
Ahmedabad,India,2026-08-26,20:00:00,31.4,35.8,59,0.0,0.0,4.4,199,999.3,99,3,Overcast
Ahmedabad,India,2026-08-26,21:00:00,30.2,34.7,67,0.0,0.0,8.3,176,1000.4,97,3,Overcast
Ahmedabad,India,2026-08-26,22:00:00,29.0,34.0,75,0.0,0.0,8.3,193,1000.8,99,3,Overcast
Ahmedabad,India,2026-08-26,23:00:00,29.0,34.3,76,0.0,0.0,7.1,199,1000.8,98,3,Overcast
Ahmedabad,India,2026-08-27,00:00:00,28.5,33.8,79,0.0,0.0,7.3,234,1000.5,99,3,Overcast
Ahmedabad,India,2026-08-27,01:00:00,28.2,32.7,77,0.1,0.1,9.9,269,1000.2,99,51,Light Drizzle
Ahmedabad,India,2026-08-27,02:00:00,27.8,31.9,77,0.0,0.0,11.0,268,1000.0,90,3,Overcast
Ahmedabad,India,2026-08-27,03:00:00,27.3,31.5,80,0.0,0.0,10.3,267,999.7,98,3,Overcast
Ahmedabad,India,2026-08-27,04:00:00,27.1,31.5,81,0.0,0.0,9.0,264,1000.0,99,3,Overcast
Ahmedabad,India,2026-08-27,05:00:00,27.2,31.3,78,0.0,0.0,9.1,260,1000.1,100,3,Overcast
Ahmedabad,India,2026-08-27,06:00:00,26.8,30.7,78,0.0,0.0,9.3,255,1000.4,93,3,Overcast
Ahmedabad,India,2026-08-27,07:00:00,27.1,31.0,76,0.0,0.0,8.7,248,1001.0,96,3,Overcast
Ahmedabad,India,2026-08-27,08:00:00,28.1,31.6,72,0.0,0.0,11.8,258,1001.4,98,3,Overcast
Ahmedabad,India,2026-08-27,09:00:00,29.3,32.5,65,0.1,0.0,11.5,262,1001.7,99,51,Light Drizzle
Ahmedabad,India,2026-08-27,10:00:00,30.3,33.5,60,0.1,0.1,11.1,256,1001.7,98,51,Light Drizzle
Ahmedabad,India,2026-08-27,11:00:00,31.6,34.6,55,0.0,0.0,12.2,253,1001.3,100,3,Overcast
Ahmedabad,India,2026-08-27,12:00:00,31.9,34.9,54,0.0,0.0,12.2,253,1000.7,100,3,Overcast
Ahmedabad,India,2026-08-27,13:00:00,32.4,35.3,53,0.0,0.0,12.2,253,999.9,100,3,Overcast
Ahmedabad,India,2026-08-27,14:00:00,33.1,35.9,50,0.0,0.0,11.4,247,999.1,100,3,Overcast
Ahmedabad,India,2026-08-27,15:00:00,32.6,35.2,51,0.0,0.0,11.4,246,998.6,98,3,Overcast
Ahmedabad,India,2026-08-27,16:00:00,32.9,35.6,50,0.0,0.0,11.4,252,998.2,97,3,Overcast
Ahmedabad,India,2026-08-27,17:00:00,32.8,35.7,50,0.0,0.0,9.5,237,998.2,98,3,Overcast
Ahmedabad,India,2026-08-27,18:00:00,32.2,35.4,52,0.0,0.0,7.7,213,998.3,100,3,Overcast
Ahmedabad,India,2026-08-27,19:00:00,31.4,35.1,56,0.0,0.0,7.1,195,998.5,99,3,Overcast
Ahmedabad,India,2026-08-27,20:00:00,30.7,34.7,61,0.0,0.0,7.1,196,998.8,99,3,Overcast
Ahmedabad,India,2026-08-27,21:00:00,30.1,34.1,64,0.0,0.0,8.0,194,999.6,100,3,Overcast
Ahmedabad,India,2026-08-27,22:00:00,29.2,34.0,71,0.0,0.0,6.4,198,1000.2,98,3,Overcast
Ahmedabad,India,2026-08-27,23:00:00,29.0,34.2,75,0.0,0.0,5.6,225,1000.3,97,3,Overcast
Ahmedabad,India,2026-08-28,00:00:00,28.8,32.9,71,0.0,0.0,9.0,265,999.9,100,3,Overcast
Ahmedabad,India,2026-08-28,01:00:00,28.1,31.6,72,0.0,0.0,11.0,267,1000.1,92,3,Overcast
Ahmedabad,India,2026-08-28,02:00:00,27.4,31.2,75,0.0,0.0,9.2,269,999.6,79,2,Partly Cloudy
Ahmedabad,India,2026-08-28,03:00:00,27.0,31.1,77,0.0,0.0,7.4,266,999.5,79,2,Partly Cloudy
Ahmedabad,India,2026-08-28,04:00:00,26.6,30.7,78,0.0,0.0,7.5,253,999.3,79,2,Partly Cloudy
Ahmedabad,India,2026-08-28,05:00:00,26.9,31.1,78,0.0,0.0,7.5,233,999.4,34,1,Mainly Clear
Ahmedabad,India,2026-08-28,06:00:00,26.6,30.5,78,0.0,0.0,8.6,240,1000.0,24,1,Mainly Clear
Ahmedabad,India,2026-08-28,07:00:00,27.1,31.1,76,0.0,0.0,8.4,245,1000.7,21,1,Mainly Clear
Ahmedabad,India,2026-08-28,08:00:00,28.1,31.5,71,0.0,0.0,11.7,261,1000.9,61,2,Partly Cloudy
Ahmedabad,India,2026-08-28,09:00:00,29.1,32.5,66,0.2,0.0,10.9,257,1001.0,78,51,Light Drizzle
Ahmedabad,India,2026-08-28,10:00:00,30.5,33.7,60,0.0,0.0,11.0,259,1001.0,68,2,Partly Cloudy
Ahmedabad,India,2026-08-28,11:00:00,31.9,35.1,53,0.0,0.0,12.9,252,1000.6,94,3,Overcast
Ahmedabad,India,2026-08-28,12:00:00,32.6,36.0,51,0.0,0.0,12.1,247,1000.3,100,3,Overcast
Ahmedabad,India,2026-08-28,13:00:00,32.5,35.2,51,0.0,0.0,11.6,249,999.5,91,3,Overcast
Ahmedabad,India,2026-08-28,14:00:00,33.7,36.2,47,0.0,0.0,12.1,250,998.7,99,3,Overcast
Ahmedabad,India,2026-08-28,15:00:00,33.9,36.3,46,0.0,0.0,12.3,249,998.0,100,3,Overcast
Ahmedabad,India,2026-08-28,16:00:00,33.4,35.8,48,0.0,0.0,12.4,249,997.5,100,3,Overcast
Ahmedabad,India,2026-08-28,17:00:00,33.2,35.8,48,0.0,0.0,10.6,227,997.9,79,2,Partly Cloudy
Ahmedabad,India,2026-08-28,18:00:00,32.8,35.6,49,0.0,0.0,8.9,212,998.1,95,3,Overcast
Ahmedabad,India,2026-08-28,19:00:00,31.9,35.4,54,0.0,0.0,6.7,189,998.3,84,3,Overcast
Ahmedabad,India,2026-08-28,20:00:00,31.2,34.9,58,0.0,0.0,7.1,225,998.8,87,3,Overcast
Ahmedabad,India,2026-08-28,21:00:00,30.4,34.6,62,0.0,0.0,6.8,220,999.9,92,3,Overcast
Ahmedabad,India,2026-08-28,22:00:00,29.7,33.8,66,0.0,0.0,7.6,225,1000.4,99,3,Overcast
Ahmedabad,India,2026-08-28,23:00:00,29.2,32.6,67,0.0,0.0,11.6,252,1000.2,100,3,Overcast
Ahmedabad,India,2026-08-29,00:00:00,28.2,31.3,71,0.0,0.0,13.3,262,999.9,94,3,Overcast
Ahmedabad,India,2026-08-29,01:00:00,27.6,31.0,75,0.0,0.0,12.7,263,999.9,97,3,Overcast
Ahmedabad,India,2026-08-29,02:00:00,27.2,31.1,77,0.0,0.0,10.4,260,999.5,71,2,Partly Cloudy
Ahmedabad,India,2026-08-29,03:00:00,26.8,30.7,79,0.0,0.0,9.7,258,999.2,20,1,Mainly Clear
Ahmedabad,India,2026-08-29,04:00:00,26.4,30.0,78,0.0,0.0,9.5,256,999.4,4,0,Clear Sky
Ahmedabad,India,2026-08-29,05:00:00,26.7,30.5,77,0.0,0.0,8.5,246,999.5,98,3,Overcast
Ahmedabad,India,2026-08-29,06:00:00,26.5,30.2,77,0.0,0.0,8.9,243,1000.1,48,1,Mainly Clear
Ahmedabad,India,2026-08-29,07:00:00,26.9,30.6,76,0.0,0.0,8.6,241,1000.3,74,2,Partly Cloudy
Ahmedabad,India,2026-08-29,08:00:00,28.0,31.8,71,0.0,0.0,9.0,244,1000.7,84,3,Overcast
Ahmedabad,India,2026-08-29,09:00:00,29.2,31.9,65,0.0,0.0,14.1,253,1001.1,88,3,Overcast
Ahmedabad,India,2026-08-29,10:00:00,29.8,32.7,63,0.0,0.0,13.9,251,1001.3,85,3,Overcast
Ahmedabad,India,2026-08-29,11:00:00,31.8,34.1,55,0.0,0.0,15.7,254,1001.2,87,3,Overcast
Ahmedabad,India,2026-08-29,12:00:00,32.9,35.7,49,0.0,0.0,14.4,254,1000.8,93,3,Overcast
Ahmedabad,India,2026-08-29,13:00:00,34.0,36.8,45,0.0,0.0,15.0,256,1000.0,100,3,Overcast
Ahmedabad,India,2026-08-29,14:00:00,33.8,35.8,46,0.0,0.0,14.6,256,999.1,90,3,Overcast
Ahmedabad,India,2026-08-29,15:00:00,33.6,35.4,46,0.0,0.0,15.1,253,998.4,98,3,Overcast
Ahmedabad,India,2026-08-29,16:00:00,33.4,35.4,46,0.0,0.0,13.4,255,997.7,78,2,Partly Cloudy
Ahmedabad,India,2026-08-29,17:00:00,32.7,35.1,51,0.0,0.0,13.7,248,998.2,58,2,Partly Cloudy
Ahmedabad,India,2026-08-29,18:00:00,32.3,35.1,52,0.0,0.0,11.8,261,998.2,19,0,Clear Sky
Ahmedabad,India,2026-08-29,19:00:00,31.4,34.3,57,0.0,0.0,12.4,268,998.6,11,0,Clear Sky
Ahmedabad,India,2026-08-29,20:00:00,30.6,33.4,59,0.0,0.0,12.6,266,999.1,13,0,Clear Sky
Ahmedabad,India,2026-08-29,21:00:00,29.4,31.5,60,0.0,0.0,15.0,267,1000.1,4,0,Clear Sky
Ahmedabad,India,2026-08-29,22:00:00,28.6,30.8,63,0.0,0.0,13.9,264,1000.2,1,0,Clear Sky
Ahmedabad,India,2026-08-29,23:00:00,28.4,31.2,66,0.0,0.0,12.5,264,1000.1,41,1,Mainly Clear
Ahmedabad,India,2026-08-30,00:00:00,27.8,31.0,71,0.0,0.0,11.0,265,999.9,79,2,Partly Cloudy
Ahmedabad,India,2026-08-30,01:00:00,27.5,30.9,74,0.0,0.0,11.7,260,999.6,85,3,Overcast
Ahmedabad,India,2026-08-30,02:00:00,27.0,30.7,77,0.0,0.0,10.9,248,999.2,83,3,Overcast
Ahmedabad,India,2026-08-30,03:00:00,26.6,29.8,77,0.0,0.0,12.0,246,999.2,76,2,Partly Cloudy
Ahmedabad,India,2026-08-30,04:00:00,26.2,29.4,77,0.0,0.0,11.4,245,999.1,70,2,Partly Cloudy
Ahmedabad,India,2026-08-30,05:00:00,27.0,30.3,74,0.0,0.0,10.5,237,999.3,100,3,Overcast
Ahmedabad,India,2026-08-30,06:00:00,26.9,30.4,76,0.0,0.0,10.9,234,999.8,26,1,Mainly Clear
Ahmedabad,India,2026-08-30,07:00:00,27.2,30.8,77,0.0,0.0,11.7,232,1000.3,100,3,Overcast
Ahmedabad,India,2026-08-30,08:00:00,28.3,31.3,72,0.0,0.0,15.8,241,1000.9,40,1,Mainly Clear
Ahmedabad,India,2026-08-30,09:00:00,29.5,32.3,66,0.0,0.0,15.9,242,1001.2,73,2,Partly Cloudy
Ahmedabad,India,2026-08-30,10:00:00,30.9,33.8,59,0.0,0.0,16.8,246,1001.2,69,2,Partly Cloudy
Ahmedabad,India,2026-08-30,11:00:00,32.1,34.9,53,0.0,0.0,17.4,244,1001.3,65,2,Partly Cloudy
Ahmedabad,India,2026-08-30,12:00:00,33.2,36.0,49,0.0,0.0,16.1,245,1001.1,63,2,Partly Cloudy
Ahmedabad,India,2026-08-30,13:00:00,33.7,35.9,46,0.0,0.0,16.0,249,1000.6,84,3,Overcast
Ahmedabad,India,2026-08-30,14:00:00,33.9,36.0,46,0.0,0.0,14.7,248,999.8,27,1,Mainly Clear
Ahmedabad,India,2026-08-30,15:00:00,34.6,36.6,42,0.0,0.0,13.5,260,999.1,27,1,Mainly Clear
Ahmedabad,India,2026-08-30,16:00:00,35.2,36.5,39,0.0,0.0,15.2,263,998.4,55,2,Partly Cloudy
Ahmedabad,India,2026-08-30,17:00:00,32.8,35.4,51,0.0,0.0,13.9,246,999.1,33,1,Mainly Clear
Ahmedabad,India,2026-08-30,18:00:00,32.5,35.5,53,0.0,0.0,10.7,241,999.1,37,1,Mainly Clear
Ahmedabad,India,2026-08-30,19:00:00,31.6,34.7,57,0.0,0.0,12.8,271,999.5,20,1,Mainly Clear
Ahmedabad,India,2026-08-30,20:00:00,30.3,33.7,63,0.0,0.0,12.3,267,1000.1,28,1,Mainly Clear
Ahmedabad,India,2026-08-30,21:00:00,29.6,33.4,67,0.0,0.0,10.5,267,1000.8,10,0,Clear Sky
Ahmedabad,India,2026-08-30,22:00:00,29.1,33.0,69,0.0,0.0,9.7,260,1001.0,15,0,Clear Sky
Ahmedabad,India,2026-08-30,23:00:00,28.9,32.5,70,0.0,0.0,11.8,261,1000.8,86,3,Overcast
Ahmedabad,India,2026-08-31,00:00:00,28.2,31.6,72,0.0,0.0,12.8,259,1000.5,95,3,Overcast
Ahmedabad,India,2026-08-31,01:00:00,27.7,31.3,75,0.0,0.0,11.6,251,1000.4,82,3,Overcast
Ahmedabad,India,2026-08-31,02:00:00,27.2,30.6,76,0.0,0.0,12.1,247,1000.2,98,3,Overcast
Ahmedabad,India,2026-08-31,03:00:00,26.7,30.0,76,0.0,0.0,11.2,251,1000.3,90,3,Overcast
Ahmedabad,India,2026-08-31,04:00:00,26.3,29.7,77,0.0,0.0,10.5,245,1000.7,98,3,Overcast
Ahmedabad,India,2026-08-31,05:00:00,26.6,30.1,78,0.0,0.0,10.8,238,1000.5,99,3,Overcast
Ahmedabad,India,2026-08-31,06:00:00,26.5,30.2,79,0.0,0.0,10.4,238,1000.9,100,3,Overcast
Ahmedabad,India,2026-08-31,07:00:00,26.9,30.8,78,0.0,0.0,9.7,231,1001.1,100,3,Overcast
Ahmedabad,India,2026-08-31,08:00:00,27.8,31.0,74,0.0,0.0,14.3,242,1001.5,100,3,Overcast
Ahmedabad,India,2026-08-31,09:00:00,28.8,31.5,68,0.0,0.0,16.3,247,1001.7,99,3,Overcast
Ahmedabad,India,2026-08-31,10:00:00,29.7,32.4,63,0.2,0.1,15.2,244,1001.7,98,51,Light Drizzle
Ahmedabad,India,2026-08-31,11:00:00,31.6,34.3,55,0.1,0.0,15.9,247,1001.5,99,51,Light Drizzle
Ahmedabad,India,2026-08-31,12:00:00,32.5,35.9,51,0.1,0.1,15.6,246,1001.3,98,51,Light Drizzle
Ahmedabad,India,2026-08-31,13:00:00,32.5,34.9,52,0.0,0.0,15.3,248,1000.3,91,3,Overcast
Ahmedabad,India,2026-08-31,14:00:00,33.5,35.9,48,0.0,0.0,13.8,244,999.5,59,2,Partly Cloudy
Ahmedabad,India,2026-08-31,15:00:00,34.2,36.5,44,0.0,0.0,15.1,252,998.7,75,2,Partly Cloudy
Ahmedabad,India,2026-08-31,16:00:00,33.9,35.5,44,0.0,0.0,15.1,253,997.8,98,3,Overcast
Ahmedabad,India,2026-08-31,17:00:00,33.3,35.8,48,0.0,0.0,11.6,244,998.1,36,1,Mainly Clear
Ahmedabad,India,2026-08-31,18:00:00,32.9,35.3,48,0.0,0.0,11.7,250,998.2,95,3,Overcast
Ahmedabad,India,2026-08-31,19:00:00,32.2,35.2,52,0.0,0.0,10.4,252,998.6,50,2,Partly Cloudy
Ahmedabad,India,2026-08-31,20:00:00,30.8,34.2,61,0.0,0.0,11.5,260,999.2,59,2,Partly Cloudy
Ahmedabad,India,2026-08-31,21:00:00,30.0,33.9,65,0.0,0.0,9.5,259,1000.1,89,3,Overcast
Ahmedabad,India,2026-08-31,22:00:00,29.4,33.5,68,0.0,0.0,8.6,258,1000.5,100,3,Overcast
Ahmedabad,India,2026-08-31,23:00:00,29.4,32.9,67,0.0,0.0,12.3,263,1000.1,99,3,Overcast
Ahmedabad,India,2026-09-01,00:00:00,28.8,32.3,70,0.0,0.0,12.0,262,1000.1,91,3,Overcast
Ahmedabad,India,2026-09-01,01:00:00,28.0,31.9,74,0.0,0.0,10.1,259,999.9,61,2,Partly Cloudy
Ahmedabad,India,2026-09-01,02:00:00,27.6,31.9,76,0.0,0.0,7.9,246,999.8,88,3,Overcast
Ahmedabad,India,2026-09-01,03:00:00,27.1,31.0,77,0.0,0.0,9.1,243,999.7,36,1,Mainly Clear
Ahmedabad,India,2026-09-01,04:00:00,26.6,30.2,78,0.0,0.0,10.1,248,999.6,41,1,Mainly Clear
Ahmedabad,India,2026-09-01,05:00:00,26.8,30.8,78,0.0,0.0,8.5,245,999.6,85,3,Overcast
Ahmedabad,India,2026-09-01,06:00:00,26.3,30.4,81,0.0,0.0,8.5,235,1000.1,94,3,Overcast
Ahmedabad,India,2026-09-01,07:00:00,26.9,31.0,79,0.0,0.0,8.4,239,1000.8,98,3,Overcast
Ahmedabad,India,2026-09-01,08:00:00,28.2,31.6,72,0.0,0.0,12.9,252,1001.4,100,3,Overcast
Ahmedabad,India,2026-09-01,09:00:00,29.4,32.4,65,0.1,0.0,13.4,253,1001.7,95,51,Light Drizzle
Ahmedabad,India,2026-09-01,10:00:00,30.8,33.8,59,0.1,0.1,13.4,250,1001.8,88,51,Light Drizzle
Ahmedabad,India,2026-09-01,11:00:00,31.6,35.2,55,0.0,0.0,14.0,254,1001.7,69,2,Partly Cloudy
Ahmedabad,India,2026-09-01,12:00:00,32.3,35.6,53,0.1,0.1,12.9,250,1001.4,59,51,Light Drizzle
Ahmedabad,India,2026-09-01,13:00:00,33.5,36.7,48,0.0,0.0,12.5,247,1000.6,44,1,Mainly Clear
Ahmedabad,India,2026-09-01,14:00:00,34.4,37.4,44,0.0,0.0,12.9,245,999.7,81,3,Overcast
Ahmedabad,India,2026-09-01,15:00:00,34.2,36.3,44,0.0,0.0,12.8,244,999.1,34,1,Mainly Clear
Ahmedabad,India,2026-09-01,16:00:00,34.1,36.2,43,0.0,0.0,11.6,252,998.7,66,2,Partly Cloudy
Ahmedabad,India,2026-09-01,17:00:00,33.9,36.1,44,0.0,0.0,11.0,251,998.8,30,1,Mainly Clear
Ahmedabad,India,2026-09-01,18:00:00,33.3,35.8,46,0.0,0.0,8.8,244,999.3,7,0,Clear Sky
Ahmedabad,India,2026-09-01,19:00:00,32.8,35.8,49,0.0,0.0,7.6,214,1000.1,58,2,Partly Cloudy
Ahmedabad,India,2026-09-01,20:00:00,31.9,35.2,55,0.0,0.0,9.4,230,1000.6,41,1,Mainly Clear
Ahmedabad,India,2026-09-01,21:00:00,31.1,34.9,59,0.0,0.0,7.7,254,1001.5,70,2,Partly Cloudy
Ahmedabad,India,2026-09-01,22:00:00,30.3,34.6,63,0.0,0.0,5.7,242,1001.8,75,2,Partly Cloudy
Ahmedabad,India,2026-09-01,23:00:00,30.2,34.5,64,0.0,0.0,6.4,254,1001.2,85,3,Overcast
Ahmedabad,India,2026-09-02,00:00:00,29.3,33.6,68,0.0,0.0,7.4,276,1000.9,86,3,Overcast
Ahmedabad,India,2026-09-02,01:00:00,28.6,32.9,71,0.0,0.0,7.0,269,1001.1,70,2,Partly Cloudy
Ahmedabad,India,2026-09-02,02:00:00,27.9,32.2,75,0.0,0.0,7.3,261,1000.8,71,2,Partly Cloudy
Ahmedabad,India,2026-09-02,03:00:00,27.3,31.8,78,0.0,0.0,7.0,249,1000.8,45,1,Mainly Clear
Ahmedabad,India,2026-09-02,04:00:00,26.8,31.3,81,0.0,0.0,7.3,234,1001.0,49,1,Mainly Clear
Ahmedabad,India,2026-09-02,05:00:00,27.1,31.6,79,0.0,0.0,7.2,238,1000.9,96,3,Overcast
Ahmedabad,India,2026-09-02,06:00:00,26.9,30.9,76,0.0,0.0,7.3,242,1001.4,98,3,Overcast
Ahmedabad,India,2026-09-02,07:00:00,27.5,31.6,73,0.0,0.0,5.3,242,1002.0,99,3,Overcast
Ahmedabad,India,2026-09-02,08:00:00,28.6,32.5,68,0.0,0.0,7.5,246,1002.5,85,3,Overcast
Ahmedabad,India,2026-09-02,09:00:00,30.1,33.5,61,0.0,0.0,9.6,254,1003.1,97,3,Overcast
Ahmedabad,India,2026-09-02,10:00:00,31.4,34.6,55,0.0,0.0,11.8,258,1003.3,99,3,Overcast
Ahmedabad,India,2026-09-02,11:00:00,32.5,35.3,49,0.0,0.0,12.7,258,1002.7,95,3,Overcast
Ahmedabad,India,2026-09-02,12:00:00,33.8,37.1,45,0.0,0.0,13.7,260,1002.2,90,3,Overcast
Ahmedabad,India,2026-09-02,13:00:00,34.4,37.5,42,0.0,0.0,13.8,263,1001.5,71,2,Partly Cloudy
Ahmedabad,India,2026-09-02,14:00:00,34.8,37.4,40,0.0,0.0,13.9,264,1000.5,45,1,Mainly Clear
Ahmedabad,India,2026-09-02,15:00:00,34.9,36.6,39,0.0,0.0,14.2,266,999.7,35,1,Mainly Clear
Ahmedabad,India,2026-09-02,16:00:00,34.7,35.9,39,0.0,0.0,13.3,270,999.1,5,0,Clear Sky
Ahmedabad,India,2026-09-02,17:00:00,34.4,35.8,41,0.0,0.0,13.5,257,999.3,85,3,Overcast
Ahmedabad,India,2026-09-02,18:00:00,33.9,35.6,42,0.0,0.0,11.7,259,999.4,80,3,Overcast
Ahmedabad,India,2026-09-02,19:00:00,33.0,36.0,47,0.0,0.0,5.6,274,1000.0,100,3,Overcast
Ahmedabad,India,2026-09-02,20:00:00,32.3,36.3,52,0.0,0.0,3.1,239,1000.6,62,2,Partly Cloudy
Ahmedabad,India,2026-09-02,21:00:00,31.4,35.5,57,0.0,0.0,5.2,192,1001.2,87,3,Overcast
Ahmedabad,India,2026-09-02,22:00:00,30.5,34.9,63,0.0,0.0,5.0,229,1001.4,72,2,Partly Cloudy
Ahmedabad,India,2026-09-02,23:00:00,30.0,33.6,61,0.0,0.0,7.4,257,1001.0,73,2,Partly Cloudy
Ahmedabad,India,2026-09-03,00:00:00,29.3,32.5,61,0.0,0.0,8.5,265,1000.8,98,3,Overcast
Ahmedabad,India,2026-09-03,01:00:00,28.8,31.7,62,0.0,0.0,9.2,268,1000.6,40,1,Mainly Clear
Ahmedabad,India,2026-09-03,02:00:00,28.1,31.1,66,0.0,0.0,9.9,266,1000.4,9,0,Clear Sky
Ahmedabad,India,2026-09-03,03:00:00,27.3,30.7,73,0.0,0.0,9.6,265,1000.3,3,0,Clear Sky
Ahmedabad,India,2026-09-03,04:00:00,26.8,30.6,77,0.0,0.0,9.0,265,1000.3,47,1,Mainly Clear
Ahmedabad,India,2026-09-03,05:00:00,26.7,30.7,78,0.0,0.0,8.5,266,1000.5,42,1,Mainly Clear
Ahmedabad,India,2026-09-03,06:00:00,26.3,30.4,82,0.0,0.0,8.6,269,1001.1,13,0,Clear Sky
Ahmedabad,India,2026-09-03,07:00:00,26.9,30.9,79,0.0,0.0,9.4,273,1001.6,87,3,Overcast
Ahmedabad,India,2026-09-03,08:00:00,28.1,31.9,71,0.0,0.0,9.0,273,1002.0,88,3,Overcast
Ahmedabad,India,2026-09-03,09:00:00,29.6,33.3,63,0.0,0.0,7.5,260,1002.6,99,3,Overcast
Ahmedabad,India,2026-09-03,10:00:00,31.0,34.3,56,0.0,0.0,9.0,250,1002.6,99,3,Overcast
Ahmedabad,India,2026-09-03,11:00:00,32.2,34.9,50,0.0,0.0,11.9,260,1002.0,98,3,Overcast
Ahmedabad,India,2026-09-03,12:00:00,33.0,35.8,47,0.0,0.0,12.1,258,1001.5,86,3,Overcast
Ahmedabad,India,2026-09-03,13:00:00,33.8,37.1,44,0.0,0.0,12.3,266,1000.6,100,3,Overcast
Ahmedabad,India,2026-09-03,14:00:00,33.7,35.7,45,0.0,0.0,13.0,268,999.6,91,3,Overcast
Ahmedabad,India,2026-09-03,15:00:00,33.3,35.9,49,0.0,0.0,13.0,272,999.0,78,2,Partly Cloudy
Ahmedabad,India,2026-09-03,16:00:00,32.9,35.9,52,0.0,0.0,11.7,272,998.5,99,3,Overcast
Ahmedabad,India,2026-09-03,17:00:00,33.2,36.1,49,0.0,0.0,10.0,276,998.4,79,2,Partly Cloudy
Ahmedabad,India,2026-09-03,18:00:00,32.7,36.2,51,0.0,0.0,7.4,284,998.7,95,3,Overcast
Ahmedabad,India,2026-09-03,19:00:00,32.3,36.1,53,0.0,0.0,5.7,281,999.1,99,3,Overcast
Ahmedabad,India,2026-09-03,20:00:00,31.8,35.9,56,0.0,0.0,5.7,233,999.7,77,2,Partly Cloudy
Ahmedabad,India,2026-09-03,21:00:00,30.5,34.7,63,0.0,0.0,7.8,218,1000.3,80,3,Overcast
Ahmedabad,India,2026-09-03,22:00:00,30.0,34.3,65,0.0,0.0,6.3,231,1000.6,63,2,Partly Cloudy
Ahmedabad,India,2026-09-03,23:00:00,29.5,34.4,71,0.0,0.0,6.5,231,1000.4,100,3,Overcast
Ahmedabad,India,2026-09-04,00:00:00,29.2,32.3,63,0.0,0.0,10.2,256,1000.2,100,3,Overcast
Ahmedabad,India,2026-09-04,01:00:00,28.5,31.0,63,0.0,0.0,11.2,267,999.8,100,3,Overcast
Ahmedabad,India,2026-09-04,02:00:00,27.7,30.6,68,0.0,0.0,10.8,268,999.8,98,3,Overcast
Ahmedabad,India,2026-09-04,03:00:00,27.1,30.4,73,0.0,0.0,10.3,264,999.6,66,2,Partly Cloudy
Ahmedabad,India,2026-09-04,04:00:00,26.6,30.3,77,0.0,0.0,9.6,266,999.6,5,0,Clear Sky
Ahmedabad,India,2026-09-04,05:00:00,26.8,30.6,78,0.0,0.0,9.5,269,1000.0,88,3,Overcast
Ahmedabad,India,2026-09-04,06:00:00,26.5,30.5,81,0.0,0.0,9.5,270,1000.4,38,1,Mainly Clear
Ahmedabad,India,2026-09-04,07:00:00,27.0,30.8,79,0.0,0.0,11.0,272,1001.3,44,1,Mainly Clear
Ahmedabad,India,2026-09-04,08:00:00,28.0,31.3,72,0.0,0.0,13.1,278,1001.9,63,2,Partly Cloudy
Ahmedabad,India,2026-09-04,09:00:00,29.0,32.1,66,0.2,0.1,12.3,285,1002.4,88,51,Light Drizzle
Ahmedabad,India,2026-09-04,10:00:00,30.1,33.4,61,0.1,0.0,10.1,281,1002.4,88,51,Light Drizzle
Ahmedabad,India,2026-09-04,11:00:00,30.2,33.7,64,0.1,0.1,11.6,266,1002.2,94,51,Light Drizzle
Ahmedabad,India,2026-09-04,12:00:00,32.2,35.6,55,0.0,0.0,11.0,268,1001.6,59,2,Partly Cloudy
Ahmedabad,India,2026-09-04,13:00:00,33.4,37.1,49,0.0,0.0,11.3,260,1001.0,55,2,Partly Cloudy
Ahmedabad,India,2026-09-04,14:00:00,33.5,37.4,49,0.1,0.1,11.1,250,1000.2,34,51,Light Drizzle
Ahmedabad,India,2026-09-04,15:00:00,33.3,36.4,50,0.5,0.5,12.6,250,999.9,34,53,Moderate Drizzle
Ahmedabad,India,2026-09-04,16:00:00,32.7,35.6,53,0.5,0.5,12.8,259,999.3,38,53,Moderate Drizzle
Ahmedabad,India,2026-09-04,17:00:00,31.8,35.5,57,0.1,0.1,9.4,267,999.7,22,51,Light Drizzle
Ahmedabad,India,2026-09-04,18:00:00,31.9,35.8,56,0.0,0.0,6.3,250,1000.0,70,2,Partly Cloudy
Ahmedabad,India,2026-09-04,19:00:00,31.6,35.8,58,0.0,0.0,5.6,230,1000.7,22,1,Mainly Clear
Ahmedabad,India,2026-09-04,20:00:00,30.9,35.0,61,0.0,0.0,7.4,248,1001.1,24,1,Mainly Clear
Ahmedabad,India,2026-09-04,21:00:00,30.2,34.0,61,0.0,0.0,7.0,241,1001.8,76,2,Partly Cloudy
Ahmedabad,India,2026-09-04,22:00:00,29.4,33.3,64,0.0,0.0,6.3,217,1002.4,65,2,Partly Cloudy
Ahmedabad,India,2026-09-04,23:00:00,29.0,33.4,69,0.0,0.0,6.0,209,1002.3,93,3,Overcast
Ahmedabad,India,2026-09-05,00:00:00,28.5,32.4,70,0.0,0.0,7.7,242,1002.2,93,3,Overcast
Ahmedabad,India,2026-09-05,01:00:00,28.1,31.3,68,0.0,0.0,10.8,268,1002.0,91,3,Overcast
Ahmedabad,India,2026-09-05,02:00:00,27.7,30.9,71,0.0,0.0,10.6,280,1001.7,78,2,Partly Cloudy
Ahmedabad,India,2026-09-05,03:00:00,27.1,30.8,75,0.0,0.0,9.4,275,1001.6,5,0,Clear Sky
Ahmedabad,India,2026-09-05,04:00:00,26.6,30.6,80,0.0,0.0,8.6,269,1001.9,50,2,Partly Cloudy
Ahmedabad,India,2026-09-05,05:00:00,26.9,30.8,79,0.0,0.0,10.0,283,1001.6,60,2,Partly Cloudy
Ahmedabad,India,2026-09-05,06:00:00,26.6,30.7,80,0.0,0.0,9.6,279,1002.5,84,3,Overcast
Ahmedabad,India,2026-09-05,07:00:00,27.0,31.1,79,0.0,0.0,9.5,281,1003.2,90,3,Overcast
Ahmedabad,India,2026-09-05,08:00:00,28.2,31.8,73,0.0,0.0,11.8,289,1003.8,99,3,Overcast
Ahmedabad,India,2026-09-05,09:00:00,29.5,32.8,65,0.0,0.0,12.0,289,1004.1,62,2,Partly Cloudy
Ahmedabad,India,2026-09-05,10:00:00,30.6,33.8,59,0.2,0.1,11.3,283,1004.3,70,51,Light Drizzle
Ahmedabad,India,2026-09-05,11:00:00,31.3,35.0,58,0.2,0.2,11.4,273,1004.1,33,51,Light Drizzle
Ahmedabad,India,2026-09-05,12:00:00,32.2,36.8,54,0.2,0.2,12.0,263,1003.7,86,51,Light Drizzle
Ahmedabad,India,2026-09-05,13:00:00,32.6,36.7,52,0.2,0.2,12.5,258,1003.0,65,51,Light Drizzle
Ahmedabad,India,2026-09-05,14:00:00,33.1,37.2,51,0.2,0.2,12.1,258,1002.1,71,51,Light Drizzle
Ahmedabad,India,2026-09-05,15:00:00,33.4,36.8,50,0.1,0.1,11.3,261,1001.4,98,51,Light Drizzle
Ahmedabad,India,2026-09-05,16:00:00,33.3,36.0,49,0.0,0.0,11.8,263,1000.9,100,3,Overcast
Ahmedabad,India,2026-09-05,17:00:00,31.6,34.9,56,0.1,0.1,10.1,280,1001.2,100,51,Light Drizzle
Ahmedabad,India,2026-09-05,18:00:00,31.3,35.3,59,0.0,0.0,6.7,301,1001.4,93,3,Overcast
Ahmedabad,India,2026-09-05,19:00:00,31.0,35.7,61,0.0,0.0,3.6,270,1001.9,49,1,Mainly Clear
Ahmedabad,India,2026-09-05,20:00:00,30.7,35.3,63,0.0,0.0,4.9,237,1002.2,90,3,Overcast
Ahmedabad,India,2026-09-05,21:00:00,30.3,34.3,63,0.0,0.0,8.1,252,1002.7,100,3,Overcast
Ahmedabad,India,2026-09-05,22:00:00,29.5,33.2,65,0.0,0.0,8.6,247,1003.0,99,3,Overcast
Ahmedabad,India,2026-09-05,23:00:00,28.8,32.9,69,0.0,0.0,7.4,227,1003.2,95,3,Overcast
Ahmedabad,India,2026-09-06,00:00:00,28.2,32.5,73,0.0,0.0,7.1,234,1002.9,98,3,Overcast
Ahmedabad,India,2026-09-06,01:00:00,27.9,31.6,70,0.0,0.0,8.0,252,1002.7,95,3,Overcast
Ahmedabad,India,2026-09-06,02:00:00,27.3,30.9,72,0.0,0.0,8.1,257,1002.1,67,2,Partly Cloudy
Ahmedabad,India,2026-09-06,03:00:00,26.7,30.5,76,0.0,0.0,8.2,260,1002.0,100,3,Overcast
Ahmedabad,India,2026-09-06,04:00:00,26.5,30.5,80,0.0,0.0,8.5,265,1001.9,99,3,Overcast
Ahmedabad,India,2026-09-06,05:00:00,26.8,31.0,81,0.0,0.0,9.5,271,1002.2,100,3,Overcast
Ahmedabad,India,2026-09-06,06:00:00,26.7,31.0,81,0.0,0.0,9.0,267,1002.7,100,3,Overcast
Ahmedabad,India,2026-09-06,07:00:00,27.0,31.3,80,0.0,0.0,8.5,271,1003.6,100,3,Overcast
Ahmedabad,India,2026-09-06,08:00:00,27.6,32.0,77,0.0,0.0,8.2,278,1004.4,100,3,Overcast
Ahmedabad,India,2026-09-06,09:00:00,28.2,32.4,73,0.0,0.0,7.8,279,1005.0,98,3,Overcast
Ahmedabad,India,2026-09-06,10:00:00,29.2,33.2,67,0.0,0.0,7.4,274,1005.3,80,3,Overcast
Ahmedabad,India,2026-09-06,11:00:00,30.7,34.5,59,0.0,0.0,7.2,271,1005.0,85,3,Overcast
Ahmedabad,India,2026-09-06,12:00:00,32.0,36.1,53,0.0,0.0,7.0,257,1004.4,72,2,Partly Cloudy
Ahmedabad,India,2026-09-06,13:00:00,33.0,36.7,48,0.0,0.0,8.3,246,1003.5,93,3,Overcast
Ahmedabad,India,2026-09-06,14:00:00,32.9,35.8,49,0.0,0.0,9.8,246,1002.5,100,3,Overcast
Ahmedabad,India,2026-09-06,15:00:00,32.6,35.6,51,0.0,0.0,9.1,245,1001.9,100,3,Overcast
Ahmedabad,India,2026-09-06,16:00:00,32.5,35.6,51,0.0,0.0,8.6,241,1001.6,89,3,Overcast
Ahmedabad,India,2026-09-06,17:00:00,31.7,34.8,55,0.0,0.0,11.2,252,1002.0,99,3,Overcast
Ahmedabad,India,2026-09-06,18:00:00,30.9,34.6,60,0.0,0.0,8.9,252,1002.7,100,3,Overcast
Ahmedabad,India,2026-09-06,19:00:00,30.9,34.9,60,0.0,0.0,6.3,267,1003.1,99,3,Overcast
Ahmedabad,India,2026-09-06,20:00:00,31.0,35.3,59,0.0,0.0,4.6,249,1003.6,100,3,Overcast
Ahmedabad,India,2026-09-06,21:00:00,31.0,35.3,60,0.0,0.0,4.1,218,1004.2,98,3,Overcast
Ahmedabad,India,2026-09-06,22:00:00,30.3,34.6,63,0.0,0.0,6.4,190,1004.5,91,3,Overcast
Ahmedabad,India,2026-09-06,23:00:00,29.4,33.8,68,0.0,0.0,7.0,198,1004.2,63,2,Partly Cloudy
Ahmedabad,India,2026-09-07,00:00:00,28.6,33.2,72,0.0,0.0,6.2,218,1004.0,57,2,Partly Cloudy
Ahmedabad,India,2026-09-07,01:00:00,28.1,32.3,74,0.0,0.0,8.8,255,1004.0,61,2,Partly Cloudy
Ahmedabad,India,2026-09-07,02:00:00,27.6,30.7,69,0.0,0.0,10.4,269,1003.6,93,3,Overcast
Ahmedabad,India,2026-09-07,03:00:00,27.1,30.7,74,0.0,0.0,8.8,271,1003.3,100,3,Overcast
Ahmedabad,India,2026-09-07,04:00:00,26.9,31.0,78,0.0,0.0,8.5,272,1003.1,100,3,Overcast
Ahmedabad,India,2026-09-07,05:00:00,27.3,31.2,77,0.0,0.0,9.8,284,1002.9,86,3,Overcast
Ahmedabad,India,2026-09-07,06:00:00,27.1,31.0,77,0.0,0.0,9.8,288,1003.5,65,2,Partly Cloudy
Ahmedabad,India,2026-09-07,07:00:00,27.3,30.9,75,0.0,0.0,10.7,278,1003.9,28,1,Mainly Clear
Ahmedabad,India,2026-09-07,08:00:00,28.0,31.7,72,0.0,0.0,10.0,278,1004.7,32,1,Mainly Clear
Ahmedabad,India,2026-09-07,09:00:00,29.7,32.9,62,0.0,0.0,11.0,280,1005.2,49,1,Mainly Clear
Ahmedabad,India,2026-09-07,10:00:00,31.3,34.6,55,0.0,0.0,10.1,269,1005.0,87,3,Overcast
Ahmedabad,India,2026-09-07,11:00:00,32.1,35.5,53,0.0,0.0,10.8,255,1004.7,79,2,Partly Cloudy
Ahmedabad,India,2026-09-07,12:00:00,32.6,35.5,51,0.0,0.0,10.3,254,1004.1,82,3,Overcast
Ahmedabad,India,2026-09-07,13:00:00,32.9,35.9,51,0.0,0.0,10.4,255,1003.2,93,3,Overcast
Ahmedabad,India,2026-09-07,14:00:00,32.9,36.2,52,0.0,0.0,10.0,256,1002.1,68,2,Partly Cloudy
Ahmedabad,India,2026-09-07,15:00:00,33.4,36.8,50,0.0,0.0,8.8,258,1001.4,20,1,Mainly Clear
Ahmedabad,India,2026-09-07,16:00:00,33.8,37.1,48,0.0,0.0,8.1,252,1001.0,24,1,Mainly Clear
Ahmedabad,India,2026-09-07,17:00:00,33.1,36.3,50,0.0,0.0,9.0,240,1001.5,90,3,Overcast
Ahmedabad,India,2026-09-07,18:00:00,32.3,35.2,51,0.0,0.0,9.6,221,1001.6,27,1,Mainly Clear
Ahmedabad,India,2026-09-07,19:00:00,32.0,35.0,51,0.0,0.0,7.2,208,1002.3,14,0,Clear Sky
Ahmedabad,India,2026-09-07,20:00:00,31.2,34.4,56,0.0,0.0,8.4,195,1002.7,12,0,Clear Sky
Ahmedabad,India,2026-09-07,21:00:00,29.7,34.1,68,0.0,0.0,7.2,207,1003.7,23,1,Mainly Clear
Ahmedabad,India,2026-09-07,22:00:00,29.0,33.9,74,0.0,0.0,6.7,196,1004.1,12,0,Clear Sky
Ahmedabad,India,2026-09-07,23:00:00,28.9,34.1,76,0.0,0.0,6.9,200,1003.7,5,0,Clear Sky
Ahmedabad,India,2026-09-08,00:00:00,28.3,33.7,80,0.0,0.0,7.1,218,1003.6,23,1,Mainly Clear
Ahmedabad,India,2026-09-08,01:00:00,28.0,32.6,77,0.0,0.0,8.5,258,1003.6,35,1,Mainly Clear
Ahmedabad,India,2026-09-08,02:00:00,27.5,30.9,71,0.0,0.0,9.5,271,1003.1,26,1,Mainly Clear
Ahmedabad,India,2026-09-08,03:00:00,26.8,30.3,75,0.0,0.0,9.0,272,1003.1,29,1,Mainly Clear
Ahmedabad,India,2026-09-08,04:00:00,26.4,30.3,78,0.0,0.0,8.0,275,1003.1,51,2,Partly Cloudy
Ahmedabad,India,2026-09-08,05:00:00,26.9,31.0,78,0.0,0.0,8.4,286,1002.7,62,2,Partly Cloudy
Ahmedabad,India,2026-09-08,06:00:00,26.6,30.9,81,0.0,0.0,8.5,283,1003.5,55,2,Partly Cloudy
Ahmedabad,India,2026-09-08,07:00:00,26.9,31.2,79,0.0,0.0,8.4,280,1004.4,41,1,Mainly Clear
Ahmedabad,India,2026-09-08,08:00:00,28.0,31.8,74,0.0,0.0,10.8,280,1005.0,90,3,Overcast
Ahmedabad,India,2026-09-08,09:00:00,29.3,33.0,67,0.0,0.0,9.6,279,1005.6,97,3,Overcast
Ahmedabad,India,2026-09-08,10:00:00,30.8,34.3,59,0.0,0.0,9.2,267,1005.4,78,2,Partly Cloudy
Ahmedabad,India,2026-09-08,11:00:00,32.3,36.4,53,0.0,0.0,10.1,253,1005.3,40,1,Mainly Clear
Ahmedabad,India,2026-09-08,12:00:00,33.0,37.4,50,0.1,0.1,10.3,247,1004.6,21,51,Light Drizzle
Ahmedabad,India,2026-09-08,13:00:00,33.9,38.0,47,0.0,0.0,10.5,251,1003.6,36,1,Mainly Clear
Ahmedabad,India,2026-09-08,14:00:00,34.2,38.4,47,0.0,0.0,9.2,249,1002.5,16,0,Clear Sky
Ahmedabad,India,2026-09-08,15:00:00,34.6,38.1,44,0.0,0.0,8.2,251,1001.8,19,0,Clear Sky
Ahmedabad,India,2026-09-08,16:00:00,34.4,37.2,44,0.0,0.0,8.7,249,1001.2,12,0,Clear Sky
Ahmedabad,India,2026-09-08,17:00:00,33.6,36.9,47,0.0,0.0,6.7,232,1001.4,18,0,Clear Sky
Ahmedabad,India,2026-09-08,18:00:00,33.1,36.4,49,0.0,0.0,6.7,224,1001.4,25,1,Mainly Clear
Ahmedabad,India,2026-09-08,19:00:00,32.8,36.3,49,0.0,0.0,4.3,213,1001.8,7,0,Clear Sky
Ahmedabad,India,2026-09-08,20:00:00,31.9,34.9,53,0.0,0.0,9.5,195,1002.4,18,0,Clear Sky
Ahmedabad,India,2026-09-08,21:00:00,29.8,33.8,66,0.0,0.0,9.1,198,1003.3,31,1,Mainly Clear
Ahmedabad,India,2026-09-08,22:00:00,28.9,33.8,74,0.0,0.0,7.3,228,1003.9,34,1,Mainly Clear
Ahmedabad,India,2026-09-08,23:00:00,28.8,34.0,76,0.0,0.0,6.1,258,1003.6,38,1,Mainly Clear
Ahmedabad,India,2026-09-09,00:00:00,28.4,33.7,77,0.2,0.2,5.0,268,1003.2,36,51,Light Drizzle
Ahmedabad,India,2026-09-09,01:00:00,28.2,32.3,75,0.0,0.0,9.8,277,1003.2,25,1,Mainly Clear
Ahmedabad,India,2026-09-09,02:00:00,27.5,31.8,78,0.0,0.0,9.2,272,1002.9,15,0,Clear Sky
Ahmedabad,India,2026-09-09,03:00:00,27.1,31.6,80,0.0,0.0,7.9,269,1002.6,2,0,Clear Sky
Ahmedabad,India,2026-09-09,04:00:00,26.8,31.6,82,0.0,0.0,6.7,273,1002.5,2,0,Clear Sky
Ahmedabad,India,2026-09-09,05:00:00,27.1,31.6,79,0.0,0.0,7.4,283,1002.7,5,0,Clear Sky
Ahmedabad,India,2026-09-09,06:00:00,26.8,31.4,81,0.0,0.0,6.7,286,1003.1,5,0,Clear Sky
Ahmedabad,India,2026-09-09,07:00:00,27.2,31.7,79,0.0,0.0,7.3,277,1003.7,10,0,Clear Sky
Ahmedabad,India,2026-09-09,08:00:00,28.4,32.6,72,0.0,0.0,8.5,263,1004.4,22,1,Mainly Clear
Ahmedabad,India,2026-09-09,09:00:00,29.9,33.9,65,0.0,0.0,7.7,254,1004.6,27,1,Mainly Clear
Ahmedabad,India,2026-09-09,10:00:00,31.3,35.2,57,0.0,0.0,8.1,239,1004.6,30,1,Mainly Clear
Ahmedabad,India,2026-09-09,11:00:00,32.2,36.5,53,0.0,0.0,8.6,233,1004.5,9,0,Clear Sky
Ahmedabad,India,2026-09-09,12:00:00,33.1,37.9,49,0.1,0.1,9.4,235,1003.9,17,51,Light Drizzle
Ahmedabad,India,2026-09-09,13:00:00,33.7,38.7,48,0.1,0.0,9.0,239,1002.9,12,51,Light Drizzle
Ahmedabad,India,2026-09-09,14:00:00,34.1,38.6,47,0.0,0.0,9.3,242,1001.9,7,0,Clear Sky
Ahmedabad,India,2026-09-09,15:00:00,34.3,38.0,46,0.0,0.0,9.4,240,1001.4,5,0,Clear Sky
Ahmedabad,India,2026-09-09,16:00:00,34.2,37.2,46,0.0,0.0,8.1,242,1001.0,4,0,Clear Sky
Ahmedabad,India,2026-09-09,17:00:00,33.8,36.7,46,0.0,0.0,8.4,227,1001.2,5,0,Clear Sky
Ahmedabad,India,2026-09-09,18:00:00,33.0,36.3,49,0.0,0.0,6.1,230,1001.4,4,0,Clear Sky
Ahmedabad,India,2026-09-09,19:00:00,32.7,36.0,49,0.0,0.0,6.4,188,1002.0,12,0,Clear Sky
Ahmedabad,India,2026-09-09,20:00:00,30.5,34.1,64,0.0,0.0,12.3,205,1002.6,29,1,Mainly Clear
Ahmedabad,India,2026-09-09,21:00:00,29.8,34.1,68,0.0,0.0,8.4,195,1003.3,31,1,Mainly Clear
Ahmedabad,India,2026-09-09,22:00:00,29.6,34.0,68,0.0,0.0,7.4,202,1003.6,5,0,Clear Sky
Ahmedabad,India,2026-09-09,23:00:00,29.3,33.3,68,0.0,0.0,8.7,201,1003.3,3,0,Clear Sky
Ahmedabad,India,2026-09-10,00:00:00,28.8,32.8,69,0.0,0.0,7.4,219,1003.0,9,0,Clear Sky
Ahmedabad,India,2026-09-10,01:00:00,28.4,32.6,70,0.0,0.0,7.0,249,1002.9,23,1,Mainly Clear
Ahmedabad,India,2026-09-10,02:00:00,28.0,32.4,74,0.0,0.0,7.2,276,1002.7,58,2,Partly Cloudy
Ahmedabad,India,2026-09-10,03:00:00,27.5,31.9,77,0.0,0.0,7.8,285,1002.6,100,3,Overcast
Ahmedabad,India,2026-09-10,04:00:00,27.1,31.5,79,0.0,0.0,7.2,283,1002.7,95,3,Overcast
Ahmedabad,India,2026-09-10,05:00:00,27.1,31.6,78,0.0,0.0,6.9,276,1003.1,23,1,Mainly Clear
Ahmedabad,India,2026-09-10,06:00:00,26.7,31.2,80,0.0,0.0,7.0,266,1003.6,73,2,Partly Cloudy
Ahmedabad,India,2026-09-10,07:00:00,27.1,31.4,78,0.0,0.0,7.8,261,1004.2,95,3,Overcast
Ahmedabad,India,2026-09-10,08:00:00,28.3,32.6,72,0.0,0.0,7.5,255,1004.7,29,1,Mainly Clear
Ahmedabad,India,2026-09-10,09:00:00,29.8,34.1,65,0.0,0.0,6.7,246,1004.9,23,1,Mainly Clear
Ahmedabad,India,2026-09-10,10:00:00,31.4,36.2,58,0.0,0.0,6.5,240,1005.0,9,0,Clear Sky
Ahmedabad,India,2026-09-10,11:00:00,32.6,37.9,53,0.0,0.0,6.8,238,1004.7,13,0,Clear Sky
Ahmedabad,India,2026-09-10,12:00:00,33.7,39.1,49,0.0,0.0,7.4,238,1003.8,22,1,Mainly Clear
Ahmedabad,India,2026-09-10,13:00:00,34.3,39.7,47,0.0,0.0,7.9,243,1002.5,90,3,Overcast
Ahmedabad,India,2026-09-10,14:00:00,34.6,39.4,46,0.0,0.0,8.3,246,1001.7,82,3,Overcast
Ahmedabad,India,2026-09-10,15:00:00,34.6,38.5,46,0.0,0.0,8.5,253,1001.0,60,2,Partly Cloudy
Ahmedabad,India,2026-09-10,16:00:00,34.2,37.3,46,0.0,0.0,8.3,256,1000.6,70,2,Partly Cloudy
Ahmedabad,India,2026-09-10,17:00:00,33.7,36.7,46,0.0,0.0,7.8,251,1000.5,13,0,Clear Sky
Ahmedabad,India,2026-09-10,18:00:00,33.0,36.2,48,0.0,0.0,6.9,239,1000.7,3,0,Clear Sky
Ahmedabad,India,2026-09-10,19:00:00,32.9,36.7,49,0.0,0.0,3.1,246,1001.5,27,1,Mainly Clear
Ahmedabad,India,2026-09-10,20:00:00,32.4,35.7,51,0.0,0.0,7.2,192,1002.3,46,1,Mainly Clear
Ahmedabad,India,2026-09-10,21:00:00,30.0,34.1,67,0.0,0.0,10.5,188,1003.2,94,3,Overcast
Ahmedabad,India,2026-09-10,22:00:00,29.1,33.8,73,0.0,0.0,8.5,186,1003.5,42,1,Mainly Clear
Ahmedabad,India,2026-09-10,23:00:00,28.8,33.7,75,0.0,0.0,7.7,177,1003.3,8,0,Clear Sky
Bengaluru,India,2026-08-11,00:00:00,21.5,24.5,95,0.0,0.0,8.0,264,910.5,99,3,Overcast
Bengaluru,India,2026-08-11,01:00:00,21.2,24.0,96,0.0,0.0,9.2,258,909.8,99,3,Overcast
Bengaluru,India,2026-08-11,02:00:00,20.9,23.5,96,0.0,0.0,9.1,262,909.1,98,3,Overcast
Bengaluru,India,2026-08-11,03:00:00,20.6,23.2,96,0.0,0.0,8.3,259,908.9,100,3,Overcast
Bengaluru,India,2026-08-11,04:00:00,20.4,23.0,97,0.0,0.0,7.7,258,908.9,98,3,Overcast
Bengaluru,India,2026-08-11,05:00:00,20.3,22.7,95,0.0,0.0,8.3,248,908.9,100,3,Overcast
Bengaluru,India,2026-08-11,06:00:00,20.6,22.9,94,0.0,0.0,8.8,253,909.4,100,3,Overcast
Bengaluru,India,2026-08-11,07:00:00,21.2,23.4,91,0.0,0.0,10.7,264,910.2,100,3,Overcast
Bengaluru,India,2026-08-11,08:00:00,22.9,24.7,81,0.0,0.0,12.1,275,910.8,100,3,Overcast
Bengaluru,India,2026-08-11,09:00:00,24.2,26.0,75,0.0,0.0,12.7,277,911.0,100,3,Overcast
Bengaluru,India,2026-08-11,10:00:00,25.3,27.1,70,0.0,0.0,12.5,277,911.0,100,3,Overcast
Bengaluru,India,2026-08-11,11:00:00,26.1,27.4,63,0.2,0.2,13.9,274,911.1,99,51,Light Drizzle
Bengaluru,India,2026-08-11,12:00:00,26.9,28.8,60,0.2,0.1,14.6,271,910.5,96,51,Light Drizzle
Bengaluru,India,2026-08-11,13:00:00,27.7,30.8,59,0.4,0.2,14.1,264,909.6,97,51,Light Drizzle
Bengaluru,India,2026-08-11,14:00:00,28.1,31.1,60,0.2,0.1,13.6,259,909.0,79,51,Light Drizzle
Bengaluru,India,2026-08-11,15:00:00,28.3,30.4,58,0.0,0.0,14.3,264,908.5,33,1,Mainly Clear
Bengaluru,India,2026-08-11,16:00:00,28.1,29.6,58,0.0,0.0,13.7,265,907.9,58,2,Partly Cloudy
Bengaluru,India,2026-08-11,17:00:00,26.0,27.7,64,0.4,0.3,10.3,235,908.2,91,51,Light Drizzle
Bengaluru,India,2026-08-11,18:00:00,25.5,27.7,69,0.0,0.0,8.5,243,908.6,47,1,Mainly Clear
Bengaluru,India,2026-08-11,19:00:00,24.6,26.6,73,0.0,0.0,10.5,265,909.2,89,3,Overcast
Bengaluru,India,2026-08-11,20:00:00,23.8,25.5,76,0.1,0.1,12.5,255,910.5,91,51,Light Drizzle
Bengaluru,India,2026-08-11,21:00:00,23.1,24.5,78,0.0,0.0,14.2,252,911.4,30,1,Mainly Clear
Bengaluru,India,2026-08-11,22:00:00,22.3,23.5,81,0.0,0.0,14.6,256,912.0,24,1,Mainly Clear
Bengaluru,India,2026-08-11,23:00:00,22.1,23.6,84,0.0,0.0,13.1,257,911.4,15,0,Clear Sky
Bengaluru,India,2026-08-12,00:00:00,21.5,23.2,87,0.0,0.0,12.4,260,910.7,56,2,Partly Cloudy
Bengaluru,India,2026-08-12,01:00:00,21.1,22.6,89,0.0,0.0,13.5,256,910.1,86,3,Overcast
Bengaluru,India,2026-08-12,02:00:00,20.7,22.0,91,0.0,0.0,14.1,254,909.5,82,3,Overcast
Bengaluru,India,2026-08-12,03:00:00,20.5,21.7,90,0.0,0.0,13.7,256,909.2,81,3,Overcast
Bengaluru,India,2026-08-12,04:00:00,20.2,21.4,91,0.0,0.0,13.5,262,909.3,81,3,Overcast
Bengaluru,India,2026-08-12,05:00:00,20.4,22.0,93,0.0,0.0,12.4,257,909.4,82,3,Overcast
Bengaluru,India,2026-08-12,06:00:00,20.3,21.9,93,0.0,0.0,11.9,256,909.8,67,2,Partly Cloudy
Bengaluru,India,2026-08-12,07:00:00,21.3,22.7,88,0.0,0.0,13.8,257,911.1,79,2,Partly Cloudy
Bengaluru,India,2026-08-12,08:00:00,23.0,24.0,78,0.0,0.0,15.9,265,911.7,99,3,Overcast
Bengaluru,India,2026-08-12,09:00:00,24.4,25.2,69,0.0,0.0,15.9,267,911.9,100,3,Overcast
Bengaluru,India,2026-08-12,10:00:00,25.5,26.1,64,0.0,0.0,16.4,267,912.3,99,3,Overcast
Bengaluru,India,2026-08-12,11:00:00,26.9,27.9,59,0.0,0.0,16.1,264,912.1,100,3,Overcast
Bengaluru,India,2026-08-12,12:00:00,27.7,30.6,59,0.2,0.1,14.0,263,911.7,100,51,Light Drizzle
Bengaluru,India,2026-08-12,13:00:00,28.4,31.2,57,0.0,0.0,14.1,264,911.0,100,3,Overcast
Bengaluru,India,2026-08-12,14:00:00,28.7,30.6,55,0.0,0.0,14.0,262,910.3,100,3,Overcast
Bengaluru,India,2026-08-12,15:00:00,28.7,30.0,52,0.1,0.0,16.2,258,910.0,99,51,Light Drizzle
Bengaluru,India,2026-08-12,16:00:00,26.8,28.3,63,0.3,0.2,13.4,255,909.8,96,51,Light Drizzle
Bengaluru,India,2026-08-12,17:00:00,26.7,28.2,63,0.0,0.0,12.3,262,910.4,76,2,Partly Cloudy
Bengaluru,India,2026-08-12,18:00:00,25.8,27.5,67,0.0,0.0,11.7,268,910.9,81,3,Overcast
Bengaluru,India,2026-08-12,19:00:00,24.7,26.8,72,0.0,0.0,9.9,271,911.8,98,3,Overcast
Bengaluru,India,2026-08-12,20:00:00,24.3,25.9,74,0.0,0.0,13.2,255,912.6,99,3,Overcast
Bengaluru,India,2026-08-12,21:00:00,23.2,24.4,76,0.0,0.0,13.9,259,913.3,99,3,Overcast
Bengaluru,India,2026-08-12,22:00:00,22.5,23.9,81,0.0,0.0,13.2,265,913.6,98,3,Overcast
Bengaluru,India,2026-08-12,23:00:00,22.2,23.8,83,0.0,0.0,13.1,254,913.3,99,3,Overcast
Bengaluru,India,2026-08-13,00:00:00,21.8,23.4,86,0.0,0.0,12.9,257,912.5,95,3,Overcast
Bengaluru,India,2026-08-13,01:00:00,21.6,23.2,87,0.0,0.0,13.0,264,911.9,98,3,Overcast
Bengaluru,India,2026-08-13,02:00:00,21.6,23.2,88,0.0,0.0,13.0,266,911.3,98,3,Overcast
Bengaluru,India,2026-08-13,03:00:00,21.3,22.9,88,0.0,0.0,12.6,261,911.0,98,3,Overcast
Bengaluru,India,2026-08-13,04:00:00,21.0,22.5,89,0.0,0.0,12.8,254,911.3,96,3,Overcast
Bengaluru,India,2026-08-13,05:00:00,21.1,22.9,91,0.0,0.0,11.8,249,911.3,98,3,Overcast
Bengaluru,India,2026-08-13,06:00:00,20.9,22.7,92,0.0,0.0,12.3,256,912.0,99,3,Overcast
Bengaluru,India,2026-08-13,07:00:00,21.9,23.5,87,0.0,0.0,13.7,261,912.6,98,3,Overcast
Bengaluru,India,2026-08-13,08:00:00,23.5,24.8,77,0.0,0.0,15.1,271,913.1,100,3,Overcast
Bengaluru,India,2026-08-13,09:00:00,24.3,25.6,73,0.0,0.0,15.3,267,913.2,100,3,Overcast
Bengaluru,India,2026-08-13,10:00:00,25.4,26.5,68,0.2,0.1,14.9,269,913.6,99,51,Light Drizzle
Bengaluru,India,2026-08-13,11:00:00,27.0,29.5,60,0.0,0.0,15.9,276,913.7,99,3,Overcast
Bengaluru,India,2026-08-13,12:00:00,28.0,30.6,57,0.2,0.1,15.8,277,913.1,98,51,Light Drizzle
Bengaluru,India,2026-08-13,13:00:00,28.9,32.2,55,0.1,0.0,14.2,274,912.3,99,51,Light Drizzle
Bengaluru,India,2026-08-13,14:00:00,28.8,31.5,56,0.2,0.1,14.9,278,911.4,100,51,Light Drizzle
Bengaluru,India,2026-08-13,15:00:00,27.1,28.2,61,0.5,0.5,18.0,269,910.7,99,53,Moderate Drizzle
Bengaluru,India,2026-08-13,16:00:00,27.4,28.6,60,0.1,0.1,14.6,274,910.5,100,51,Light Drizzle
Bengaluru,India,2026-08-13,17:00:00,27.2,28.3,58,3.2,0.4,13.0,264,911.1,99,95,Thunderstorm
Bengaluru,India,2026-08-13,18:00:00,25.1,25.9,68,0.1,0.1,16.4,279,911.5,74,51,Light Drizzle
Bengaluru,India,2026-08-13,19:00:00,23.1,25.6,84,0.5,0.5,9.4,308,912.1,84,53,Moderate Drizzle
Bengaluru,India,2026-08-13,20:00:00,22.3,25.1,89,0.4,0.3,9.0,313,913.0,92,51,Light Drizzle
Bengaluru,India,2026-08-13,21:00:00,22.3,25.1,90,0.1,0.1,8.6,285,913.0,94,51,Light Drizzle
Bengaluru,India,2026-08-13,22:00:00,22.1,24.1,86,0.0,0.0,11.7,260,913.3,95,3,Overcast
Bengaluru,India,2026-08-13,23:00:00,22.0,23.8,85,0.0,0.0,12.5,262,913.0,95,3,Overcast
Bengaluru,India,2026-08-14,00:00:00,21.5,23.1,87,0.0,0.0,12.9,258,912.4,97,3,Overcast
Bengaluru,India,2026-08-14,01:00:00,21.0,22.6,89,0.0,0.0,12.8,259,911.9,100,3,Overcast
Bengaluru,India,2026-08-14,02:00:00,20.7,22.4,92,0.0,0.0,12.0,261,911.3,97,3,Overcast
Bengaluru,India,2026-08-14,03:00:00,20.5,22.3,94,0.0,0.0,12.0,256,911.1,100,3,Overcast
Bengaluru,India,2026-08-14,04:00:00,20.3,22.0,95,0.0,0.0,12.2,256,911.3,100,3,Overcast
Bengaluru,India,2026-08-14,05:00:00,20.3,22.1,93,0.0,0.0,11.3,263,911.6,96,3,Overcast
Bengaluru,India,2026-08-14,06:00:00,20.1,22.0,94,0.0,0.0,10.1,266,911.7,99,3,Overcast
Bengaluru,India,2026-08-14,07:00:00,21.3,23.0,88,0.0,0.0,12.4,269,912.5,99,3,Overcast
Bengaluru,India,2026-08-14,08:00:00,23.5,24.7,76,0.1,0.1,14.7,278,913.1,100,51,Light Drizzle
Bengaluru,India,2026-08-14,09:00:00,24.7,25.6,69,0.1,0.1,15.4,280,913.4,100,51,Light Drizzle
Bengaluru,India,2026-08-14,10:00:00,25.8,26.8,65,0.0,0.0,14.8,276,913.3,100,3,Overcast
Bengaluru,India,2026-08-14,11:00:00,27.0,28.3,58,0.2,0.2,16.3,275,913.2,100,51,Light Drizzle
Bengaluru,India,2026-08-14,12:00:00,27.5,29.2,57,0.4,0.3,16.4,274,912.7,100,51,Light Drizzle
Bengaluru,India,2026-08-14,13:00:00,28.7,31.7,55,0.3,0.2,15.7,279,912.1,100,51,Light Drizzle
Bengaluru,India,2026-08-14,14:00:00,29.5,31.8,53,0.1,0.1,16.5,281,911.5,100,51,Light Drizzle
Bengaluru,India,2026-08-14,15:00:00,27.8,29.3,57,0.7,0.4,16.3,288,910.3,100,53,Moderate Drizzle
Bengaluru,India,2026-08-14,16:00:00,26.7,27.9,63,0.4,0.3,14.9,255,910.0,98,51,Light Drizzle
Bengaluru,India,2026-08-14,17:00:00,27.2,27.6,55,0.8,0.7,15.7,275,910.7,98,53,Moderate Drizzle
Bengaluru,India,2026-08-14,18:00:00,26.2,27.2,60,0.0,0.0,12.1,267,911.2,98,3,Overcast
Bengaluru,India,2026-08-14,19:00:00,24.7,26.5,70,0.4,0.4,10.8,249,911.7,99,51,Light Drizzle
Bengaluru,India,2026-08-14,20:00:00,22.4,24.0,84,0.9,0.7,13.1,254,912.5,99,53,Moderate Drizzle
Bengaluru,India,2026-08-14,21:00:00,21.9,24.6,90,0.9,0.7,8.7,252,912.6,95,53,Moderate Drizzle
Bengaluru,India,2026-08-14,22:00:00,22.1,24.3,88,0.0,0.0,11.2,251,912.8,91,3,Overcast
Bengaluru,India,2026-08-14,23:00:00,22.4,24.1,84,0.0,0.0,13.2,267,912.6,98,3,Overcast
Bengaluru,India,2026-08-15,00:00:00,21.7,23.3,87,0.0,0.0,13.5,265,912.1,98,3,Overcast
Bengaluru,India,2026-08-15,01:00:00,21.5,22.9,87,0.0,0.0,13.5,265,911.7,97,3,Overcast
Bengaluru,India,2026-08-15,02:00:00,21.1,22.7,89,0.0,0.0,12.9,261,911.6,100,3,Overcast
Bengaluru,India,2026-08-15,03:00:00,20.8,22.5,91,0.0,0.0,12.1,259,911.4,99,3,Overcast
Bengaluru,India,2026-08-15,04:00:00,20.5,22.0,92,0.0,0.0,12.7,258,911.5,98,3,Overcast
Bengaluru,India,2026-08-15,05:00:00,20.5,22.0,92,0.0,0.0,12.7,263,911.6,98,3,Overcast
Bengaluru,India,2026-08-15,06:00:00,20.4,21.8,92,0.0,0.0,13.0,268,911.7,100,3,Overcast
Bengaluru,India,2026-08-15,07:00:00,21.4,22.7,86,0.0,0.0,14.1,264,912.7,98,3,Overcast
Bengaluru,India,2026-08-15,08:00:00,23.3,23.7,73,0.1,0.1,18.0,267,913.1,100,51,Light Drizzle
Bengaluru,India,2026-08-15,09:00:00,24.9,24.8,65,0.1,0.0,20.0,271,913.4,100,51,Light Drizzle
Bengaluru,India,2026-08-15,10:00:00,25.8,25.6,60,0.1,0.1,19.3,269,913.7,100,51,Light Drizzle
Bengaluru,India,2026-08-15,11:00:00,26.3,26.2,59,0.0,0.0,19.3,271,913.3,100,3,Overcast
Bengaluru,India,2026-08-15,12:00:00,28.0,29.1,54,0.2,0.1,19.5,272,913.2,99,51,Light Drizzle
Bengaluru,India,2026-08-15,13:00:00,28.9,30.2,50,0.0,0.0,18.7,271,912.3,98,3,Overcast
Bengaluru,India,2026-08-15,14:00:00,29.3,30.5,49,0.0,0.0,18.7,270,911.5,98,3,Overcast
Bengaluru,India,2026-08-15,15:00:00,28.2,28.6,52,0.3,0.2,19.0,277,910.8,97,51,Light Drizzle
Bengaluru,India,2026-08-15,16:00:00,28.3,28.3,51,0.2,0.2,17.3,272,910.5,59,51,Light Drizzle
Bengaluru,India,2026-08-15,17:00:00,28.1,28.1,49,0.1,0.1,15.2,275,911.0,53,51,Light Drizzle
Bengaluru,India,2026-08-15,18:00:00,26.6,27.2,55,0.0,0.0,12.6,270,911.1,32,1,Mainly Clear
Bengaluru,India,2026-08-15,19:00:00,25.3,26.2,62,0.0,0.0,11.8,261,911.7,93,3,Overcast
Bengaluru,India,2026-08-15,20:00:00,24.3,25.2,69,0.0,0.0,14.1,264,912.5,100,3,Overcast
Bengaluru,India,2026-08-15,21:00:00,23.3,24.2,73,0.0,0.0,14.6,257,912.9,100,3,Overcast
Bengaluru,India,2026-08-15,22:00:00,22.6,23.7,78,0.0,0.0,13.6,258,913.1,100,3,Overcast
Bengaluru,India,2026-08-15,23:00:00,22.3,23.4,81,0.0,0.0,14.1,255,912.7,100,3,Overcast
Bengaluru,India,2026-08-16,00:00:00,21.7,23.1,83,0.0,0.0,12.2,261,912.3,100,3,Overcast
Bengaluru,India,2026-08-16,01:00:00,21.3,22.8,86,0.0,0.0,12.2,262,911.8,100,3,Overcast
Bengaluru,India,2026-08-16,02:00:00,20.9,22.4,88,0.0,0.0,12.6,261,911.0,100,3,Overcast
Bengaluru,India,2026-08-16,03:00:00,20.7,22.0,88,0.0,0.0,13.0,260,910.8,100,3,Overcast
Bengaluru,India,2026-08-16,04:00:00,20.4,21.7,89,0.0,0.0,12.8,264,911.1,98,3,Overcast
Bengaluru,India,2026-08-16,05:00:00,20.7,22.1,89,0.0,0.0,12.8,259,911.1,95,3,Overcast
Bengaluru,India,2026-08-16,06:00:00,20.5,21.9,91,0.0,0.0,12.8,260,911.3,99,3,Overcast
Bengaluru,India,2026-08-16,07:00:00,21.8,22.8,83,0.0,0.0,15.7,265,912.3,100,3,Overcast
Bengaluru,India,2026-08-16,08:00:00,23.7,23.9,71,0.0,0.0,18.4,268,912.8,100,3,Overcast
Bengaluru,India,2026-08-16,09:00:00,25.3,25.3,62,0.0,0.0,18.6,268,913.2,100,3,Overcast
Bengaluru,India,2026-08-16,10:00:00,27.2,27.7,54,0.0,0.0,18.7,272,913.3,97,3,Overcast
Bengaluru,India,2026-08-16,11:00:00,28.1,28.5,50,0.0,0.0,17.8,269,913.2,67,2,Partly Cloudy
Bengaluru,India,2026-08-16,12:00:00,28.8,31.0,51,0.1,0.0,16.6,272,912.7,91,51,Light Drizzle
Bengaluru,India,2026-08-16,13:00:00,29.6,31.8,48,0.0,0.0,16.6,274,912.0,98,3,Overcast
Bengaluru,India,2026-08-16,14:00:00,30.7,32.4,43,0.0,0.0,16.4,274,911.0,98,3,Overcast
Bengaluru,India,2026-08-16,15:00:00,29.2,28.7,47,0.1,0.1,21.8,278,910.6,100,51,Light Drizzle
Bengaluru,India,2026-08-16,16:00:00,27.9,29.1,55,0.0,0.0,12.0,278,910.5,100,3,Overcast
Bengaluru,India,2026-08-16,17:00:00,27.7,28.2,53,0.0,0.0,13.4,275,910.8,98,3,Overcast
Bengaluru,India,2026-08-16,18:00:00,26.9,28.2,57,0.0,0.0,9.7,269,911.2,94,3,Overcast
Bengaluru,India,2026-08-16,19:00:00,25.9,26.9,61,0.0,0.0,11.8,258,911.9,97,3,Overcast
Bengaluru,India,2026-08-16,20:00:00,24.8,26.1,68,0.0,0.0,12.1,249,912.6,97,3,Overcast
Bengaluru,India,2026-08-16,21:00:00,24.0,25.3,72,0.0,0.0,13.0,252,913.0,99,3,Overcast
Bengaluru,India,2026-08-16,22:00:00,23.0,24.2,75,0.0,0.0,13.0,256,913.4,84,3,Overcast
Bengaluru,India,2026-08-16,23:00:00,22.8,24.0,77,0.0,0.0,13.0,260,913.3,100,3,Overcast
Bengaluru,India,2026-08-17,00:00:00,21.9,23.1,81,0.0,0.0,13.2,266,912.6,100,3,Overcast
Bengaluru,India,2026-08-17,01:00:00,21.3,22.6,85,0.0,0.0,12.4,268,912.3,99,3,Overcast
Bengaluru,India,2026-08-17,02:00:00,20.7,22.2,88,0.0,0.0,11.4,264,911.7,73,2,Partly Cloudy
Bengaluru,India,2026-08-17,03:00:00,20.3,21.8,91,0.0,0.0,11.3,257,911.5,97,3,Overcast
Bengaluru,India,2026-08-17,04:00:00,20.1,21.6,92,0.0,0.0,11.4,251,911.6,99,3,Overcast
Bengaluru,India,2026-08-17,05:00:00,21.0,22.6,89,0.0,0.0,12.7,249,912.1,82,3,Overcast
Bengaluru,India,2026-08-17,06:00:00,20.7,22.4,91,0.0,0.0,11.8,245,912.0,96,3,Overcast
Bengaluru,India,2026-08-17,07:00:00,21.8,23.2,84,0.0,0.0,14.0,250,912.8,99,3,Overcast
Bengaluru,India,2026-08-17,08:00:00,23.4,24.2,74,0.0,0.0,15.6,259,913.5,99,3,Overcast
Bengaluru,India,2026-08-17,09:00:00,25.3,25.6,63,0.0,0.0,16.8,264,914.2,100,3,Overcast
Bengaluru,India,2026-08-17,10:00:00,26.8,27.2,56,0.0,0.0,17.3,268,914.4,98,3,Overcast
Bengaluru,India,2026-08-17,11:00:00,27.0,28.8,57,0.0,0.0,15.5,267,914.4,99,3,Overcast
Bengaluru,India,2026-08-17,12:00:00,27.8,29.0,54,0.0,0.0,14.9,269,914.0,97,3,Overcast
Bengaluru,India,2026-08-17,13:00:00,29.0,30.7,50,0.0,0.0,15.3,269,913.4,100,3,Overcast
Bengaluru,India,2026-08-17,14:00:00,29.4,30.4,47,0.0,0.0,16.0,271,912.4,100,3,Overcast
Bengaluru,India,2026-08-17,15:00:00,29.5,29.9,46,0.0,0.0,15.8,269,912.0,100,3,Overcast
Bengaluru,India,2026-08-17,16:00:00,28.4,28.5,50,0.0,0.0,15.7,272,911.6,99,3,Overcast
Bengaluru,India,2026-08-17,17:00:00,26.8,26.7,55,0.3,0.2,17.7,276,912.3,100,51,Light Drizzle
Bengaluru,India,2026-08-17,18:00:00,25.0,26.4,65,0.4,0.2,10.0,264,912.3,100,51,Light Drizzle
Bengaluru,India,2026-08-17,19:00:00,24.5,25.9,71,0.5,0.3,13.3,286,913.0,99,53,Moderate Drizzle
Bengaluru,India,2026-08-17,20:00:00,23.5,24.9,75,0.0,0.0,12.4,278,913.7,95,3,Overcast
Bengaluru,India,2026-08-17,21:00:00,23.0,24.9,80,0.0,0.0,11.0,268,914.2,70,2,Partly Cloudy
Bengaluru,India,2026-08-17,22:00:00,22.5,24.1,81,0.0,0.0,12.0,261,914.5,23,1,Mainly Clear
Bengaluru,India,2026-08-17,23:00:00,22.2,23.6,81,0.0,0.0,13.0,267,914.0,76,2,Partly Cloudy
Bengaluru,India,2026-08-18,00:00:00,21.4,23.2,86,0.1,0.1,10.3,263,913.6,78,51,Light Drizzle
Bengaluru,India,2026-08-18,01:00:00,21.0,22.8,87,0.2,0.1,10.4,256,913.3,57,51,Light Drizzle
Bengaluru,India,2026-08-18,02:00:00,20.7,22.5,89,0.1,0.1,9.6,254,912.7,82,51,Light Drizzle
Bengaluru,India,2026-08-18,03:00:00,20.2,21.6,89,0.0,0.0,11.0,252,912.3,45,1,Mainly Clear
Bengaluru,India,2026-08-18,04:00:00,19.9,21.2,90,0.0,0.0,11.4,254,912.3,65,2,Partly Cloudy
Bengaluru,India,2026-08-18,05:00:00,20.4,22.0,90,0.0,0.0,11.5,261,912.6,48,1,Mainly Clear
Bengaluru,India,2026-08-18,06:00:00,20.3,21.9,92,0.0,0.0,11.0,264,912.9,87,3,Overcast
Bengaluru,India,2026-08-18,07:00:00,21.5,22.8,85,0.0,0.0,13.9,269,913.7,100,3,Overcast
Bengaluru,India,2026-08-18,08:00:00,23.4,24.1,74,0.1,0.1,16.2,274,914.5,100,51,Light Drizzle
Bengaluru,India,2026-08-18,09:00:00,24.7,25.3,66,0.0,0.0,15.7,273,914.8,100,3,Overcast
Bengaluru,India,2026-08-18,10:00:00,26.3,26.7,59,0.1,0.1,15.7,270,915.1,66,51,Light Drizzle
Bengaluru,India,2026-08-18,11:00:00,27.8,29.9,54,0.2,0.1,14.8,268,915.0,90,51,Light Drizzle
Bengaluru,India,2026-08-18,12:00:00,28.5,31.2,54,0.2,0.1,14.6,268,914.5,89,51,Light Drizzle
Bengaluru,India,2026-08-18,13:00:00,29.5,32.4,50,0.0,0.0,14.1,272,913.6,86,3,Overcast
Bengaluru,India,2026-08-18,14:00:00,29.9,32.6,49,0.1,0.0,14.4,273,912.7,97,51,Light Drizzle
Bengaluru,India,2026-08-18,15:00:00,29.9,31.9,50,0.1,0.1,13.2,275,911.8,98,51,Light Drizzle
Bengaluru,India,2026-08-18,16:00:00,26.0,27.2,67,1.5,0.9,15.6,255,911.3,100,80,Light Rain Showers
Bengaluru,India,2026-08-18,17:00:00,27.0,28.1,61,0.1,0.1,15.0,241,911.4,90,51,Light Drizzle
Bengaluru,India,2026-08-18,18:00:00,25.6,26.8,65,0.0,0.0,12.7,255,912.1,98,3,Overcast
Bengaluru,India,2026-08-18,19:00:00,25.0,26.7,70,0.0,0.0,11.0,266,912.8,100,3,Overcast
Bengaluru,India,2026-08-18,20:00:00,24.4,26.2,74,0.0,0.0,11.8,281,913.3,77,2,Partly Cloudy
Bengaluru,India,2026-08-18,21:00:00,23.7,25.5,76,0.0,0.0,11.8,282,913.6,54,2,Partly Cloudy
Bengaluru,India,2026-08-18,22:00:00,23.1,24.9,78,0.0,0.0,11.6,282,913.8,98,3,Overcast
Bengaluru,India,2026-08-18,23:00:00,22.8,25.0,82,0.0,0.0,10.1,271,913.5,100,3,Overcast
Bengaluru,India,2026-08-19,00:00:00,22.4,24.9,85,0.0,0.0,8.6,280,913.2,100,3,Overcast
Bengaluru,India,2026-08-19,01:00:00,22.3,24.5,85,0.0,0.0,10.0,277,912.6,100,3,Overcast
Bengaluru,India,2026-08-19,02:00:00,21.7,24.0,89,0.0,0.0,10.4,271,912.1,100,3,Overcast
Bengaluru,India,2026-08-19,03:00:00,21.6,23.6,88,0.0,0.0,11.0,270,911.9,100,3,Overcast
Bengaluru,India,2026-08-19,04:00:00,21.4,23.3,88,0.0,0.0,10.9,261,912.0,100,3,Overcast
Bengaluru,India,2026-08-19,05:00:00,21.4,23.5,87,0.3,0.1,9.2,264,912.1,95,51,Light Drizzle
Bengaluru,India,2026-08-19,06:00:00,21.2,23.2,88,0.0,0.0,9.7,267,912.6,97,3,Overcast
Bengaluru,India,2026-08-19,07:00:00,22.2,24.2,83,0.0,0.0,9.8,263,913.4,92,3,Overcast
Bengaluru,India,2026-08-19,08:00:00,23.9,25.0,73,0.1,0.0,14.5,284,913.7,100,51,Light Drizzle
Bengaluru,India,2026-08-19,09:00:00,24.5,25.4,70,0.1,0.1,15.0,289,913.9,98,51,Light Drizzle
Bengaluru,India,2026-08-19,10:00:00,26.3,26.9,61,0.2,0.2,16.9,292,914.2,100,51,Light Drizzle
Bengaluru,India,2026-08-19,11:00:00,27.2,28.2,58,0.5,0.3,17.5,300,914.1,99,53,Moderate Drizzle
Bengaluru,India,2026-08-19,12:00:00,27.0,28.0,57,0.1,0.1,15.6,293,913.7,99,51,Light Drizzle
Bengaluru,India,2026-08-19,13:00:00,28.3,30.5,56,0.2,0.1,15.1,288,913.0,100,51,Light Drizzle
Bengaluru,India,2026-08-19,14:00:00,26.4,27.3,63,0.5,0.2,17.6,284,911.6,100,53,Moderate Drizzle
Bengaluru,India,2026-08-19,15:00:00,26.4,28.1,67,1.3,0.2,13.5,262,911.4,100,80,Light Rain Showers
Bengaluru,India,2026-08-19,16:00:00,24.0,25.0,76,1.2,0.0,17.3,300,911.1,100,55,Heavy Drizzle
Bengaluru,India,2026-08-19,17:00:00,24.5,26.7,77,2.3,0.5,11.9,272,911.7,99,80,Light Rain Showers
Bengaluru,India,2026-08-19,18:00:00,23.8,27.0,84,0.0,0.0,7.9,253,912.1,91,3,Overcast
Bengaluru,India,2026-08-19,19:00:00,23.5,26.2,85,0.0,0.0,10.8,266,912.8,100,3,Overcast
Bengaluru,India,2026-08-19,20:00:00,23.5,26.2,85,0.0,0.0,10.1,265,913.1,91,3,Overcast
Bengaluru,India,2026-08-19,21:00:00,23.1,25.5,85,0.0,0.0,11.3,270,913.6,95,3,Overcast
Bengaluru,India,2026-08-19,22:00:00,22.8,25.3,86,0.0,0.0,10.4,268,913.9,98,3,Overcast
Bengaluru,India,2026-08-19,23:00:00,22.4,24.9,90,0.0,0.0,11.2,270,913.4,99,3,Overcast
Bengaluru,India,2026-08-20,00:00:00,21.5,24.0,92,0.2,0.2,10.1,268,912.8,92,51,Light Drizzle
Bengaluru,India,2026-08-20,01:00:00,21.6,24.1,93,0.2,0.0,10.3,269,912.5,99,51,Light Drizzle
Bengaluru,India,2026-08-20,02:00:00,21.4,23.7,93,0.0,0.0,11.0,270,911.8,99,3,Overcast
Bengaluru,India,2026-08-20,03:00:00,21.2,23.5,94,0.0,0.0,10.4,270,911.6,94,3,Overcast
Bengaluru,India,2026-08-20,04:00:00,21.0,23.5,94,0.0,0.0,9.5,272,911.8,98,3,Overcast
Bengaluru,India,2026-08-20,05:00:00,20.9,22.8,94,0.0,0.0,12.8,286,911.9,99,3,Overcast
Bengaluru,India,2026-08-20,06:00:00,20.9,22.8,93,0.1,0.1,12.6,289,912.0,100,51,Light Drizzle
Bengaluru,India,2026-08-20,07:00:00,21.6,23.6,89,0.1,0.0,11.4,294,912.7,94,51,Light Drizzle
Bengaluru,India,2026-08-20,08:00:00,23.2,25.0,81,0.0,0.0,13.8,296,913.9,99,3,Overcast
Bengaluru,India,2026-08-20,09:00:00,24.8,25.9,73,0.0,0.0,17.0,296,914.1,97,3,Overcast
Bengaluru,India,2026-08-20,10:00:00,25.1,26.2,72,0.5,0.3,17.1,289,913.6,100,53,Moderate Drizzle
Bengaluru,India,2026-08-20,11:00:00,24.5,25.5,73,0.4,0.2,17.0,288,913.0,100,51,Light Drizzle
Bengaluru,India,2026-08-20,12:00:00,25.6,27.2,68,0.6,0.5,13.6,288,912.9,98,53,Moderate Drizzle
Bengaluru,India,2026-08-20,13:00:00,27.7,29.4,60,0.2,0.1,16.7,294,912.3,72,51,Light Drizzle
Bengaluru,India,2026-08-20,14:00:00,27.1,30.1,63,0.7,0.2,13.3,267,911.4,100,53,Moderate Drizzle
Bengaluru,India,2026-08-20,15:00:00,26.4,27.6,62,0.1,0.0,13.1,270,911.0,89,51,Light Drizzle
Bengaluru,India,2026-08-20,16:00:00,25.5,27.5,71,1.0,0.6,11.8,261,910.4,88,55,Heavy Drizzle
Bengaluru,India,2026-08-20,17:00:00,26.4,28.6,66,0.4,0.2,9.3,280,910.9,83,51,Light Drizzle
Bengaluru,India,2026-08-20,18:00:00,24.1,25.8,76,0.4,0.4,12.8,259,911.5,79,51,Light Drizzle
Bengaluru,India,2026-08-20,19:00:00,23.3,25.7,83,0.2,0.2,10.4,261,911.8,57,51,Light Drizzle
Bengaluru,India,2026-08-20,20:00:00,22.8,25.0,84,0.0,0.0,11.3,250,912.3,60,2,Partly Cloudy
Bengaluru,India,2026-08-20,21:00:00,22.5,24.8,88,0.1,0.1,12.1,250,913.2,73,51,Light Drizzle
Bengaluru,India,2026-08-20,22:00:00,21.9,23.6,87,0.0,0.0,13.5,258,913.6,74,2,Partly Cloudy
Bengaluru,India,2026-08-20,23:00:00,21.6,23.3,88,0.0,0.0,13.0,260,913.3,96,3,Overcast
Bengaluru,India,2026-08-21,00:00:00,20.9,22.8,91,0.0,0.0,11.1,258,912.9,89,3,Overcast
Bengaluru,India,2026-08-21,01:00:00,20.5,22.3,91,0.0,0.0,11.1,261,911.9,73,2,Partly Cloudy
Bengaluru,India,2026-08-21,02:00:00,20.1,21.8,93,0.0,0.0,10.5,266,911.2,66,2,Partly Cloudy
Bengaluru,India,2026-08-21,03:00:00,19.8,21.4,93,0.0,0.0,10.5,267,910.7,80,3,Overcast
Bengaluru,India,2026-08-21,04:00:00,19.5,21.1,94,0.0,0.0,10.3,267,910.7,73,2,Partly Cloudy
Bengaluru,India,2026-08-21,05:00:00,19.8,21.5,93,0.0,0.0,10.5,275,911.0,63,2,Partly Cloudy
Bengaluru,India,2026-08-21,06:00:00,19.6,21.3,94,0.0,0.0,10.4,278,911.4,49,1,Mainly Clear
Bengaluru,India,2026-08-21,07:00:00,20.8,22.2,88,0.0,0.0,12.3,284,912.1,48,1,Mainly Clear
Bengaluru,India,2026-08-21,08:00:00,22.7,23.4,75,0.0,0.0,15.2,289,912.9,85,3,Overcast
Bengaluru,India,2026-08-21,09:00:00,24.5,24.9,67,0.0,0.0,16.3,289,913.2,100,3,Overcast
Bengaluru,India,2026-08-21,10:00:00,25.4,25.8,62,0.0,0.0,15.8,287,912.9,99,3,Overcast
Bengaluru,India,2026-08-21,11:00:00,26.1,27.4,61,0.0,0.0,13.8,279,913.0,100,3,Overcast
Bengaluru,India,2026-08-21,12:00:00,26.1,26.9,60,0.2,0.2,14.6,271,912.5,27,51,Light Drizzle
Bengaluru,India,2026-08-21,13:00:00,27.8,30.3,54,0.3,0.3,14.9,268,911.7,34,51,Light Drizzle
Bengaluru,India,2026-08-21,14:00:00,28.4,30.1,51,0.2,0.2,14.8,269,911.1,36,51,Light Drizzle
Bengaluru,India,2026-08-21,15:00:00,28.6,29.7,50,0.2,0.2,14.1,268,910.9,41,51,Light Drizzle
Bengaluru,India,2026-08-21,16:00:00,28.4,28.9,50,0.1,0.1,13.5,265,910.6,33,51,Light Drizzle
Bengaluru,India,2026-08-21,17:00:00,27.3,28.4,57,0.1,0.1,12.5,247,910.7,66,51,Light Drizzle
Bengaluru,India,2026-08-21,18:00:00,24.8,25.3,68,0.4,0.1,17.4,259,911.4,94,51,Light Drizzle
Bengaluru,India,2026-08-21,19:00:00,23.8,25.4,78,0.1,0.1,13.7,268,912.2,78,51,Light Drizzle
Bengaluru,India,2026-08-21,20:00:00,22.3,23.7,84,0.0,0.0,14.5,245,913.0,98,3,Overcast
Bengaluru,India,2026-08-21,21:00:00,21.5,23.4,92,0.3,0.3,13.0,246,913.0,95,51,Light Drizzle
Bengaluru,India,2026-08-21,22:00:00,21.2,22.6,90,0.1,0.1,14.9,251,913.4,94,51,Light Drizzle
Bengaluru,India,2026-08-21,23:00:00,21.0,22.4,91,0.0,0.0,14.5,253,912.7,98,3,Overcast
Bengaluru,India,2026-08-22,00:00:00,20.4,21.7,92,0.0,0.0,14.3,251,912.3,92,3,Overcast
Bengaluru,India,2026-08-22,01:00:00,20.2,21.6,92,0.0,0.0,12.7,249,911.5,88,3,Overcast
Bengaluru,India,2026-08-22,02:00:00,19.9,21.4,93,0.0,0.0,11.8,250,910.9,98,3,Overcast
Bengaluru,India,2026-08-22,03:00:00,19.6,21.1,95,0.0,0.0,12.1,250,910.4,99,3,Overcast
Bengaluru,India,2026-08-22,04:00:00,19.5,20.9,95,0.0,0.0,12.1,252,910.7,96,3,Overcast
Bengaluru,India,2026-08-22,05:00:00,19.7,21.1,93,0.0,0.0,11.9,260,911.1,73,2,Partly Cloudy
Bengaluru,India,2026-08-22,06:00:00,19.5,20.9,94,0.0,0.0,11.8,264,911.4,93,3,Overcast
Bengaluru,India,2026-08-22,07:00:00,20.5,21.4,88,0.0,0.0,15.0,267,912.1,100,3,Overcast
Bengaluru,India,2026-08-22,08:00:00,22.3,22.6,78,0.1,0.1,19.3,266,912.7,100,51,Light Drizzle
Bengaluru,India,2026-08-22,09:00:00,23.5,23.9,73,0.1,0.1,18.2,263,912.7,100,51,Light Drizzle
Bengaluru,India,2026-08-22,10:00:00,24.1,25.3,73,0.0,0.0,14.2,252,912.9,100,3,Overcast
Bengaluru,India,2026-08-22,11:00:00,24.7,25.3,69,0.2,0.2,17.8,262,912.6,98,51,Light Drizzle
Bengaluru,India,2026-08-22,12:00:00,26.8,27.8,58,0.4,0.4,17.3,275,912.3,95,51,Light Drizzle
Bengaluru,India,2026-08-22,13:00:00,27.4,29.1,59,0.6,0.4,17.4,276,911.4,98,53,Moderate Drizzle
Bengaluru,India,2026-08-22,14:00:00,27.0,27.4,57,0.7,0.3,22.2,275,910.5,97,53,Moderate Drizzle
Bengaluru,India,2026-08-22,15:00:00,26.8,28.2,63,0.1,0.1,14.0,278,909.9,94,51,Light Drizzle
Bengaluru,India,2026-08-22,16:00:00,26.0,26.9,65,0.5,0.0,16.2,260,909.6,96,53,Moderate Drizzle
Bengaluru,India,2026-08-22,17:00:00,24.2,25.5,75,0.3,0.3,15.7,259,910.4,91,51,Light Drizzle
Bengaluru,India,2026-08-22,18:00:00,23.7,26.4,85,0.3,0.3,11.1,241,910.8,96,51,Light Drizzle
Bengaluru,India,2026-08-22,19:00:00,22.7,24.7,86,0.2,0.0,13.6,252,911.5,99,51,Light Drizzle
Bengaluru,India,2026-08-22,20:00:00,22.2,24.0,87,0.1,0.1,13.3,257,912.0,98,51,Light Drizzle
Bengaluru,India,2026-08-22,21:00:00,21.8,23.8,90,0.0,0.0,12.3,245,912.5,100,3,Overcast
Bengaluru,India,2026-08-22,22:00:00,21.5,23.4,90,0.0,0.0,13.0,259,912.8,99,3,Overcast
Bengaluru,India,2026-08-22,23:00:00,21.6,23.6,90,0.0,0.0,12.4,254,912.3,100,3,Overcast
Bengaluru,India,2026-08-23,00:00:00,21.0,22.9,92,0.0,0.0,12.2,250,911.4,100,3,Overcast
Bengaluru,India,2026-08-23,01:00:00,20.6,22.4,93,0.0,0.0,12.3,248,910.9,100,3,Overcast
Bengaluru,India,2026-08-23,02:00:00,20.2,21.9,96,0.0,0.0,12.9,251,910.4,100,3,Overcast
Bengaluru,India,2026-08-23,03:00:00,20.2,21.9,96,0.0,0.0,12.6,250,910.0,100,3,Overcast
Bengaluru,India,2026-08-23,04:00:00,20.0,21.7,95,0.0,0.0,12.6,251,910.2,100,3,Overcast
Bengaluru,India,2026-08-23,05:00:00,20.5,22.3,94,0.0,0.0,12.0,246,910.7,100,3,Overcast
Bengaluru,India,2026-08-23,06:00:00,20.5,22.4,94,0.0,0.0,11.1,250,910.9,100,3,Overcast
Bengaluru,India,2026-08-23,07:00:00,21.6,23.4,89,0.0,0.0,12.5,262,911.9,100,3,Overcast
Bengaluru,India,2026-08-23,08:00:00,23.6,24.8,77,0.1,0.0,16.0,270,912.5,100,51,Light Drizzle
Bengaluru,India,2026-08-23,09:00:00,24.5,25.8,73,0.1,0.1,15.5,267,912.8,99,51,Light Drizzle
Bengaluru,India,2026-08-23,10:00:00,25.8,26.8,66,0.2,0.2,15.8,268,913.0,98,51,Light Drizzle
Bengaluru,India,2026-08-23,11:00:00,27.1,28.7,60,0.2,0.2,17.3,269,912.6,98,51,Light Drizzle
Bengaluru,India,2026-08-23,12:00:00,27.4,29.3,59,0.7,0.5,17.8,269,911.9,98,53,Moderate Drizzle
Bengaluru,India,2026-08-23,13:00:00,27.2,28.3,60,0.7,0.5,16.8,264,911.0,100,53,Moderate Drizzle
Bengaluru,India,2026-08-23,14:00:00,26.6,27.4,63,0.8,0.3,17.9,267,910.4,99,53,Moderate Drizzle
Bengaluru,India,2026-08-23,15:00:00,27.3,28.5,62,0.0,0.0,16.2,273,910.1,100,3,Overcast
Bengaluru,India,2026-08-23,16:00:00,24.4,25.9,78,1.1,0.3,17.1,262,909.9,100,55,Heavy Drizzle
Bengaluru,India,2026-08-23,17:00:00,24.1,26.0,76,0.1,0.1,11.9,284,910.1,98,51,Light Drizzle
Bengaluru,India,2026-08-23,18:00:00,20.7,22.9,98,3.0,1.8,13.1,300,911.1,98,81,Moderate Rain Showers
Bengaluru,India,2026-08-23,19:00:00,21.1,23.3,96,2.5,2.1,13.2,266,911.0,100,81,Moderate Rain Showers
Bengaluru,India,2026-08-23,20:00:00,21.8,24.3,93,0.3,0.3,11.6,249,911.9,62,51,Light Drizzle
Bengaluru,India,2026-08-23,21:00:00,21.7,23.7,93,0.0,0.0,14.1,247,912.7,87,3,Overcast
Bengaluru,India,2026-08-23,22:00:00,21.1,22.8,92,0.0,0.0,13.8,254,912.7,62,2,Partly Cloudy
Bengaluru,India,2026-08-23,23:00:00,21.6,23.2,88,0.0,0.0,13.6,253,912.4,98,3,Overcast
Bengaluru,India,2026-08-24,00:00:00,21.2,22.7,89,0.0,0.0,13.9,256,912.0,93,3,Overcast
Bengaluru,India,2026-08-24,01:00:00,20.9,22.6,92,0.0,0.0,13.3,261,911.5,97,3,Overcast
Bengaluru,India,2026-08-24,02:00:00,20.8,22.4,93,0.0,0.0,13.8,261,910.9,99,3,Overcast
Bengaluru,India,2026-08-24,03:00:00,20.7,22.2,93,0.0,0.0,13.7,259,910.4,100,3,Overcast
Bengaluru,India,2026-08-24,04:00:00,20.4,21.8,93,0.0,0.0,14.1,260,910.4,100,3,Overcast
Bengaluru,India,2026-08-24,05:00:00,20.9,22.4,91,0.0,0.0,13.8,256,910.8,99,3,Overcast
Bengaluru,India,2026-08-24,06:00:00,20.8,22.3,91,0.0,0.0,13.6,258,911.0,100,3,Overcast
Bengaluru,India,2026-08-24,07:00:00,21.8,23.6,88,0.0,0.0,12.6,257,911.8,98,3,Overcast
Bengaluru,India,2026-08-24,08:00:00,23.2,24.1,79,0.0,0.0,18.1,263,912.3,100,3,Overcast
Bengaluru,India,2026-08-24,09:00:00,24.8,25.5,72,0.0,0.0,19.0,266,913.1,100,3,Overcast
Bengaluru,India,2026-08-24,10:00:00,25.7,26.8,69,0.0,0.0,18.0,266,913.4,100,3,Overcast
Bengaluru,India,2026-08-24,11:00:00,25.8,27.2,67,0.0,0.0,18.2,268,913.1,100,3,Overcast
Bengaluru,India,2026-08-24,12:00:00,25.0,27.0,72,0.5,0.2,11.2,271,912.1,100,53,Moderate Drizzle
Bengaluru,India,2026-08-24,13:00:00,23.8,26.7,83,3.4,0.2,16.6,261,911.8,99,95,Thunderstorm
Bengaluru,India,2026-08-24,14:00:00,23.0,25.3,88,2.0,0.8,13.2,274,910.7,100,80,Light Rain Showers
Bengaluru,India,2026-08-24,15:00:00,24.0,27.8,88,1.0,0.6,7.1,260,910.0,100,55,Heavy Drizzle
Bengaluru,India,2026-08-24,16:00:00,21.6,23.6,94,4.2,0.5,14.8,254,910.6,100,95,Thunderstorm
Bengaluru,India,2026-08-24,17:00:00,23.2,25.6,86,1.4,1.1,12.2,262,910.3,99,80,Light Rain Showers
Bengaluru,India,2026-08-24,18:00:00,20.7,23.7,97,5.3,0.2,6.3,250,911.3,100,95,Thunderstorm
Bengaluru,India,2026-08-24,19:00:00,21.4,23.4,94,0.4,0.3,14.1,254,911.7,99,51,Light Drizzle
Bengaluru,India,2026-08-24,20:00:00,21.2,23.2,95,0.0,0.0,13.5,257,911.6,100,3,Overcast
Bengaluru,India,2026-08-24,21:00:00,21.2,23.2,95,0.0,0.0,14.1,257,912.6,100,3,Overcast
Bengaluru,India,2026-08-24,22:00:00,21.1,22.8,94,0.0,0.0,15.3,255,912.8,99,3,Overcast
Bengaluru,India,2026-08-24,23:00:00,21.4,22.9,89,0.0,0.0,14.6,256,912.7,100,3,Overcast
Bengaluru,India,2026-08-25,00:00:00,21.2,22.9,91,0.0,0.0,13.7,252,911.8,100,3,Overcast
Bengaluru,India,2026-08-25,01:00:00,21.0,22.9,93,0.0,0.0,12.7,257,911.5,100,3,Overcast
Bengaluru,India,2026-08-25,02:00:00,20.9,22.9,93,0.0,0.0,12.2,251,911.1,100,3,Overcast
Bengaluru,India,2026-08-25,03:00:00,20.8,22.5,93,0.0,0.0,13.7,254,910.5,100,3,Overcast
Bengaluru,India,2026-08-25,04:00:00,20.6,22.4,94,0.0,0.0,12.9,250,910.5,99,3,Overcast
Bengaluru,India,2026-08-25,05:00:00,21.2,23.1,91,0.0,0.0,12.4,257,911.0,100,3,Overcast
Bengaluru,India,2026-08-25,06:00:00,21.1,23.0,91,0.0,0.0,11.3,256,911.3,97,3,Overcast
Bengaluru,India,2026-08-25,07:00:00,21.0,22.8,91,0.1,0.1,12.5,238,912.4,97,51,Light Drizzle
Bengaluru,India,2026-08-25,08:00:00,20.6,21.9,91,0.1,0.1,14.1,254,913.3,100,51,Light Drizzle
Bengaluru,India,2026-08-25,09:00:00,20.8,22.9,94,1.6,0.9,11.0,269,913.5,99,80,Light Rain Showers
Bengaluru,India,2026-08-25,10:00:00,22.3,23.9,89,1.9,0.3,16.2,270,913.7,100,80,Light Rain Showers
Bengaluru,India,2026-08-25,11:00:00,26.0,26.6,67,0.9,0.0,19.7,274,913.6,90,53,Moderate Drizzle
Bengaluru,India,2026-08-25,12:00:00,26.3,28.1,67,0.4,0.4,19.5,272,913.0,63,51,Light Drizzle
Bengaluru,India,2026-08-25,13:00:00,27.7,29.9,62,0.1,0.1,19.1,272,912.3,100,51,Light Drizzle
Bengaluru,India,2026-08-25,14:00:00,26.2,27.3,66,0.0,0.0,16.2,269,911.3,91,3,Overcast
Bengaluru,India,2026-08-25,15:00:00,25.0,26.7,74,0.7,0.2,14.0,262,911.3,79,53,Moderate Drizzle
Bengaluru,India,2026-08-25,16:00:00,25.4,26.6,73,0.4,0.2,18.0,254,910.8,80,51,Light Drizzle
Bengaluru,India,2026-08-25,17:00:00,24.4,27.0,80,0.1,0.1,11.2,229,910.7,100,51,Light Drizzle
Bengaluru,India,2026-08-25,18:00:00,24.2,26.4,80,0.0,0.0,13.1,245,911.1,100,3,Overcast
Bengaluru,India,2026-08-25,19:00:00,24.1,25.5,75,0.0,0.0,14.4,261,911.9,67,2,Partly Cloudy
Bengaluru,India,2026-08-25,20:00:00,23.3,24.2,77,0.0,0.0,16.9,263,912.5,87,3,Overcast
Bengaluru,India,2026-08-25,21:00:00,22.5,23.8,83,0.0,0.0,14.9,258,913.3,65,2,Partly Cloudy
Bengaluru,India,2026-08-25,22:00:00,22.1,23.7,85,0.0,0.0,13.6,259,913.7,61,2,Partly Cloudy
Bengaluru,India,2026-08-25,23:00:00,21.7,23.1,85,0.0,0.0,14.0,255,913.2,99,3,Overcast
Bengaluru,India,2026-08-26,00:00:00,21.4,22.7,88,0.0,0.0,15.3,261,912.9,59,2,Partly Cloudy
Bengaluru,India,2026-08-26,01:00:00,21.0,22.4,90,0.0,0.0,13.7,256,912.6,52,2,Partly Cloudy
Bengaluru,India,2026-08-26,02:00:00,20.6,22.0,92,0.0,0.0,13.5,260,912.1,87,3,Overcast
Bengaluru,India,2026-08-26,03:00:00,20.3,21.7,93,0.0,0.0,13.4,264,911.5,99,3,Overcast
Bengaluru,India,2026-08-26,04:00:00,20.1,21.4,93,0.0,0.0,13.7,256,911.7,61,2,Partly Cloudy
Bengaluru,India,2026-08-26,05:00:00,20.7,22.2,91,0.0,0.0,13.6,263,911.7,70,2,Partly Cloudy
Bengaluru,India,2026-08-26,06:00:00,20.5,22.0,92,0.0,0.0,13.0,260,911.9,89,3,Overcast
Bengaluru,India,2026-08-26,07:00:00,21.6,23.3,87,0.0,0.0,12.5,266,912.7,91,3,Overcast
Bengaluru,India,2026-08-26,08:00:00,23.5,24.3,76,0.1,0.0,17.3,274,913.8,98,51,Light Drizzle
Bengaluru,India,2026-08-26,09:00:00,24.2,25.9,75,0.1,0.1,13.2,265,914.1,75,51,Light Drizzle
Bengaluru,India,2026-08-26,10:00:00,25.1,26.5,70,0.2,0.1,15.7,270,914.1,97,51,Light Drizzle
Bengaluru,India,2026-08-26,11:00:00,26.7,29.2,64,0.1,0.1,15.9,274,914.1,66,51,Light Drizzle
Bengaluru,India,2026-08-26,12:00:00,27.2,30.5,63,0.4,0.2,15.8,287,913.4,38,51,Light Drizzle
Bengaluru,India,2026-08-26,13:00:00,28.7,31.8,58,0.0,0.0,16.4,279,912.3,100,3,Overcast
Bengaluru,India,2026-08-26,14:00:00,26.1,27.3,66,0.7,0.2,15.6,278,911.3,44,53,Moderate Drizzle
Bengaluru,India,2026-08-26,15:00:00,27.3,29.3,64,0.0,0.0,14.8,275,911.1,31,1,Mainly Clear
Bengaluru,India,2026-08-26,16:00:00,27.4,28.3,61,0.0,0.0,16.7,276,910.6,34,1,Mainly Clear
Bengaluru,India,2026-08-26,17:00:00,25.4,27.7,71,0.3,0.2,10.0,279,911.1,95,51,Light Drizzle
Bengaluru,India,2026-08-26,18:00:00,25.3,27.6,73,0.0,0.0,10.6,252,911.8,56,2,Partly Cloudy
Bengaluru,India,2026-08-26,19:00:00,24.3,26.3,76,0.0,0.0,11.6,257,912.4,98,3,Overcast
Bengaluru,India,2026-08-26,20:00:00,23.4,25.2,79,0.0,0.0,13.2,250,913.2,98,3,Overcast
Bengaluru,India,2026-08-26,21:00:00,22.5,24.1,83,0.0,0.0,13.8,255,913.7,90,3,Overcast
Bengaluru,India,2026-08-26,22:00:00,21.9,23.2,85,0.0,0.0,14.9,255,914.2,80,3,Overcast
Bengaluru,India,2026-08-26,23:00:00,21.7,22.9,86,0.0,0.0,15.2,260,913.6,95,3,Overcast
Bengaluru,India,2026-08-27,00:00:00,21.1,22.3,89,0.0,0.0,15.7,261,913.0,100,3,Overcast
Bengaluru,India,2026-08-27,01:00:00,20.7,22.0,92,0.0,0.0,15.2,266,912.6,94,3,Overcast
Bengaluru,India,2026-08-27,02:00:00,20.5,21.8,92,0.0,0.0,14.9,269,911.7,93,3,Overcast
Bengaluru,India,2026-08-27,03:00:00,20.4,21.6,93,0.0,0.0,14.8,272,911.1,84,3,Overcast
Bengaluru,India,2026-08-27,04:00:00,20.2,21.4,93,0.0,0.0,14.8,267,911.4,98,3,Overcast
Bengaluru,India,2026-08-27,05:00:00,20.8,22.2,91,0.0,0.0,13.7,265,911.7,96,3,Overcast
Bengaluru,India,2026-08-27,06:00:00,20.7,22.2,92,0.0,0.0,13.5,267,911.8,100,3,Overcast
Bengaluru,India,2026-08-27,07:00:00,22.0,23.2,85,0.0,0.0,15.5,272,912.8,90,3,Overcast
Bengaluru,India,2026-08-27,08:00:00,23.5,24.2,76,0.0,0.0,18.3,280,913.4,88,3,Overcast
Bengaluru,India,2026-08-27,09:00:00,24.8,25.6,70,0.1,0.0,17.2,276,913.7,85,51,Light Drizzle
Bengaluru,India,2026-08-27,10:00:00,26.0,27.0,65,0.1,0.0,18.1,276,913.8,94,51,Light Drizzle
Bengaluru,India,2026-08-27,11:00:00,26.1,27.2,65,0.1,0.1,18.9,274,913.8,86,51,Light Drizzle
Bengaluru,India,2026-08-27,12:00:00,27.5,30.0,58,0.3,0.2,18.5,277,913.3,84,51,Light Drizzle
Bengaluru,India,2026-08-27,13:00:00,28.4,30.6,55,0.2,0.1,18.2,282,912.3,94,51,Light Drizzle
Bengaluru,India,2026-08-27,14:00:00,28.8,30.8,54,0.1,0.1,17.5,282,911.4,90,51,Light Drizzle
Bengaluru,India,2026-08-27,15:00:00,28.8,30.3,54,0.1,0.1,16.6,283,911.3,98,51,Light Drizzle
Bengaluru,India,2026-08-27,16:00:00,27.9,28.5,56,0.1,0.1,16.1,276,910.6,100,51,Light Drizzle
Bengaluru,India,2026-08-27,17:00:00,25.6,27.8,68,0.5,0.4,8.5,270,911.4,95,53,Moderate Drizzle
Bengaluru,India,2026-08-27,18:00:00,25.1,27.6,71,0.0,0.0,7.9,250,911.6,95,3,Overcast
Bengaluru,India,2026-08-27,19:00:00,23.7,25.8,79,0.0,0.0,11.2,246,912.6,99,3,Overcast
Bengaluru,India,2026-08-27,20:00:00,23.2,25.2,83,0.0,0.0,12.4,260,913.0,100,3,Overcast
Bengaluru,India,2026-08-27,21:00:00,22.4,24.5,86,0.4,0.4,11.4,259,913.9,98,51,Light Drizzle
Bengaluru,India,2026-08-27,22:00:00,22.1,24.2,89,0.0,0.0,12.6,261,914.2,93,3,Overcast
Bengaluru,India,2026-08-27,23:00:00,21.9,23.8,89,0.0,0.0,13.0,256,913.6,69,2,Partly Cloudy
Bengaluru,India,2026-08-28,00:00:00,21.2,23.0,92,0.0,0.0,13.2,260,912.8,80,3,Overcast
Bengaluru,India,2026-08-28,01:00:00,20.7,22.5,93,0.0,0.0,12.8,260,912.0,48,1,Mainly Clear
Bengaluru,India,2026-08-28,02:00:00,20.3,22.1,95,0.0,0.0,12.0,261,911.5,25,1,Mainly Clear
Bengaluru,India,2026-08-28,03:00:00,20.0,21.7,96,0.0,0.0,12.2,262,911.1,71,2,Partly Cloudy
Bengaluru,India,2026-08-28,04:00:00,19.9,21.5,96,0.0,0.0,12.3,266,911.0,86,3,Overcast
Bengaluru,India,2026-08-28,05:00:00,20.3,21.9,95,0.0,0.0,12.9,263,911.4,92,3,Overcast
Bengaluru,India,2026-08-28,06:00:00,20.4,22.2,94,0.0,0.0,11.4,266,911.8,81,3,Overcast
Bengaluru,India,2026-08-28,07:00:00,21.3,22.8,89,0.0,0.0,14.2,269,912.6,66,2,Partly Cloudy
Bengaluru,India,2026-08-28,08:00:00,23.4,24.3,76,0.1,0.0,16.4,278,913.5,98,51,Light Drizzle
Bengaluru,India,2026-08-28,09:00:00,24.6,25.3,69,0.1,0.0,17.3,281,913.8,99,51,Light Drizzle
Bengaluru,India,2026-08-28,10:00:00,25.9,26.9,63,0.2,0.1,17.2,281,913.8,82,51,Light Drizzle
Bengaluru,India,2026-08-28,11:00:00,26.8,28.6,59,0.2,0.1,16.9,281,913.6,93,51,Light Drizzle
Bengaluru,India,2026-08-28,12:00:00,27.4,29.8,56,0.2,0.0,16.1,275,913.0,94,51,Light Drizzle
Bengaluru,India,2026-08-28,13:00:00,28.1,30.2,52,0.2,0.0,17.2,275,912.2,99,51,Light Drizzle
Bengaluru,India,2026-08-28,14:00:00,28.2,29.4,52,0.1,0.0,17.6,278,911.3,98,51,Light Drizzle
Bengaluru,India,2026-08-28,15:00:00,28.3,29.2,54,0.1,0.0,18.4,274,910.7,98,51,Light Drizzle
Bengaluru,India,2026-08-28,16:00:00,27.3,27.3,56,0.1,0.0,18.9,271,910.4,99,51,Light Drizzle
Bengaluru,India,2026-08-28,17:00:00,25.6,27.6,68,0.0,0.0,10.3,274,910.7,98,3,Overcast
Bengaluru,India,2026-08-28,18:00:00,25.3,26.9,67,0.0,0.0,10.9,261,911.5,45,1,Mainly Clear
Bengaluru,India,2026-08-28,19:00:00,24.0,25.6,74,0.0,0.0,12.2,243,912.4,62,2,Partly Cloudy
Bengaluru,India,2026-08-28,20:00:00,23.0,24.5,79,0.0,0.0,13.2,259,913.1,33,1,Mainly Clear
Bengaluru,India,2026-08-28,21:00:00,22.5,24.3,83,0.0,0.0,12.5,254,914.1,34,1,Mainly Clear
Bengaluru,India,2026-08-28,22:00:00,21.7,23.3,87,0.0,0.0,13.3,257,914.2,34,1,Mainly Clear
Bengaluru,India,2026-08-28,23:00:00,21.4,22.9,88,0.0,0.0,14.1,253,913.7,90,3,Overcast
Bengaluru,India,2026-08-29,00:00:00,20.9,22.2,90,0.0,0.0,14.8,260,912.9,81,3,Overcast
Bengaluru,India,2026-08-29,01:00:00,20.4,21.7,93,0.0,0.0,14.5,263,912.1,98,3,Overcast
Bengaluru,India,2026-08-29,02:00:00,20.2,21.4,93,0.0,0.0,14.6,267,911.6,66,2,Partly Cloudy
Bengaluru,India,2026-08-29,03:00:00,19.9,21.1,94,0.0,0.0,14.6,269,911.1,82,3,Overcast
Bengaluru,India,2026-08-29,04:00:00,19.7,20.9,95,0.0,0.0,14.2,268,911.0,97,3,Overcast
Bengaluru,India,2026-08-29,05:00:00,20.1,21.1,92,0.0,0.0,14.9,269,911.4,100,3,Overcast
Bengaluru,India,2026-08-29,06:00:00,20.0,21.2,93,0.0,0.0,14.2,269,911.9,99,3,Overcast
Bengaluru,India,2026-08-29,07:00:00,21.1,22.2,88,0.0,0.0,15.1,271,912.6,99,3,Overcast
Bengaluru,India,2026-08-29,08:00:00,22.7,23.3,78,0.1,0.1,18.2,273,913.4,100,51,Light Drizzle
Bengaluru,India,2026-08-29,09:00:00,24.0,24.2,71,0.1,0.0,19.7,275,913.9,99,51,Light Drizzle
Bengaluru,India,2026-08-29,10:00:00,25.5,26.4,66,0.1,0.0,18.4,273,914.0,100,51,Light Drizzle
Bengaluru,India,2026-08-29,11:00:00,25.7,27.8,65,0.2,0.0,17.4,275,913.8,99,51,Light Drizzle
Bengaluru,India,2026-08-29,12:00:00,27.4,29.7,59,0.1,0.0,18.4,273,913.2,95,51,Light Drizzle
Bengaluru,India,2026-08-29,13:00:00,28.0,30.1,57,0.3,0.1,18.4,272,912.5,63,51,Light Drizzle
Bengaluru,India,2026-08-29,14:00:00,25.6,26.5,62,1.0,0.5,22.3,268,911.6,98,55,Heavy Drizzle
Bengaluru,India,2026-08-29,15:00:00,25.6,26.5,63,0.3,0.3,13.5,280,911.3,100,51,Light Drizzle
Bengaluru,India,2026-08-29,16:00:00,26.7,27.1,59,0.1,0.0,17.5,280,911.1,56,51,Light Drizzle
Bengaluru,India,2026-08-29,17:00:00,24.2,25.3,72,0.5,0.3,14.5,264,911.6,100,53,Moderate Drizzle
Bengaluru,India,2026-08-29,18:00:00,23.9,24.1,71,0.0,0.0,19.3,275,911.7,98,3,Overcast
Bengaluru,India,2026-08-29,19:00:00,23.6,24.5,73,0.0,0.0,15.1,272,912.3,100,3,Overcast
Bengaluru,India,2026-08-29,20:00:00,23.3,23.9,72,0.0,0.0,15.3,267,913.2,100,3,Overcast
Bengaluru,India,2026-08-29,21:00:00,22.4,23.2,76,0.0,0.0,13.9,266,913.5,98,3,Overcast
Bengaluru,India,2026-08-29,22:00:00,21.8,22.7,79,0.0,0.0,13.7,259,913.7,100,3,Overcast
Bengaluru,India,2026-08-29,23:00:00,21.3,22.3,83,0.0,0.0,14.0,257,913.1,100,3,Overcast
Bengaluru,India,2026-08-30,00:00:00,20.8,21.8,85,0.0,0.0,13.4,263,912.7,100,3,Overcast
Bengaluru,India,2026-08-30,01:00:00,20.4,21.4,88,0.0,0.0,13.2,264,912.1,100,3,Overcast
Bengaluru,India,2026-08-30,02:00:00,19.9,21.1,91,0.0,0.0,13.0,265,911.6,99,3,Overcast
Bengaluru,India,2026-08-30,03:00:00,19.7,21.0,93,0.0,0.0,12.2,262,911.3,91,3,Overcast
Bengaluru,India,2026-08-30,04:00:00,19.5,20.8,93,0.0,0.0,12.1,259,911.2,93,3,Overcast
Bengaluru,India,2026-08-30,05:00:00,19.5,20.7,93,0.0,0.0,12.2,257,911.6,74,2,Partly Cloudy
Bengaluru,India,2026-08-30,06:00:00,19.5,20.8,93,0.0,0.0,11.4,255,912.1,66,2,Partly Cloudy
Bengaluru,India,2026-08-30,07:00:00,20.8,22.0,86,0.0,0.0,13.1,258,912.8,73,2,Partly Cloudy
Bengaluru,India,2026-08-30,08:00:00,22.8,23.2,75,0.1,0.1,16.7,269,913.1,100,51,Light Drizzle
Bengaluru,India,2026-08-30,09:00:00,24.0,24.2,68,0.0,0.0,17.8,273,913.8,100,3,Overcast
Bengaluru,India,2026-08-30,10:00:00,25.1,25.2,63,0.0,0.0,18.2,273,914.0,99,3,Overcast
Bengaluru,India,2026-08-30,11:00:00,26.3,26.1,58,0.2,0.2,19.7,275,913.9,98,51,Light Drizzle
Bengaluru,India,2026-08-30,12:00:00,27.4,28.8,54,0.6,0.4,19.8,278,913.4,77,53,Moderate Drizzle
Bengaluru,India,2026-08-30,13:00:00,28.4,29.7,50,0.2,0.2,19.8,277,912.6,98,51,Light Drizzle
Bengaluru,India,2026-08-30,14:00:00,28.8,29.7,50,0.1,0.1,18.6,279,911.8,98,51,Light Drizzle
Bengaluru,India,2026-08-30,15:00:00,27.6,27.6,52,0.2,0.2,18.2,268,911.5,98,51,Light Drizzle
Bengaluru,India,2026-08-30,16:00:00,27.2,27.1,54,0.6,0.4,17.3,272,911.1,89,53,Moderate Drizzle
Bengaluru,India,2026-08-30,17:00:00,26.1,26.0,58,0.9,0.5,18.0,288,911.6,100,53,Moderate Drizzle
Bengaluru,India,2026-08-30,18:00:00,23.8,25.1,74,0.3,0.3,13.6,278,912.2,98,51,Light Drizzle
Bengaluru,India,2026-08-30,19:00:00,23.0,24.7,78,0.0,0.0,11.0,273,912.6,32,1,Mainly Clear
Bengaluru,India,2026-08-30,20:00:00,22.8,24.2,79,0.0,0.0,12.5,282,913.0,54,2,Partly Cloudy
Bengaluru,India,2026-08-30,21:00:00,22.6,23.7,78,0.0,0.0,13.4,282,913.5,54,2,Partly Cloudy
Bengaluru,India,2026-08-30,22:00:00,22.0,23.3,80,0.0,0.0,12.1,276,913.7,45,1,Mainly Clear
Bengaluru,India,2026-08-30,23:00:00,21.5,22.6,83,0.0,0.0,13.6,259,913.1,45,1,Mainly Clear
Bengaluru,India,2026-08-31,00:00:00,20.6,21.8,89,0.0,0.0,13.8,262,912.9,68,2,Partly Cloudy
Bengaluru,India,2026-08-31,01:00:00,20.2,21.3,90,0.0,0.0,13.5,267,912.3,77,2,Partly Cloudy
Bengaluru,India,2026-08-31,02:00:00,19.8,20.8,90,0.0,0.0,13.2,268,911.9,93,3,Overcast
Bengaluru,India,2026-08-31,03:00:00,19.4,20.4,92,0.0,0.0,13.4,265,911.4,90,3,Overcast
Bengaluru,India,2026-08-31,04:00:00,19.3,20.4,93,0.0,0.0,13.0,268,911.5,89,3,Overcast
Bengaluru,India,2026-08-31,05:00:00,20.0,21.2,91,0.0,0.0,13.3,270,912.1,97,3,Overcast
Bengaluru,India,2026-08-31,06:00:00,20.1,21.3,91,0.0,0.0,13.2,274,912.3,100,3,Overcast
Bengaluru,India,2026-08-31,07:00:00,21.3,22.4,85,0.0,0.0,14.0,279,913.2,100,3,Overcast
Bengaluru,India,2026-08-31,08:00:00,23.0,23.2,75,0.1,0.0,18.6,287,913.9,100,51,Light Drizzle
Bengaluru,India,2026-08-31,09:00:00,24.1,24.2,69,0.1,0.0,19.1,286,913.9,100,51,Light Drizzle
Bengaluru,India,2026-08-31,10:00:00,26.0,26.4,60,0.0,0.0,19.3,286,914.1,100,3,Overcast
Bengaluru,India,2026-08-31,11:00:00,26.4,27.6,58,0.1,0.1,19.1,290,913.8,100,51,Light Drizzle
Bengaluru,India,2026-08-31,12:00:00,26.6,27.6,58,0.2,0.2,18.3,292,913.3,100,51,Light Drizzle
Bengaluru,India,2026-08-31,13:00:00,27.9,29.3,52,0.1,0.1,18.5,291,912.4,100,51,Light Drizzle
Bengaluru,India,2026-08-31,14:00:00,28.6,29.9,50,0.1,0.1,18.2,293,911.4,98,51,Light Drizzle
Bengaluru,India,2026-08-31,15:00:00,28.6,29.2,50,0.1,0.1,18.0,294,910.9,89,51,Light Drizzle
Bengaluru,India,2026-08-31,16:00:00,28.0,27.9,53,0.0,0.0,18.4,296,910.4,91,3,Overcast
Bengaluru,India,2026-08-31,17:00:00,26.8,27.1,55,0.2,0.2,14.9,295,911.0,97,51,Light Drizzle
Bengaluru,India,2026-08-31,18:00:00,25.6,26.6,61,0.0,0.0,11.0,295,911.5,100,3,Overcast
Bengaluru,India,2026-08-31,19:00:00,24.9,26.0,64,0.0,0.0,10.7,300,912.0,98,3,Overcast
Bengaluru,India,2026-08-31,20:00:00,24.2,25.3,67,0.0,0.0,11.2,296,912.4,99,3,Overcast
Bengaluru,India,2026-08-31,21:00:00,23.5,24.4,70,0.0,0.0,12.8,294,912.8,98,3,Overcast
Bengaluru,India,2026-08-31,22:00:00,22.8,23.8,75,0.0,0.0,13.3,298,913.2,88,3,Overcast
Bengaluru,India,2026-08-31,23:00:00,22.5,24.3,79,0.0,0.0,9.9,280,913.0,78,2,Partly Cloudy
Bengaluru,India,2026-09-01,00:00:00,21.5,23.4,85,0.0,0.0,9.9,261,912.2,84,3,Overcast
Bengaluru,India,2026-09-01,01:00:00,20.8,22.7,90,0.0,0.0,10.2,262,911.8,96,3,Overcast
Bengaluru,India,2026-09-01,02:00:00,20.3,22.3,93,0.0,0.0,9.6,264,911.4,100,3,Overcast
Bengaluru,India,2026-09-01,03:00:00,19.9,22.0,95,0.0,0.0,8.6,260,910.9,98,3,Overcast
Bengaluru,India,2026-09-01,04:00:00,19.7,21.7,96,0.0,0.0,8.9,262,910.9,98,3,Overcast
Bengaluru,India,2026-09-01,05:00:00,20.1,21.9,91,0.0,0.0,9.5,261,911.2,100,3,Overcast
Bengaluru,India,2026-09-01,06:00:00,19.8,21.8,93,0.0,0.0,8.7,265,911.7,98,3,Overcast
Bengaluru,India,2026-09-01,07:00:00,21.2,22.9,86,0.0,0.0,10.6,274,912.7,100,3,Overcast
Bengaluru,India,2026-09-01,08:00:00,23.0,24.1,76,0.0,0.0,14.1,292,913.4,100,3,Overcast
Bengaluru,India,2026-09-01,09:00:00,24.5,25.2,67,0.0,0.0,15.2,294,913.7,98,3,Overcast
Bengaluru,India,2026-09-01,10:00:00,26.2,27.5,59,0.1,0.1,14.5,298,913.9,93,51,Light Drizzle
Bengaluru,India,2026-09-01,11:00:00,27.4,29.4,55,0.4,0.3,15.7,300,913.9,63,51,Light Drizzle
Bengaluru,India,2026-09-01,12:00:00,27.8,30.2,52,0.2,0.2,14.7,299,913.3,88,51,Light Drizzle
Bengaluru,India,2026-09-01,13:00:00,28.4,30.7,50,0.3,0.3,14.0,294,912.4,99,51,Light Drizzle
Bengaluru,India,2026-09-01,14:00:00,28.5,30.5,51,0.1,0.0,13.2,290,911.7,82,51,Light Drizzle
Bengaluru,India,2026-09-01,15:00:00,28.7,30.4,51,0.0,0.0,12.6,290,911.5,74,2,Partly Cloudy
Bengaluru,India,2026-09-01,16:00:00,27.3,27.8,56,0.3,0.2,15.9,267,911.2,56,51,Light Drizzle
Bengaluru,India,2026-09-01,17:00:00,27.7,28.5,52,0.1,0.1,10.9,276,911.7,35,51,Light Drizzle
Bengaluru,India,2026-09-01,18:00:00,25.8,26.9,61,0.1,0.1,12.0,305,912.3,41,51,Light Drizzle
Bengaluru,India,2026-09-01,19:00:00,24.0,25.9,72,0.2,0.2,9.2,313,913.0,40,51,Light Drizzle
Bengaluru,India,2026-09-01,20:00:00,23.5,26.1,77,0.0,0.0,6.1,304,913.8,50,2,Partly Cloudy
Bengaluru,India,2026-09-01,21:00:00,23.3,25.9,80,0.0,0.0,6.9,275,914.3,52,2,Partly Cloudy
Bengaluru,India,2026-09-01,22:00:00,21.9,23.9,85,0.3,0.3,9.8,278,914.7,42,51,Light Drizzle
Bengaluru,India,2026-09-01,23:00:00,22.3,24.7,84,0.1,0.1,8.0,278,913.9,95,51,Light Drizzle
Bengaluru,India,2026-09-02,00:00:00,21.7,24.2,88,0.0,0.0,7.9,271,913.3,98,3,Overcast
Bengaluru,India,2026-09-02,01:00:00,21.4,23.5,89,0.0,0.0,10.0,256,912.7,95,3,Overcast
Bengaluru,India,2026-09-02,02:00:00,20.7,22.9,93,0.0,0.0,9.4,257,912.2,97,3,Overcast
Bengaluru,India,2026-09-02,03:00:00,20.2,22.3,95,0.0,0.0,9.1,249,912.1,55,2,Partly Cloudy
Bengaluru,India,2026-09-02,04:00:00,19.8,22.0,96,0.0,0.0,9.0,250,911.8,95,3,Overcast
Bengaluru,India,2026-09-02,05:00:00,20.3,22.6,95,0.0,0.0,9.2,268,912.1,94,3,Overcast
Bengaluru,India,2026-09-02,06:00:00,20.1,22.3,96,0.0,0.0,9.4,269,912.4,100,3,Overcast
Bengaluru,India,2026-09-02,07:00:00,21.2,22.9,89,0.0,0.0,11.6,282,913.0,95,3,Overcast
Bengaluru,India,2026-09-02,08:00:00,23.4,24.5,73,0.0,0.0,13.0,294,914.1,93,3,Overcast
Bengaluru,India,2026-09-02,09:00:00,25.4,26.6,64,0.0,0.0,11.8,290,914.5,96,3,Overcast
Bengaluru,India,2026-09-02,10:00:00,27.3,29.0,54,0.0,0.0,13.6,288,914.9,90,3,Overcast
Bengaluru,India,2026-09-02,11:00:00,28.4,30.7,49,0.0,0.0,12.0,294,914.6,84,3,Overcast
Bengaluru,India,2026-09-02,12:00:00,29.2,31.6,45,0.0,0.0,12.1,288,913.9,88,3,Overcast
Bengaluru,India,2026-09-02,13:00:00,30.2,33.0,43,0.0,0.0,12.0,284,913.3,84,3,Overcast
Bengaluru,India,2026-09-02,14:00:00,30.1,32.0,44,0.1,0.1,12.5,285,912.3,91,51,Light Drizzle
Bengaluru,India,2026-09-02,15:00:00,30.2,31.7,44,0.0,0.0,11.6,285,911.7,76,2,Partly Cloudy
Bengaluru,India,2026-09-02,16:00:00,29.9,30.5,44,0.0,0.0,11.4,286,911.4,95,3,Overcast
Bengaluru,India,2026-09-02,17:00:00,29.3,29.4,43,0.3,0.2,12.6,281,911.5,96,51,Light Drizzle
Bengaluru,India,2026-09-02,18:00:00,27.3,27.8,53,0.1,0.1,12.9,293,912.3,76,51,Light Drizzle
Bengaluru,India,2026-09-02,19:00:00,26.2,27.1,60,0.0,0.0,12.3,292,913.3,93,3,Overcast
Bengaluru,India,2026-09-02,20:00:00,24.8,26.4,69,0.0,0.0,10.4,262,914.3,51,2,Partly Cloudy
Bengaluru,India,2026-09-02,21:00:00,21.9,23.7,86,0.8,0.5,11.7,236,914.3,100,53,Moderate Drizzle
Bengaluru,India,2026-09-02,22:00:00,21.6,24.0,89,0.5,0.5,8.5,257,914.2,76,53,Moderate Drizzle
Bengaluru,India,2026-09-02,23:00:00,21.5,24.1,93,0.0,0.0,9.5,259,913.7,76,2,Partly Cloudy
Bengaluru,India,2026-09-03,00:00:00,21.3,23.9,91,0.0,0.0,7.9,254,912.9,94,3,Overcast
Bengaluru,India,2026-09-03,01:00:00,21.0,23.6,92,0.0,0.0,7.1,255,912.6,95,3,Overcast
Bengaluru,India,2026-09-03,02:00:00,20.5,22.8,94,0.0,0.0,8.5,258,912.1,97,3,Overcast
Bengaluru,India,2026-09-03,03:00:00,20.3,22.5,95,0.0,0.0,8.8,255,911.8,99,3,Overcast
Bengaluru,India,2026-09-03,04:00:00,20.2,22.3,94,0.0,0.0,8.8,251,911.8,98,3,Overcast
Bengaluru,India,2026-09-03,05:00:00,20.2,22.1,92,0.0,0.0,9.6,250,912.5,98,3,Overcast
Bengaluru,India,2026-09-03,06:00:00,20.1,22.3,93,0.0,0.0,8.2,261,912.4,98,3,Overcast
Bengaluru,India,2026-09-03,07:00:00,21.2,23.0,86,0.0,0.0,9.7,272,912.9,99,3,Overcast
Bengaluru,India,2026-09-03,08:00:00,23.0,24.3,74,0.0,0.0,11.4,275,914.0,95,3,Overcast
Bengaluru,India,2026-09-03,09:00:00,25.3,26.0,62,0.0,0.0,13.0,276,914.7,98,3,Overcast
Bengaluru,India,2026-09-03,10:00:00,26.6,27.5,56,0.0,0.0,14.2,279,914.7,97,3,Overcast
Bengaluru,India,2026-09-03,11:00:00,27.7,28.7,52,0.0,0.0,13.2,276,914.5,94,3,Overcast
Bengaluru,India,2026-09-03,12:00:00,28.4,29.7,48,0.3,0.3,15.0,275,913.5,99,51,Light Drizzle
Bengaluru,India,2026-09-03,13:00:00,28.7,29.6,48,0.6,0.6,16.3,281,912.6,98,53,Moderate Drizzle
Bengaluru,India,2026-09-03,14:00:00,28.4,29.9,52,0.2,0.2,15.6,285,911.6,100,51,Light Drizzle
Bengaluru,India,2026-09-03,15:00:00,28.1,28.6,52,0.0,0.0,14.9,287,911.2,100,3,Overcast
Bengaluru,India,2026-09-03,16:00:00,27.1,28.0,58,0.0,0.0,13.7,284,910.9,100,3,Overcast
Bengaluru,India,2026-09-03,17:00:00,27.0,28.4,60,0.0,0.0,12.1,275,911.3,84,3,Overcast
Bengaluru,India,2026-09-03,18:00:00,26.0,28.0,65,0.0,0.0,9.2,266,911.9,87,3,Overcast
Bengaluru,India,2026-09-03,19:00:00,25.5,27.5,69,0.0,0.0,10.3,270,912.3,92,3,Overcast
Bengaluru,India,2026-09-03,20:00:00,24.5,26.7,74,0.0,0.0,9.6,264,912.7,91,3,Overcast
Bengaluru,India,2026-09-03,21:00:00,23.5,25.8,78,0.1,0.0,8.6,244,913.2,100,51,Light Drizzle
Bengaluru,India,2026-09-03,22:00:00,21.7,24.1,91,1.6,0.3,10.1,266,913.5,98,80,Light Rain Showers
Bengaluru,India,2026-09-03,23:00:00,22.7,25.3,84,0.8,0.8,7.2,235,912.8,91,53,Moderate Drizzle
Bengaluru,India,2026-09-04,00:00:00,21.6,24.5,93,1.5,0.2,7.9,257,912.2,60,80,Light Rain Showers
Bengaluru,India,2026-09-04,01:00:00,21.4,24.4,95,0.2,0.2,8.2,247,911.9,95,51,Light Drizzle
Bengaluru,India,2026-09-04,02:00:00,21.2,23.8,96,0.0,0.0,9.7,258,911.5,59,2,Partly Cloudy
Bengaluru,India,2026-09-04,03:00:00,20.8,23.5,96,0.0,0.0,8.9,263,911.1,78,2,Partly Cloudy
Bengaluru,India,2026-09-04,04:00:00,20.6,23.3,97,0.0,0.0,8.5,258,911.4,89,3,Overcast
Bengaluru,India,2026-09-04,05:00:00,20.7,22.8,93,0.0,0.0,9.6,264,911.3,89,3,Overcast
Bengaluru,India,2026-09-04,06:00:00,20.5,22.8,94,0.0,0.0,8.4,255,912.4,64,2,Partly Cloudy
Bengaluru,India,2026-09-04,07:00:00,21.8,23.8,87,0.0,0.0,10.7,265,913.4,74,2,Partly Cloudy
Bengaluru,India,2026-09-04,08:00:00,23.7,25.3,75,0.0,0.0,12.2,284,914.3,99,3,Overcast
Bengaluru,India,2026-09-04,09:00:00,25.1,26.4,67,0.0,0.0,12.9,289,914.6,98,3,Overcast
Bengaluru,India,2026-09-04,10:00:00,26.9,29.0,60,0.1,0.1,11.7,290,914.6,98,51,Light Drizzle
Bengaluru,India,2026-09-04,11:00:00,27.8,30.0,54,0.1,0.1,11.0,296,914.3,98,51,Light Drizzle
Bengaluru,India,2026-09-04,12:00:00,28.7,31.6,52,0.2,0.1,11.2,294,914.1,98,51,Light Drizzle
Bengaluru,India,2026-09-04,13:00:00,29.0,31.5,50,0.3,0.3,11.4,285,913.2,91,51,Light Drizzle
Bengaluru,India,2026-09-04,14:00:00,29.3,31.4,49,0.4,0.4,13.1,285,912.4,96,51,Light Drizzle
Bengaluru,India,2026-09-04,15:00:00,28.8,30.1,53,0.4,0.2,13.0,284,912.0,88,51,Light Drizzle
Bengaluru,India,2026-09-04,16:00:00,28.8,30.1,54,0.0,0.0,11.9,285,911.7,96,3,Overcast
Bengaluru,India,2026-09-04,17:00:00,28.4,29.8,52,0.1,0.1,9.5,284,912.0,98,51,Light Drizzle
Bengaluru,India,2026-09-04,18:00:00,26.9,28.9,61,0.2,0.0,8.3,286,912.6,100,51,Light Drizzle
Bengaluru,India,2026-09-04,19:00:00,26.0,28.3,67,0.0,0.0,8.0,298,913.4,98,3,Overcast
Bengaluru,India,2026-09-04,20:00:00,25.0,26.9,70,0.0,0.0,10.1,286,913.7,99,3,Overcast
Bengaluru,India,2026-09-04,21:00:00,24.0,26.4,73,0.0,0.0,6.7,294,914.0,93,3,Overcast
Bengaluru,India,2026-09-04,22:00:00,23.8,25.7,73,0.0,0.0,8.5,297,914.3,98,3,Overcast
Bengaluru,India,2026-09-04,23:00:00,22.4,25.2,87,0.0,0.0,8.1,274,913.5,99,3,Overcast
Bengaluru,India,2026-09-05,00:00:00,22.5,25.2,87,0.0,0.0,8.1,241,913.5,95,3,Overcast
Bengaluru,India,2026-09-05,01:00:00,22.0,24.9,90,0.0,0.0,7.0,244,913.3,84,3,Overcast
Bengaluru,India,2026-09-05,02:00:00,21.9,24.9,92,0.0,0.0,7.4,266,912.8,58,2,Partly Cloudy
Bengaluru,India,2026-09-05,03:00:00,21.4,24.2,94,0.0,0.0,8.2,278,912.7,66,2,Partly Cloudy
Bengaluru,India,2026-09-05,04:00:00,21.0,23.8,94,0.0,0.0,7.0,282,913.0,98,3,Overcast
Bengaluru,India,2026-09-05,05:00:00,21.3,24.1,93,0.0,0.0,6.8,268,913.4,70,2,Partly Cloudy
Bengaluru,India,2026-09-05,06:00:00,20.9,23.6,94,0.0,0.0,6.7,273,913.7,91,3,Overcast
Bengaluru,India,2026-09-05,07:00:00,21.8,24.3,86,0.0,0.0,7.0,288,914.5,77,2,Partly Cloudy
Bengaluru,India,2026-09-05,08:00:00,23.6,25.5,74,0.0,0.0,9.0,290,915.4,54,2,Partly Cloudy
Bengaluru,India,2026-09-05,09:00:00,25.8,27.5,62,0.0,0.0,9.7,289,915.7,21,1,Mainly Clear
Bengaluru,India,2026-09-05,10:00:00,27.8,30.2,51,0.0,0.0,10.1,290,915.8,9,0,Clear Sky
Bengaluru,India,2026-09-05,11:00:00,29.3,32.1,45,0.0,0.0,10.1,289,915.9,25,1,Mainly Clear
Bengaluru,India,2026-09-05,12:00:00,30.2,33.0,41,0.0,0.0,10.5,287,915.2,40,1,Mainly Clear
Bengaluru,India,2026-09-05,13:00:00,30.7,33.0,40,0.0,0.0,11.0,285,914.5,27,1,Mainly Clear
Bengaluru,India,2026-09-05,14:00:00,30.8,32.7,39,0.0,0.0,11.3,283,913.2,30,1,Mainly Clear
Bengaluru,India,2026-09-05,15:00:00,30.6,31.6,40,0.0,0.0,11.4,286,912.8,60,2,Partly Cloudy
Bengaluru,India,2026-09-05,16:00:00,30.0,30.2,42,0.0,0.0,11.4,288,912.7,81,3,Overcast
Bengaluru,India,2026-09-05,17:00:00,30.2,30.4,40,0.0,0.0,10.0,291,912.5,49,1,Mainly Clear
Bengaluru,India,2026-09-05,18:00:00,28.7,29.1,46,0.0,0.0,10.2,288,913.0,24,1,Mainly Clear
Bengaluru,India,2026-09-05,19:00:00,27.7,28.6,51,0.0,0.0,9.5,292,913.8,19,0,Clear Sky
Bengaluru,India,2026-09-05,20:00:00,27.1,28.5,54,0.0,0.0,7.2,284,914.3,27,1,Mainly Clear
Bengaluru,India,2026-09-05,21:00:00,26.6,28.1,56,0.0,0.0,7.0,302,914.8,36,1,Mainly Clear
Bengaluru,India,2026-09-05,22:00:00,25.6,27.1,61,0.0,0.0,8.3,304,914.9,78,2,Partly Cloudy
Bengaluru,India,2026-09-05,23:00:00,25.4,26.9,62,0.0,0.0,8.6,303,914.7,94,3,Overcast
Bengaluru,India,2026-09-06,00:00:00,24.1,26.1,69,0.0,0.0,6.4,286,914.2,95,3,Overcast
Bengaluru,India,2026-09-06,01:00:00,23.5,25.4,74,0.0,0.0,8.5,288,913.8,92,3,Overcast
Bengaluru,India,2026-09-06,02:00:00,22.9,25.5,80,0.0,0.0,5.7,283,913.1,96,3,Overcast
Bengaluru,India,2026-09-06,03:00:00,22.2,25.0,84,0.0,0.0,5.2,264,913.3,98,3,Overcast
Bengaluru,India,2026-09-06,04:00:00,21.7,24.4,87,0.0,0.0,5.8,263,913.3,95,3,Overcast
Bengaluru,India,2026-09-06,05:00:00,21.7,24.1,86,0.0,0.0,7.2,273,913.7,92,3,Overcast
Bengaluru,India,2026-09-06,06:00:00,21.4,23.6,88,0.0,0.0,8.5,270,914.3,93,3,Overcast
Bengaluru,India,2026-09-06,07:00:00,22.4,24.3,81,0.0,0.0,9.6,282,915.1,98,3,Overcast
Bengaluru,India,2026-09-06,08:00:00,23.9,25.8,72,0.0,0.0,8.5,288,916.0,98,3,Overcast
Bengaluru,India,2026-09-06,09:00:00,26.0,27.8,61,0.0,0.0,8.7,284,916.5,99,3,Overcast
Bengaluru,India,2026-09-06,10:00:00,27.9,30.2,51,0.1,0.0,10.1,273,916.2,99,51,Light Drizzle
Bengaluru,India,2026-09-06,11:00:00,29.2,31.8,46,0.2,0.1,10.2,279,916.0,100,51,Light Drizzle
Bengaluru,India,2026-09-06,12:00:00,29.8,32.4,43,0.2,0.1,10.5,265,915.7,100,51,Light Drizzle
Bengaluru,India,2026-09-06,13:00:00,30.3,32.5,41,0.3,0.2,11.6,264,914.8,100,51,Light Drizzle
Bengaluru,India,2026-09-06,14:00:00,30.3,31.8,42,0.2,0.2,11.7,268,913.8,93,51,Light Drizzle
Bengaluru,India,2026-09-06,15:00:00,30.5,31.4,41,0.1,0.1,12.4,272,913.3,98,51,Light Drizzle
Bengaluru,India,2026-09-06,16:00:00,30.2,30.4,41,0.0,0.0,11.8,278,913.2,100,3,Overcast
Bengaluru,India,2026-09-06,17:00:00,30.3,30.1,38,0.0,0.0,11.5,271,913.5,99,3,Overcast
Bengaluru,India,2026-09-06,18:00:00,28.9,29.2,44,0.0,0.0,10.1,273,913.8,96,3,Overcast
Bengaluru,India,2026-09-06,19:00:00,27.9,28.6,49,0.0,0.0,10.1,273,914.6,95,3,Overcast
Bengaluru,India,2026-09-06,20:00:00,27.3,28.3,52,0.0,0.0,8.4,280,915.0,94,3,Overcast
Bengaluru,India,2026-09-06,21:00:00,26.8,28.0,54,0.0,0.0,7.5,285,915.5,98,3,Overcast
Bengaluru,India,2026-09-06,22:00:00,25.8,26.7,58,0.0,0.0,10.0,279,915.8,98,3,Overcast
Bengaluru,India,2026-09-06,23:00:00,24.9,26.3,64,0.0,0.0,9.2,259,915.4,98,3,Overcast
Bengaluru,India,2026-09-07,00:00:00,23.6,25.4,73,0.0,0.0,9.1,256,915.0,93,3,Overcast
Bengaluru,India,2026-09-07,01:00:00,22.8,24.9,80,0.0,0.0,9.1,262,914.7,99,3,Overcast
Bengaluru,India,2026-09-07,02:00:00,22.1,24.4,85,0.0,0.0,8.9,263,914.2,99,3,Overcast
Bengaluru,India,2026-09-07,03:00:00,21.7,24.0,88,0.0,0.0,9.2,277,913.6,100,3,Overcast
Bengaluru,India,2026-09-07,04:00:00,21.3,23.6,90,0.0,0.0,8.8,289,913.4,99,3,Overcast
Bengaluru,India,2026-09-07,05:00:00,21.1,23.4,90,0.0,0.0,9.2,290,913.8,98,3,Overcast
Bengaluru,India,2026-09-07,06:00:00,20.8,23.0,90,0.0,0.0,8.0,290,914.3,98,3,Overcast
Bengaluru,India,2026-09-07,07:00:00,21.8,23.7,83,0.0,0.0,9.6,296,915.2,92,3,Overcast
Bengaluru,India,2026-09-07,08:00:00,23.7,25.2,70,0.0,0.0,10.0,296,916.2,89,3,Overcast
Bengaluru,India,2026-09-07,09:00:00,25.8,27.3,61,0.0,0.0,9.3,288,916.7,65,2,Partly Cloudy
Bengaluru,India,2026-09-07,10:00:00,27.6,30.0,52,0.0,0.0,10.4,285,916.5,83,3,Overcast
Bengaluru,India,2026-09-07,11:00:00,28.9,31.1,45,0.0,0.0,11.7,281,916.1,66,2,Partly Cloudy
Bengaluru,India,2026-09-07,12:00:00,29.8,32.1,42,0.0,0.0,12.8,279,915.4,20,1,Mainly Clear
Bengaluru,India,2026-09-07,13:00:00,30.6,32.7,39,0.0,0.0,12.9,276,914.5,31,1,Mainly Clear
Bengaluru,India,2026-09-07,14:00:00,30.9,32.4,38,0.0,0.0,12.4,284,913.3,30,1,Mainly Clear
Bengaluru,India,2026-09-07,15:00:00,30.8,31.2,38,0.0,0.0,13.3,297,912.9,31,1,Mainly Clear
Bengaluru,India,2026-09-07,16:00:00,30.3,30.1,39,0.0,0.0,12.5,297,912.8,91,3,Overcast
Bengaluru,India,2026-09-07,17:00:00,29.9,29.8,39,0.0,0.0,11.0,274,913.1,66,2,Partly Cloudy
Bengaluru,India,2026-09-07,18:00:00,28.1,28.7,46,0.0,0.0,8.1,266,913.5,92,3,Overcast
Bengaluru,India,2026-09-07,19:00:00,27.5,29.0,52,0.0,0.0,5.2,241,914.0,57,2,Partly Cloudy
Bengaluru,India,2026-09-07,20:00:00,26.8,28.6,56,0.0,0.0,5.6,268,914.5,43,1,Mainly Clear
Bengaluru,India,2026-09-07,21:00:00,26.2,27.4,56,0.0,0.0,7.6,269,915.0,12,0,Clear Sky
Bengaluru,India,2026-09-07,22:00:00,24.9,25.6,61,0.0,0.0,10.9,243,915.6,22,1,Mainly Clear
Bengaluru,India,2026-09-07,23:00:00,24.3,25.8,67,0.0,0.0,9.1,238,915.1,20,1,Mainly Clear
Bengaluru,India,2026-09-08,00:00:00,23.3,25.3,75,0.0,0.0,8.4,250,914.7,20,1,Mainly Clear
Bengaluru,India,2026-09-08,01:00:00,22.8,25.0,81,0.0,0.0,9.2,263,914.1,31,1,Mainly Clear
Bengaluru,India,2026-09-08,02:00:00,22.3,24.5,85,0.0,0.0,9.9,267,913.6,35,1,Mainly Clear
Bengaluru,India,2026-09-08,03:00:00,21.8,24.0,87,0.0,0.0,9.2,267,913.2,43,1,Mainly Clear
Bengaluru,India,2026-09-08,04:00:00,21.2,23.4,89,0.0,0.0,9.2,264,913.2,55,2,Partly Cloudy
Bengaluru,India,2026-09-08,05:00:00,21.2,23.3,89,0.0,0.0,9.7,272,913.7,24,1,Mainly Clear
Bengaluru,India,2026-09-08,06:00:00,20.8,22.8,91,0.0,0.0,9.7,271,914.1,23,1,Mainly Clear
Bengaluru,India,2026-09-08,07:00:00,21.9,23.8,83,0.0,0.0,9.8,275,915.1,44,1,Mainly Clear
Bengaluru,India,2026-09-08,08:00:00,23.9,25.1,70,0.0,0.0,11.4,283,915.9,68,2,Partly Cloudy
Bengaluru,India,2026-09-08,09:00:00,26.1,27.2,58,0.0,0.0,12.3,281,916.2,70,2,Partly Cloudy
Bengaluru,India,2026-09-08,10:00:00,28.0,29.4,49,0.0,0.0,13.2,280,916.1,89,3,Overcast
Bengaluru,India,2026-09-08,11:00:00,29.1,31.0,44,0.0,0.0,13.3,278,915.9,81,3,Overcast
Bengaluru,India,2026-09-08,12:00:00,29.8,31.2,40,0.0,0.0,14.0,282,915.3,84,3,Overcast
Bengaluru,India,2026-09-08,13:00:00,30.1,30.8,39,0.0,0.0,13.4,285,914.4,39,1,Mainly Clear
Bengaluru,India,2026-09-08,14:00:00,31.0,31.7,37,0.0,0.0,14.6,280,912.9,63,2,Partly Cloudy
Bengaluru,India,2026-09-08,15:00:00,29.5,29.7,43,0.4,0.3,14.9,269,912.6,63,51,Light Drizzle
Bengaluru,India,2026-09-08,16:00:00,29.3,29.3,44,0.6,0.5,12.8,281,912.1,61,53,Moderate Drizzle
Bengaluru,India,2026-09-08,17:00:00,29.0,29.1,43,0.6,0.6,11.1,283,912.3,22,53,Moderate Drizzle
Bengaluru,India,2026-09-08,18:00:00,27.9,28.3,48,0.0,0.0,10.5,283,912.6,25,1,Mainly Clear
Bengaluru,India,2026-09-08,19:00:00,27.2,28.0,51,0.0,0.0,8.8,293,913.4,24,1,Mainly Clear
Bengaluru,India,2026-09-08,20:00:00,26.0,26.8,59,0.0,0.0,12.1,290,914.2,13,0,Clear Sky
Bengaluru,India,2026-09-08,21:00:00,24.7,26.0,67,0.0,0.0,11.9,270,914.9,20,1,Mainly Clear
Bengaluru,India,2026-09-08,22:00:00,23.6,25.1,72,0.0,0.0,10.8,268,915.3,23,1,Mainly Clear
Bengaluru,India,2026-09-08,23:00:00,20.9,23.7,91,0.0,0.0,5.0,229,914.7,100,3,Overcast
Bengaluru,India,2026-09-09,00:00:00,20.4,23.1,93,3.3,1.1,5.4,201,914.1,92,81,Moderate Rain Showers
Bengaluru,India,2026-09-09,01:00:00,20.8,23.4,94,1.4,0.6,7.9,246,913.2,89,80,Light Rain Showers
Bengaluru,India,2026-09-09,02:00:00,21.0,23.1,94,0.2,0.1,11.7,266,912.4,54,51,Light Drizzle
Bengaluru,India,2026-09-09,03:00:00,21.0,23.3,94,0.1,0.0,11.0,271,912.3,17,51,Light Drizzle
Bengaluru,India,2026-09-09,04:00:00,20.6,23.0,97,0.0,0.0,10.1,264,912.1,26,1,Mainly Clear
Bengaluru,India,2026-09-09,05:00:00,21.3,23.7,90,0.0,0.0,8.8,268,912.6,35,1,Mainly Clear
Bengaluru,India,2026-09-09,06:00:00,20.8,23.0,92,0.0,0.0,9.0,270,912.9,27,1,Mainly Clear
Bengaluru,India,2026-09-09,07:00:00,22.0,23.6,82,0.0,0.0,11.4,286,913.8,44,1,Mainly Clear
Bengaluru,India,2026-09-09,08:00:00,23.9,24.7,70,0.0,0.0,14.6,297,914.4,64,2,Partly Cloudy
Bengaluru,India,2026-09-09,09:00:00,25.9,26.2,58,0.0,0.0,14.3,303,914.8,79,2,Partly Cloudy
Bengaluru,India,2026-09-09,10:00:00,27.9,28.8,49,0.0,0.0,14.4,303,914.8,78,2,Partly Cloudy
Bengaluru,India,2026-09-09,11:00:00,29.1,30.7,45,0.0,0.0,12.9,302,915.1,91,3,Overcast
Bengaluru,India,2026-09-09,12:00:00,29.1,30.8,46,0.1,0.1,11.8,299,914.1,85,51,Light Drizzle
Bengaluru,India,2026-09-09,13:00:00,30.5,32.6,41,0.0,0.0,12.2,294,913.0,81,3,Overcast
Bengaluru,India,2026-09-09,14:00:00,30.6,31.9,40,0.0,0.0,13.0,294,911.7,84,3,Overcast
Bengaluru,India,2026-09-09,15:00:00,30.6,31.4,40,0.0,0.0,12.8,292,911.2,75,2,Partly Cloudy
Bengaluru,India,2026-09-09,16:00:00,30.2,30.2,41,0.0,0.0,12.2,296,911.1,92,3,Overcast
Bengaluru,India,2026-09-09,17:00:00,29.3,29.6,44,0.0,0.0,11.0,308,911.3,98,3,Overcast
Bengaluru,India,2026-09-09,18:00:00,28.1,28.6,48,0.0,0.0,10.3,317,911.7,98,3,Overcast
Bengaluru,India,2026-09-09,19:00:00,27.3,28.3,52,0.0,0.0,8.9,317,912.4,99,3,Overcast
Bengaluru,India,2026-09-09,20:00:00,26.8,28.3,54,0.0,0.0,6.4,295,912.8,100,3,Overcast
Bengaluru,India,2026-09-09,21:00:00,26.4,28.0,57,0.0,0.0,5.5,293,913.3,99,3,Overcast
Bengaluru,India,2026-09-09,22:00:00,25.3,26.5,62,0.0,0.0,9.6,273,913.6,97,3,Overcast
Bengaluru,India,2026-09-09,23:00:00,24.1,25.8,69,0.0,0.0,8.0,278,913.1,94,3,Overcast
Bengaluru,India,2026-09-10,00:00:00,23.1,25.1,76,0.0,0.0,7.7,261,912.5,87,3,Overcast
Bengaluru,India,2026-09-10,01:00:00,22.5,24.6,80,0.0,0.0,8.1,265,911.9,77,2,Partly Cloudy
Bengaluru,India,2026-09-10,02:00:00,22.0,24.1,83,0.0,0.0,8.5,275,911.7,26,1,Mainly Clear
Bengaluru,India,2026-09-10,03:00:00,21.5,23.6,86,0.0,0.0,8.7,275,911.4,26,1,Mainly Clear
Bengaluru,India,2026-09-10,04:00:00,21.2,23.3,89,0.0,0.0,9.0,273,911.5,46,1,Mainly Clear
Bengaluru,India,2026-09-10,05:00:00,21.5,23.8,87,0.0,0.0,8.5,271,911.8,41,1,Mainly Clear
Bengaluru,India,2026-09-10,06:00:00,21.0,23.2,90,0.0,0.0,9.4,270,911.9,78,2,Partly Cloudy
Bengaluru,India,2026-09-10,07:00:00,22.1,23.7,84,0.0,0.0,12.0,287,912.7,77,2,Partly Cloudy
Bengaluru,India,2026-09-10,08:00:00,24.1,25.2,71,0.0,0.0,13.7,305,913.5,77,2,Partly Cloudy
Bengaluru,India,2026-09-10,09:00:00,26.8,27.6,57,0.0,0.0,12.9,314,913.9,92,3,Overcast
Bengaluru,India,2026-09-10,10:00:00,28.2,30.2,52,0.1,0.0,12.4,317,914.1,53,51,Light Drizzle
Bengaluru,India,2026-09-10,11:00:00,29.3,31.4,47,0.2,0.1,12.5,320,913.7,57,51,Light Drizzle
Bengaluru,India,2026-09-10,12:00:00,30.6,33.3,43,0.1,0.0,12.1,319,912.7,95,51,Light Drizzle
Bengaluru,India,2026-09-10,13:00:00,31.0,33.5,42,0.3,0.2,11.5,321,911.7,86,51,Light Drizzle
Bengaluru,India,2026-09-10,14:00:00,30.9,32.9,42,0.7,0.6,11.1,314,910.8,91,53,Moderate Drizzle
Bengaluru,India,2026-09-10,15:00:00,30.3,31.2,44,0.7,0.5,9.8,310,910.4,98,53,Moderate Drizzle
Bengaluru,India,2026-09-10,16:00:00,29.4,30.6,48,1.0,0.7,9.1,306,910.2,99,55,Heavy Drizzle
Bengaluru,India,2026-09-10,17:00:00,28.8,30.0,50,0.6,0.4,9.2,313,910.2,99,53,Moderate Drizzle
Bengaluru,India,2026-09-10,18:00:00,27.8,29.4,55,0.9,0.4,8.5,306,910.6,100,53,Moderate Drizzle
Bengaluru,India,2026-09-10,19:00:00,27.0,29.3,60,0.1,0.1,6.1,304,911.5,100,51,Light Drizzle
Bengaluru,India,2026-09-10,20:00:00,25.0,26.7,69,0.3,0.2,10.8,237,912.3,100,51,Light Drizzle
Bengaluru,India,2026-09-10,21:00:00,23.1,25.5,83,0.6,0.6,9.4,246,912.6,99,53,Moderate Drizzle
Bengaluru,India,2026-09-10,22:00:00,22.6,25.1,85,0.0,0.0,9.3,238,912.6,98,3,Overcast
Bengaluru,India,2026-09-10,23:00:00,22.2,24.7,88,0.0,0.0,9.1,245,912.1,99,3,Overcast
Chennai,India,2026-08-11,00:00:00,26.0,30.7,95,5.7,0.8,13.9,251,1005.7,100,95,Thunderstorm
Chennai,India,2026-08-11,01:00:00,26.0,31.1,95,1.5,1.5,11.4,252,1004.2,100,80,Light Rain Showers
Chennai,India,2026-08-11,02:00:00,26.2,31.7,95,0.2,0.2,9.4,259,1003.6,98,51,Light Drizzle
Chennai,India,2026-08-11,03:00:00,26.1,31.2,94,0.0,0.0,11.6,255,1003.2,91,3,Overcast
Chennai,India,2026-08-11,04:00:00,26.1,30.7,91,0.0,0.0,11.9,247,1003.4,78,2,Partly Cloudy
Chennai,India,2026-08-11,05:00:00,26.3,31.6,90,0.0,0.0,8.1,233,1003.9,91,3,Overcast
Chennai,India,2026-08-11,06:00:00,26.5,31.9,90,0.0,0.0,7.8,244,1004.1,95,3,Overcast
Chennai,India,2026-08-11,07:00:00,27.6,33.4,86,0.0,0.0,6.9,245,1004.5,98,3,Overcast
Chennai,India,2026-08-11,08:00:00,29.1,34.9,80,0.0,0.0,7.7,239,1004.8,100,3,Overcast
Chennai,India,2026-08-11,09:00:00,30.8,36.1,70,0.0,0.0,9.2,247,1004.8,97,3,Overcast
Chennai,India,2026-08-11,10:00:00,32.2,37.3,61,0.0,0.0,9.8,264,1004.7,91,3,Overcast
Chennai,India,2026-08-11,11:00:00,32.3,38.3,60,0.0,0.0,8.8,268,1004.3,96,3,Overcast
Chennai,India,2026-08-11,12:00:00,33.6,39.5,56,0.0,0.0,10.0,277,1003.8,93,3,Overcast
Chennai,India,2026-08-11,13:00:00,34.5,40.8,53,0.0,0.0,8.6,271,1002.4,87,3,Overcast
Chennai,India,2026-08-11,14:00:00,35.0,41.2,51,0.0,0.0,6.9,265,1001.4,71,2,Partly Cloudy
Chennai,India,2026-08-11,15:00:00,34.8,39.9,50,0.0,0.0,5.3,208,1000.9,95,3,Overcast
Chennai,India,2026-08-11,16:00:00,31.8,37.7,72,0.3,0.1,10.3,155,1000.9,73,95,Thunderstorm
Chennai,India,2026-08-11,17:00:00,31.0,36.8,75,0.4,0.4,10.9,140,1001.6,98,51,Light Drizzle
Chennai,India,2026-08-11,18:00:00,28.0,33.1,87,1.0,1.0,13.7,181,1003.2,93,55,Heavy Drizzle
Chennai,India,2026-08-11,19:00:00,28.1,32.9,83,0.2,0.2,13.0,152,1003.0,51,51,Light Drizzle
Chennai,India,2026-08-11,20:00:00,28.8,34.5,84,0.0,0.0,11.6,159,1004.1,41,1,Mainly Clear
Chennai,India,2026-08-11,21:00:00,29.2,34.3,81,0.0,0.0,13.4,175,1005.0,52,2,Partly Cloudy
Chennai,India,2026-08-11,22:00:00,29.1,34.7,85,0.0,0.0,13.6,192,1005.5,86,3,Overcast
Chennai,India,2026-08-11,23:00:00,29.4,34.4,83,0.0,0.0,16.9,202,1005.4,97,3,Overcast
Chennai,India,2026-08-12,00:00:00,29.0,33.4,81,0.0,0.0,18.4,208,1004.8,97,3,Overcast
Chennai,India,2026-08-12,01:00:00,28.1,32.1,80,0.0,0.0,15.6,216,1004.0,84,3,Overcast
Chennai,India,2026-08-12,02:00:00,27.5,31.3,80,0.0,0.0,13.6,219,1003.5,87,3,Overcast
Chennai,India,2026-08-12,03:00:00,27.1,31.1,80,0.0,0.0,11.6,224,1003.5,91,3,Overcast
Chennai,India,2026-08-12,04:00:00,27.1,31.1,80,0.0,0.0,11.0,244,1004.0,94,3,Overcast
Chennai,India,2026-08-12,05:00:00,27.7,32.0,80,0.0,0.0,12.3,233,1004.1,82,3,Overcast
Chennai,India,2026-08-12,06:00:00,27.7,32.0,79,0.0,0.0,10.7,239,1004.6,89,3,Overcast
Chennai,India,2026-08-12,07:00:00,28.6,33.3,76,0.0,0.0,9.6,254,1005.6,73,2,Partly Cloudy
Chennai,India,2026-08-12,08:00:00,30.2,34.7,68,0.0,0.0,9.0,260,1006.0,81,3,Overcast
Chennai,India,2026-08-12,09:00:00,31.6,36.1,62,0.0,0.0,8.9,264,1005.8,69,2,Partly Cloudy
Chennai,India,2026-08-12,10:00:00,32.7,38.4,58,0.0,0.0,8.3,264,1005.7,76,2,Partly Cloudy
Chennai,India,2026-08-12,11:00:00,33.6,40.0,55,0.0,0.0,7.8,265,1005.2,94,3,Overcast
Chennai,India,2026-08-12,12:00:00,34.3,40.8,51,0.2,0.2,6.7,256,1004.8,93,51,Light Drizzle
Chennai,India,2026-08-12,13:00:00,34.5,40.8,52,0.1,0.1,6.3,235,1004.0,99,51,Light Drizzle
Chennai,India,2026-08-12,14:00:00,34.3,40.0,54,0.1,0.1,6.8,205,1003.1,100,51,Light Drizzle
Chennai,India,2026-08-12,15:00:00,33.2,38.1,61,0.0,0.0,10.1,161,1003.2,98,3,Overcast
Chennai,India,2026-08-12,16:00:00,31.6,37.5,75,0.0,0.0,13.8,154,1002.9,99,3,Overcast
Chennai,India,2026-08-12,17:00:00,30.7,36.7,77,0.0,0.0,10.0,152,1003.6,100,3,Overcast
Chennai,India,2026-08-12,18:00:00,30.2,36.7,79,0.1,0.1,7.6,149,1004.2,98,51,Light Drizzle
Chennai,India,2026-08-12,19:00:00,29.9,36.0,80,0.0,0.0,8.5,152,1004.8,98,3,Overcast
Chennai,India,2026-08-12,20:00:00,29.7,36.0,82,0.0,0.0,9.0,168,1005.8,98,3,Overcast
Chennai,India,2026-08-12,21:00:00,29.5,35.3,81,0.0,0.0,11.0,185,1006.8,97,3,Overcast
Chennai,India,2026-08-12,22:00:00,29.3,34.7,81,0.0,0.0,12.0,193,1007.3,99,3,Overcast
Chennai,India,2026-08-12,23:00:00,29.7,35.3,84,0.0,0.0,14.9,188,1006.9,99,3,Overcast
Chennai,India,2026-08-13,00:00:00,29.2,34.3,84,0.1,0.1,16.6,206,1006.4,99,51,Light Drizzle
Chennai,India,2026-08-13,01:00:00,28.9,33.8,80,0.0,0.0,13.3,208,1005.7,99,3,Overcast
Chennai,India,2026-08-13,02:00:00,28.2,32.9,80,0.0,0.0,11.6,227,1005.4,95,3,Overcast
Chennai,India,2026-08-13,03:00:00,27.7,32.6,83,0.0,0.0,10.1,246,1005.5,89,3,Overcast
Chennai,India,2026-08-13,04:00:00,27.6,32.8,83,0.0,0.0,8.6,237,1005.6,100,3,Overcast
Chennai,India,2026-08-13,05:00:00,28.5,33.7,80,0.0,0.0,9.6,230,1005.8,98,3,Overcast
Chennai,India,2026-08-13,06:00:00,28.4,33.4,81,0.0,0.0,11.0,256,1006.4,98,3,Overcast
Chennai,India,2026-08-13,07:00:00,29.4,34.3,76,0.0,0.0,10.5,254,1006.9,95,3,Overcast
Chennai,India,2026-08-13,08:00:00,30.9,35.2,66,0.0,0.0,11.2,270,1007.3,99,3,Overcast
Chennai,India,2026-08-13,09:00:00,32.2,36.0,58,0.0,0.0,11.2,280,1007.4,98,3,Overcast
Chennai,India,2026-08-13,10:00:00,33.4,38.2,54,0.0,0.0,9.8,277,1007.3,93,3,Overcast
Chennai,India,2026-08-13,11:00:00,33.6,38.2,52,0.0,0.0,14.6,288,1007.3,98,3,Overcast
Chennai,India,2026-08-13,12:00:00,34.1,37.7,50,0.0,0.0,15.5,293,1006.1,100,3,Overcast
Chennai,India,2026-08-13,13:00:00,34.7,38.2,47,0.0,0.0,14.9,300,1005.4,100,3,Overcast
Chennai,India,2026-08-13,14:00:00,34.8,37.6,46,0.1,0.0,13.6,299,1004.3,100,51,Light Drizzle
Chennai,India,2026-08-13,15:00:00,35.0,38.3,45,0.0,0.0,8.7,300,1003.8,100,3,Overcast
Chennai,India,2026-08-13,16:00:00,34.5,38.8,46,0.0,0.0,1.3,90,1003.2,100,3,Overcast
Chennai,India,2026-08-13,17:00:00,31.6,35.7,62,0.0,0.0,10.7,121,1004.1,98,3,Overcast
Chennai,India,2026-08-13,18:00:00,31.3,35.5,63,0.1,0.1,9.2,157,1004.7,98,51,Light Drizzle
Chennai,India,2026-08-13,19:00:00,31.0,34.9,62,0.0,0.0,10.8,170,1005.6,98,3,Overcast
Chennai,India,2026-08-13,20:00:00,30.8,35.4,68,0.0,0.0,11.1,173,1006.5,100,3,Overcast
Chennai,India,2026-08-13,21:00:00,30.6,35.1,69,0.0,0.0,11.3,188,1007.1,100,3,Overcast
Chennai,India,2026-08-13,22:00:00,30.0,34.9,75,0.0,0.0,12.3,203,1007.5,100,3,Overcast
Chennai,India,2026-08-13,23:00:00,30.0,34.5,73,0.0,0.0,13.3,208,1006.6,99,3,Overcast
Chennai,India,2026-08-14,00:00:00,27.8,31.8,80,0.7,0.0,14.7,263,1006.9,98,53,Moderate Drizzle
Chennai,India,2026-08-14,01:00:00,27.3,32.8,88,1.1,0.3,8.1,258,1006.3,98,55,Heavy Drizzle
Chennai,India,2026-08-14,02:00:00,27.4,33.0,88,0.0,0.0,8.3,256,1005.8,95,3,Overcast
Chennai,India,2026-08-14,03:00:00,27.7,33.4,87,0.0,0.0,8.0,242,1005.6,96,3,Overcast
Chennai,India,2026-08-14,04:00:00,27.7,33.1,86,0.0,0.0,8.8,250,1005.9,98,3,Overcast
Chennai,India,2026-08-14,05:00:00,28.3,33.8,83,0.0,0.0,9.3,262,1005.7,97,3,Overcast
Chennai,India,2026-08-14,06:00:00,28.3,33.1,80,0.0,0.0,10.8,268,1006.3,97,3,Overcast
Chennai,India,2026-08-14,07:00:00,29.3,33.6,73,0.0,0.0,11.2,271,1007.0,97,3,Overcast
Chennai,India,2026-08-14,08:00:00,30.5,34.8,67,0.0,0.0,10.3,275,1007.0,100,3,Overcast
Chennai,India,2026-08-14,09:00:00,31.7,35.0,59,0.0,0.0,13.6,292,1007.1,100,3,Overcast
Chennai,India,2026-08-14,10:00:00,32.6,36.5,55,0.0,0.0,13.1,295,1006.8,100,3,Overcast
Chennai,India,2026-08-14,11:00:00,33.7,38.7,53,0.0,0.0,12.1,297,1006.1,99,3,Overcast
Chennai,India,2026-08-14,12:00:00,34.5,40.3,50,0.0,0.0,11.0,296,1005.7,98,3,Overcast
Chennai,India,2026-08-14,13:00:00,35.0,40.8,49,0.1,0.1,9.8,283,1004.7,99,51,Light Drizzle
Chennai,India,2026-08-14,14:00:00,35.0,40.9,49,0.3,0.2,6.5,236,1003.8,98,51,Light Drizzle
Chennai,India,2026-08-14,15:00:00,35.1,39.5,48,0.1,0.1,6.8,228,1003.3,98,51,Light Drizzle
Chennai,India,2026-08-14,16:00:00,33.8,38.4,54,0.0,0.0,7.0,159,1002.9,97,3,Overcast
Chennai,India,2026-08-14,17:00:00,30.5,35.8,77,0.1,0.1,13.9,140,1003.7,94,51,Light Drizzle
Chennai,India,2026-08-14,18:00:00,30.1,35.2,74,0.2,0.2,10.9,174,1004.4,99,51,Light Drizzle
Chennai,India,2026-08-14,19:00:00,30.2,36.2,76,0.0,0.0,7.3,169,1004.8,100,3,Overcast
Chennai,India,2026-08-14,20:00:00,30.2,36.0,76,0.0,0.0,8.0,170,1005.4,99,3,Overcast
Chennai,India,2026-08-14,21:00:00,30.2,35.7,76,0.0,0.0,10.3,184,1006.2,100,3,Overcast
Chennai,India,2026-08-14,22:00:00,29.9,35.1,78,0.0,0.0,12.8,179,1006.3,100,3,Overcast
Chennai,India,2026-08-14,23:00:00,30.0,35.6,81,0.0,0.0,13.5,181,1005.7,98,3,Overcast
Chennai,India,2026-08-15,00:00:00,29.3,34.4,79,0.0,0.0,12.6,209,1005.0,91,3,Overcast
Chennai,India,2026-08-15,01:00:00,28.8,33.2,77,0.0,0.0,12.3,214,1005.1,94,3,Overcast
Chennai,India,2026-08-15,02:00:00,28.2,32.3,75,0.0,0.0,11.5,226,1005.6,100,3,Overcast
Chennai,India,2026-08-15,03:00:00,28.1,32.4,76,0.0,0.0,9.2,242,1005.3,99,3,Overcast
Chennai,India,2026-08-15,04:00:00,28.1,32.4,76,0.0,0.0,9.3,255,1005.5,91,3,Overcast
Chennai,India,2026-08-15,05:00:00,28.7,33.1,74,0.0,0.0,10.4,255,1005.5,98,3,Overcast
Chennai,India,2026-08-15,06:00:00,28.5,32.4,73,0.0,0.0,11.2,266,1006.0,97,3,Overcast
Chennai,India,2026-08-15,07:00:00,29.1,33.1,70,0.0,0.0,10.4,279,1006.8,91,3,Overcast
Chennai,India,2026-08-15,08:00:00,30.4,34.2,64,0.0,0.0,10.3,286,1006.9,98,3,Overcast
Chennai,India,2026-08-15,09:00:00,31.4,34.1,56,0.0,0.0,14.1,286,1007.2,98,3,Overcast
Chennai,India,2026-08-15,10:00:00,32.3,35.2,54,0.0,0.0,13.4,284,1007.0,99,3,Overcast
Chennai,India,2026-08-15,11:00:00,32.7,36.4,54,0.0,0.0,15.3,287,1006.6,98,3,Overcast
Chennai,India,2026-08-15,12:00:00,33.8,38.0,50,0.0,0.0,14.7,294,1006.1,98,3,Overcast
Chennai,India,2026-08-15,13:00:00,33.8,36.2,48,0.0,0.0,14.8,296,1005.1,84,3,Overcast
Chennai,India,2026-08-15,14:00:00,35.3,38.7,43,0.0,0.0,12.4,291,1004.0,89,3,Overcast
Chennai,India,2026-08-15,15:00:00,35.5,39.7,43,0.0,0.0,5.2,264,1003.6,96,3,Overcast
Chennai,India,2026-08-15,16:00:00,34.8,38.8,45,0.0,0.0,2.7,157,1003.0,89,3,Overcast
Chennai,India,2026-08-15,17:00:00,32.9,37.4,55,0.0,0.0,6.1,130,1003.9,100,3,Overcast
Chennai,India,2026-08-15,18:00:00,30.4,36.1,77,0.0,0.0,11.5,146,1004.2,100,3,Overcast
Chennai,India,2026-08-15,19:00:00,29.9,34.3,73,0.0,0.0,13.9,177,1005.1,100,3,Overcast
Chennai,India,2026-08-15,20:00:00,29.5,34.8,81,0.0,0.0,13.7,182,1005.9,100,3,Overcast
Chennai,India,2026-08-15,21:00:00,29.5,34.9,81,0.0,0.0,12.5,196,1006.8,99,3,Overcast
Chennai,India,2026-08-15,22:00:00,29.2,34.6,81,0.0,0.0,11.8,205,1007.0,99,3,Overcast
Chennai,India,2026-08-15,23:00:00,29.7,35.0,82,0.0,0.0,15.3,192,1006.1,100,3,Overcast
Chennai,India,2026-08-16,00:00:00,29.3,34.5,82,0.0,0.0,14.4,196,1005.3,100,3,Overcast
Chennai,India,2026-08-16,01:00:00,29.1,34.1,80,0.0,0.0,12.7,210,1005.0,98,3,Overcast
Chennai,India,2026-08-16,02:00:00,28.6,33.4,78,0.0,0.0,10.5,232,1004.8,52,2,Partly Cloudy
Chennai,India,2026-08-16,03:00:00,28.2,33.2,79,0.0,0.0,8.7,253,1004.8,30,1,Mainly Clear
Chennai,India,2026-08-16,04:00:00,27.8,32.9,82,0.0,0.0,8.7,263,1005.0,9,0,Clear Sky
Chennai,India,2026-08-16,05:00:00,28.6,33.3,78,0.0,0.0,10.6,247,1005.1,73,2,Partly Cloudy
Chennai,India,2026-08-16,06:00:00,28.8,32.4,70,0.0,0.0,11.4,259,1005.5,91,3,Overcast
Chennai,India,2026-08-16,07:00:00,30.0,33.1,62,0.0,0.0,11.5,261,1006.2,97,3,Overcast
Chennai,India,2026-08-16,08:00:00,31.4,34.1,57,0.0,0.0,14.1,264,1006.5,64,2,Partly Cloudy
Chennai,India,2026-08-16,09:00:00,32.4,35.6,53,0.0,0.0,12.4,280,1006.8,73,2,Partly Cloudy
Chennai,India,2026-08-16,10:00:00,33.5,38.2,51,0.0,0.0,10.2,288,1006.5,74,2,Partly Cloudy
Chennai,India,2026-08-16,11:00:00,34.1,39.4,49,0.0,0.0,10.6,300,1005.9,77,2,Partly Cloudy
Chennai,India,2026-08-16,12:00:00,34.8,39.7,46,0.0,0.0,10.1,316,1005.0,96,3,Overcast
Chennai,India,2026-08-16,13:00:00,35.2,40.7,43,0.1,0.1,4.7,358,1004.3,88,51,Light Drizzle
Chennai,India,2026-08-16,14:00:00,33.9,39.6,53,0.1,0.1,7.9,91,1003.4,96,51,Light Drizzle
Chennai,India,2026-08-16,15:00:00,32.2,37.0,64,0.2,0.2,13.6,107,1003.3,91,51,Light Drizzle
Chennai,India,2026-08-16,16:00:00,31.8,36.7,69,0.2,0.2,13.5,126,1003.3,97,51,Light Drizzle
Chennai,India,2026-08-16,17:00:00,31.5,35.6,64,0.1,0.1,13.0,137,1003.9,100,51,Light Drizzle
Chennai,India,2026-08-16,18:00:00,30.8,36.3,74,0.0,0.0,11.4,141,1004.8,99,3,Overcast
Chennai,India,2026-08-16,19:00:00,30.5,35.9,75,0.0,0.0,11.9,151,1005.8,100,3,Overcast
Chennai,India,2026-08-16,20:00:00,30.4,35.4,74,0.0,0.0,12.9,162,1006.7,99,3,Overcast
Chennai,India,2026-08-16,21:00:00,30.0,35.8,81,0.0,0.0,12.5,169,1007.3,96,3,Overcast
Chennai,India,2026-08-16,22:00:00,30.0,35.7,80,0.0,0.0,11.9,177,1007.6,100,3,Overcast
Chennai,India,2026-08-16,23:00:00,30.0,35.3,78,0.0,0.0,13.9,181,1007.0,93,3,Overcast
Chennai,India,2026-08-17,00:00:00,29.6,35.0,79,0.0,0.0,11.9,190,1006.6,100,3,Overcast
Chennai,India,2026-08-17,01:00:00,29.3,34.6,78,0.0,0.0,9.8,200,1006.2,99,3,Overcast
Chennai,India,2026-08-17,02:00:00,28.9,34.0,77,0.0,0.0,9.0,211,1005.9,100,3,Overcast
Chennai,India,2026-08-17,03:00:00,28.5,33.4,77,0.0,0.0,8.6,213,1005.6,98,3,Overcast
Chennai,India,2026-08-17,04:00:00,28.3,33.3,77,0.0,0.0,7.3,226,1006.0,89,3,Overcast
Chennai,India,2026-08-17,05:00:00,28.6,33.4,77,0.0,0.0,9.3,227,1006.0,85,3,Overcast
Chennai,India,2026-08-17,06:00:00,28.7,33.2,76,0.0,0.0,10.5,251,1006.3,95,3,Overcast
Chennai,India,2026-08-17,07:00:00,29.7,33.7,70,0.0,0.0,11.9,267,1007.1,94,3,Overcast
Chennai,India,2026-08-17,08:00:00,31.0,34.6,63,0.0,0.0,12.4,271,1007.4,97,3,Overcast
Chennai,India,2026-08-17,09:00:00,31.9,35.1,57,0.0,0.0,12.9,283,1007.9,95,3,Overcast
Chennai,India,2026-08-17,10:00:00,33.1,36.7,52,0.0,0.0,11.2,288,1007.8,97,3,Overcast
Chennai,India,2026-08-17,11:00:00,34.3,38.9,48,0.0,0.0,10.6,288,1007.5,97,3,Overcast
Chennai,India,2026-08-17,12:00:00,34.7,39.3,47,0.1,0.1,8.3,300,1006.7,98,51,Light Drizzle
Chennai,India,2026-08-17,13:00:00,35.3,41.4,43,0.1,0.1,1.9,17,1006.0,99,51,Light Drizzle
Chennai,India,2026-08-17,14:00:00,34.2,39.4,50,0.1,0.1,6.3,92,1004.9,96,51,Light Drizzle
Chennai,India,2026-08-17,15:00:00,33.0,37.9,59,0.1,0.1,11.2,96,1004.6,95,51,Light Drizzle
Chennai,India,2026-08-17,16:00:00,31.7,36.6,69,0.3,0.3,12.9,99,1004.3,95,51,Light Drizzle
Chennai,India,2026-08-17,17:00:00,30.8,35.0,71,0.3,0.3,17.3,133,1005.5,87,51,Light Drizzle
Chennai,India,2026-08-17,18:00:00,30.5,36.0,74,0.1,0.1,9.3,144,1005.9,41,51,Light Drizzle
Chennai,India,2026-08-17,19:00:00,30.3,36.2,76,0.0,0.0,8.1,143,1006.6,13,0,Clear Sky
Chennai,India,2026-08-17,20:00:00,30.1,35.6,76,0.0,0.0,9.9,161,1007.3,16,0,Clear Sky
Chennai,India,2026-08-17,21:00:00,30.0,35.1,76,0.0,0.0,11.7,176,1008.2,52,2,Partly Cloudy
Chennai,India,2026-08-17,22:00:00,29.6,35.3,84,0.0,0.0,13.6,187,1008.8,83,3,Overcast
Chennai,India,2026-08-17,23:00:00,30.0,35.7,83,0.0,0.0,15.8,173,1008.1,89,3,Overcast
Chennai,India,2026-08-18,00:00:00,29.6,34.5,82,0.0,0.0,16.8,186,1007.6,67,2,Partly Cloudy
Chennai,India,2026-08-18,01:00:00,28.8,33.6,80,0.0,0.0,12.6,202,1007.2,86,3,Overcast
Chennai,India,2026-08-18,02:00:00,28.1,32.6,79,0.0,0.0,12.0,217,1006.8,73,2,Partly Cloudy
Chennai,India,2026-08-18,03:00:00,27.7,32.3,81,0.0,0.0,10.4,219,1006.9,79,2,Partly Cloudy
Chennai,India,2026-08-18,04:00:00,27.5,32.3,82,0.0,0.0,9.4,220,1007.0,53,2,Partly Cloudy
Chennai,India,2026-08-18,05:00:00,28.6,33.8,79,0.0,0.0,8.7,227,1006.9,22,1,Mainly Clear
Chennai,India,2026-08-18,06:00:00,28.9,33.8,77,0.0,0.0,9.4,241,1007.3,18,0,Clear Sky
Chennai,India,2026-08-18,07:00:00,30.8,34.2,62,0.0,0.0,12.0,263,1007.9,36,1,Mainly Clear
Chennai,India,2026-08-18,08:00:00,32.3,34.0,51,0.0,0.0,17.3,279,1008.4,6,0,Clear Sky
Chennai,India,2026-08-18,09:00:00,33.4,35.5,46,0.0,0.0,14.6,286,1008.7,21,1,Mainly Clear
Chennai,India,2026-08-18,10:00:00,34.9,38.1,42,0.0,0.0,12.7,293,1008.8,38,1,Mainly Clear
Chennai,India,2026-08-18,11:00:00,35.9,39.8,40,0.0,0.0,12.5,298,1008.1,46,1,Mainly Clear
Chennai,India,2026-08-18,12:00:00,35.9,40.0,39,0.0,0.0,11.5,309,1007.2,87,3,Overcast
Chennai,India,2026-08-18,13:00:00,36.1,41.2,39,0.0,0.0,5.1,6,1006.4,98,3,Overcast
Chennai,India,2026-08-18,14:00:00,35.0,39.9,44,0.1,0.1,6.0,85,1005.4,100,51,Light Drizzle
Chennai,India,2026-08-18,15:00:00,32.6,36.0,56,0.3,0.3,14.7,101,1004.8,98,51,Light Drizzle
Chennai,India,2026-08-18,16:00:00,32.1,35.3,57,0.1,0.1,13.6,107,1004.5,44,51,Light Drizzle
Chennai,India,2026-08-18,17:00:00,32.8,36.9,56,0.1,0.1,8.9,122,1004.5,100,51,Light Drizzle
Chennai,India,2026-08-18,18:00:00,32.2,35.5,55,0.0,0.0,10.9,135,1005.2,100,3,Overcast
Chennai,India,2026-08-18,19:00:00,31.8,34.9,57,0.0,0.0,13.5,150,1005.9,99,3,Overcast
Chennai,India,2026-08-18,20:00:00,31.5,35.0,61,0.0,0.0,13.7,162,1006.5,97,3,Overcast
Chennai,India,2026-08-18,21:00:00,31.1,35.3,68,0.0,0.0,14.4,177,1007.4,97,3,Overcast
Chennai,India,2026-08-18,22:00:00,30.8,35.8,72,0.0,0.0,12.3,184,1007.7,100,3,Overcast
Chennai,India,2026-08-18,23:00:00,31.2,35.7,67,0.2,0.0,12.7,174,1007.5,99,95,Thunderstorm
Chennai,India,2026-08-19,00:00:00,28.6,32.7,78,0.1,0.1,15.5,193,1007.5,89,51,Light Drizzle
Chennai,India,2026-08-19,01:00:00,27.8,32.5,80,0.1,0.1,9.6,206,1007.0,51,51,Light Drizzle
Chennai,India,2026-08-19,02:00:00,27.6,31.3,79,0.1,0.1,14.1,238,1007.0,44,51,Light Drizzle
Chennai,India,2026-08-19,03:00:00,26.1,30.1,86,0.5,0.3,11.9,232,1006.7,99,53,Moderate Drizzle
Chennai,India,2026-08-19,04:00:00,25.8,30.3,91,1.5,0.6,11.6,223,1006.9,97,80,Light Rain Showers
Chennai,India,2026-08-19,05:00:00,27.7,32.8,79,0.3,0.3,5.6,205,1006.9,85,51,Light Drizzle
Chennai,India,2026-08-19,06:00:00,27.1,31.5,83,0.0,0.0,11.7,319,1007.9,99,3,Overcast
Chennai,India,2026-08-19,07:00:00,27.6,33.0,82,0.4,0.4,5.7,298,1007.9,66,51,Light Drizzle
Chennai,India,2026-08-19,08:00:00,30.0,35.3,72,0.1,0.1,6.6,287,1008.0,84,51,Light Drizzle
Chennai,India,2026-08-19,09:00:00,32.5,36.9,58,0.0,0.0,8.1,287,1007.9,90,3,Overcast
Chennai,India,2026-08-19,10:00:00,34.6,38.8,48,0.0,0.0,12.6,296,1007.7,40,1,Mainly Clear
Chennai,India,2026-08-19,11:00:00,35.9,41.1,44,0.0,0.0,10.7,306,1007.4,91,3,Overcast
Chennai,India,2026-08-19,12:00:00,35.2,40.3,45,0.8,0.4,8.3,304,1006.9,99,53,Moderate Drizzle
Chennai,India,2026-08-19,13:00:00,34.7,39.8,48,0.3,0.1,5.3,55,1006.1,100,51,Light Drizzle
Chennai,India,2026-08-19,14:00:00,28.9,33.5,77,3.1,0.3,11.8,65,1005.5,99,81,Moderate Rain Showers
Chennai,India,2026-08-19,15:00:00,30.4,35.9,68,0.5,0.5,3.1,149,1004.8,100,53,Moderate Drizzle
Chennai,India,2026-08-19,16:00:00,31.4,36.6,65,0.0,0.0,6.5,104,1005.0,100,3,Overcast
Chennai,India,2026-08-19,17:00:00,31.6,36.0,65,0.0,0.0,12.6,142,1005.1,99,3,Overcast
Chennai,India,2026-08-19,18:00:00,30.1,35.2,75,0.0,0.0,11.3,170,1006.0,98,3,Overcast
Chennai,India,2026-08-19,19:00:00,29.9,35.4,77,0.0,0.0,10.1,190,1006.9,99,3,Overcast
Chennai,India,2026-08-19,20:00:00,29.6,35.3,79,0.0,0.0,8.8,191,1007.3,98,3,Overcast
Chennai,India,2026-08-19,21:00:00,29.4,34.8,80,0.0,0.0,11.5,190,1007.8,92,3,Overcast
Chennai,India,2026-08-19,22:00:00,28.9,34.0,80,0.0,0.0,11.6,213,1008.5,55,2,Partly Cloudy
Chennai,India,2026-08-19,23:00:00,27.8,32.6,85,0.6,0.4,13.5,199,1008.1,31,53,Moderate Drizzle
Chennai,India,2026-08-20,00:00:00,27.5,31.9,86,0.0,0.0,15.3,197,1007.7,18,0,Clear Sky
Chennai,India,2026-08-20,01:00:00,26.8,31.4,88,0.0,0.0,12.6,211,1007.4,41,1,Mainly Clear
Chennai,India,2026-08-20,02:00:00,26.7,31.5,88,0.0,0.0,11.2,233,1006.6,38,1,Mainly Clear
Chennai,India,2026-08-20,03:00:00,26.7,31.8,89,0.0,0.0,10.7,233,1006.7,27,1,Mainly Clear
Chennai,India,2026-08-20,04:00:00,26.6,31.7,91,0.0,0.0,10.9,234,1006.7,52,2,Partly Cloudy
Chennai,India,2026-08-20,05:00:00,27.3,31.8,85,0.1,0.1,12.7,216,1006.3,17,51,Light Drizzle
Chennai,India,2026-08-20,06:00:00,27.4,32.3,84,0.0,0.0,10.7,222,1006.8,26,1,Mainly Clear
Chennai,India,2026-08-20,07:00:00,28.7,33.5,78,0.0,0.0,10.5,233,1007.5,20,1,Mainly Clear
Chennai,India,2026-08-20,08:00:00,30.6,35.0,68,0.0,0.0,11.6,244,1007.8,20,1,Mainly Clear
Chennai,India,2026-08-20,09:00:00,32.3,36.3,59,0.0,0.0,11.0,265,1008.0,38,1,Mainly Clear
Chennai,India,2026-08-20,10:00:00,33.8,38.7,54,0.0,0.0,10.7,283,1007.6,59,2,Partly Cloudy
Chennai,India,2026-08-20,11:00:00,34.8,40.3,50,0.0,0.0,11.0,296,1006.6,76,2,Partly Cloudy
Chennai,India,2026-08-20,12:00:00,35.3,41.3,48,0.0,0.0,8.9,304,1005.9,36,1,Mainly Clear
Chennai,India,2026-08-20,13:00:00,35.8,41.9,45,0.0,0.0,7.1,324,1004.9,51,2,Partly Cloudy
Chennai,India,2026-08-20,14:00:00,34.9,40.8,47,0.5,0.5,3.4,72,1004.0,58,53,Moderate Drizzle
Chennai,India,2026-08-20,15:00:00,32.5,37.1,60,0.7,0.5,11.9,108,1003.7,63,53,Moderate Drizzle
Chennai,India,2026-08-20,16:00:00,31.0,35.4,69,0.5,0.4,14.1,143,1003.4,27,53,Moderate Drizzle
Chennai,India,2026-08-20,17:00:00,32.5,36.8,62,0.1,0.1,13.1,136,1003.6,28,51,Light Drizzle
Chennai,India,2026-08-20,18:00:00,31.9,36.8,67,0.0,0.0,12.9,160,1004.6,30,1,Mainly Clear
Chennai,India,2026-08-20,19:00:00,29.9,35.0,76,0.7,0.5,11.6,199,1005.5,38,53,Moderate Drizzle
Chennai,India,2026-08-20,20:00:00,29.9,35.0,76,0.0,0.0,11.6,196,1006.4,46,1,Mainly Clear
Chennai,India,2026-08-20,21:00:00,29.6,34.5,76,0.0,0.0,12.2,188,1007.2,33,1,Mainly Clear
Chennai,India,2026-08-20,22:00:00,28.9,33.8,78,0.0,0.0,11.2,195,1007.5,100,3,Overcast
Chennai,India,2026-08-20,23:00:00,29.5,34.4,76,0.0,0.0,11.1,210,1007.3,100,3,Overcast
Chennai,India,2026-08-21,00:00:00,29.0,33.6,76,0.0,0.0,11.6,219,1006.8,88,3,Overcast
Chennai,India,2026-08-21,01:00:00,28.3,32.9,77,0.0,0.0,9.3,238,1005.7,54,2,Partly Cloudy
Chennai,India,2026-08-21,02:00:00,28.0,32.2,77,0.0,0.0,10.9,241,1005.1,90,3,Overcast
Chennai,India,2026-08-21,03:00:00,27.8,31.9,78,0.0,0.0,11.4,242,1004.9,80,3,Overcast
Chennai,India,2026-08-21,04:00:00,27.6,31.9,79,0.0,0.0,10.7,248,1005.1,50,2,Partly Cloudy
Chennai,India,2026-08-21,05:00:00,28.4,32.7,77,0.0,0.0,11.7,247,1005.4,42,1,Mainly Clear
Chennai,India,2026-08-21,06:00:00,28.6,32.3,72,0.0,0.0,12.2,256,1005.8,17,0,Clear Sky
Chennai,India,2026-08-21,07:00:00,30.5,33.3,58,0.0,0.0,11.5,269,1006.2,21,1,Mainly Clear
Chennai,India,2026-08-21,08:00:00,32.2,33.9,50,0.0,0.0,15.5,283,1006.6,9,0,Clear Sky
Chennai,India,2026-08-21,09:00:00,33.5,35.8,46,0.0,0.0,13.4,294,1006.6,17,0,Clear Sky
Chennai,India,2026-08-21,10:00:00,34.9,38.8,44,0.0,0.0,10.8,302,1006.2,11,0,Clear Sky
Chennai,India,2026-08-21,11:00:00,35.4,40.7,44,0.0,0.0,7.7,324,1005.8,46,1,Mainly Clear
Chennai,India,2026-08-21,12:00:00,36.3,42.5,41,0.1,0.0,2.2,55,1005.4,83,51,Light Drizzle
Chennai,India,2026-08-21,13:00:00,35.2,39.8,45,0.0,0.0,9.0,85,1004.5,100,3,Overcast
Chennai,India,2026-08-21,14:00:00,31.7,35.3,58,0.1,0.0,17.0,107,1003.8,93,51,Light Drizzle
Chennai,India,2026-08-21,15:00:00,29.4,33.6,67,2.3,1.7,7.5,156,1004.4,78,80,Light Rain Showers
Chennai,India,2026-08-21,16:00:00,30.9,35.0,62,0.7,0.7,8.7,153,1004.1,61,53,Moderate Drizzle
Chennai,India,2026-08-21,17:00:00,30.0,34.2,72,0.3,0.3,14.8,181,1004.4,93,51,Light Drizzle
Chennai,India,2026-08-21,18:00:00,30.0,34.8,72,0.0,0.0,10.3,230,1005.7,97,3,Overcast
Chennai,India,2026-08-21,19:00:00,28.9,33.9,77,0.0,0.0,9.4,240,1006.0,98,3,Overcast
Chennai,India,2026-08-21,20:00:00,28.6,33.3,78,0.0,0.0,11.4,209,1006.5,100,3,Overcast
Chennai,India,2026-08-21,21:00:00,28.3,32.4,76,0.0,0.0,11.9,207,1007.0,95,3,Overcast
Chennai,India,2026-08-21,22:00:00,28.1,31.7,73,0.0,0.0,12.2,221,1007.5,90,3,Overcast
Chennai,India,2026-08-21,23:00:00,28.7,32.2,69,0.0,0.0,11.9,229,1006.3,99,3,Overcast
Chennai,India,2026-08-22,00:00:00,27.8,31.5,74,0.0,0.0,11.3,252,1006.1,96,3,Overcast
Chennai,India,2026-08-22,01:00:00,27.2,31.1,79,0.0,0.0,11.9,240,1005.5,83,3,Overcast
Chennai,India,2026-08-22,02:00:00,27.1,31.2,81,0.0,0.0,11.8,237,1005.0,75,2,Partly Cloudy
Chennai,India,2026-08-22,03:00:00,27.1,31.3,81,0.0,0.0,11.2,238,1004.8,82,3,Overcast
Chennai,India,2026-08-22,04:00:00,26.9,31.2,82,0.0,0.0,10.1,237,1005.1,88,3,Overcast
Chennai,India,2026-08-22,05:00:00,28.2,31.0,70,0.0,0.0,14.8,257,1005.2,65,2,Partly Cloudy
Chennai,India,2026-08-22,06:00:00,27.8,30.7,71,0.0,0.0,13.2,259,1005.6,92,3,Overcast
Chennai,India,2026-08-22,07:00:00,28.7,32.0,68,0.0,0.0,11.7,261,1006.3,87,3,Overcast
Chennai,India,2026-08-22,08:00:00,30.2,32.8,61,0.0,0.0,14.1,274,1006.8,64,2,Partly Cloudy
Chennai,India,2026-08-22,09:00:00,31.6,34.0,54,0.0,0.0,14.6,279,1006.9,64,2,Partly Cloudy
Chennai,India,2026-08-22,10:00:00,32.8,36.5,50,0.0,0.0,13.5,283,1006.7,79,2,Partly Cloudy
Chennai,India,2026-08-22,11:00:00,33.7,37.6,46,0.0,0.0,14.2,294,1006.2,90,3,Overcast
Chennai,India,2026-08-22,12:00:00,34.7,38.7,43,0.0,0.0,13.3,297,1005.6,83,3,Overcast
Chennai,India,2026-08-22,13:00:00,35.6,39.3,39,0.0,0.0,13.4,296,1004.3,72,2,Partly Cloudy
Chennai,India,2026-08-22,14:00:00,36.0,39.9,38,0.0,0.0,7.3,314,1003.1,46,1,Mainly Clear
Chennai,India,2026-08-22,15:00:00,34.8,39.0,44,0.0,0.0,4.9,98,1002.6,59,2,Partly Cloudy
Chennai,India,2026-08-22,16:00:00,32.9,37.3,59,0.0,0.0,10.1,102,1002.7,50,2,Partly Cloudy
Chennai,India,2026-08-22,17:00:00,31.0,34.3,65,0.0,0.0,17.2,135,1003.4,99,3,Overcast
Chennai,India,2026-08-22,18:00:00,30.6,34.8,69,0.1,0.1,13.6,156,1004.3,96,51,Light Drizzle
Chennai,India,2026-08-22,19:00:00,30.5,35.1,72,0.0,0.0,14.0,165,1004.9,100,3,Overcast
Chennai,India,2026-08-22,20:00:00,30.4,35.1,74,0.0,0.0,14.5,174,1005.6,95,3,Overcast
Chennai,India,2026-08-22,21:00:00,30.1,34.5,75,0.0,0.0,16.4,176,1006.2,99,3,Overcast
Chennai,India,2026-08-22,22:00:00,29.9,34.9,78,0.0,0.0,14.7,188,1006.6,99,3,Overcast
Chennai,India,2026-08-22,23:00:00,30.1,35.2,78,0.0,0.0,14.0,192,1006.0,100,3,Overcast
Chennai,India,2026-08-23,00:00:00,29.6,34.5,77,0.0,0.0,13.1,214,1005.4,100,3,Overcast
Chennai,India,2026-08-23,01:00:00,29.2,33.8,76,0.0,0.0,12.4,231,1005.0,100,3,Overcast
Chennai,India,2026-08-23,02:00:00,29.1,33.3,72,0.0,0.0,10.5,229,1004.7,100,3,Overcast
Chennai,India,2026-08-23,03:00:00,28.6,33.0,74,0.0,0.0,9.7,225,1004.4,100,3,Overcast
Chennai,India,2026-08-23,04:00:00,28.3,32.5,75,0.0,0.0,10.3,229,1004.5,100,3,Overcast
Chennai,India,2026-08-23,05:00:00,28.9,33.6,74,0.0,0.0,8.2,234,1004.9,98,3,Overcast
Chennai,India,2026-08-23,06:00:00,28.5,32.8,74,0.0,0.0,10.2,244,1005.4,99,3,Overcast
Chennai,India,2026-08-23,07:00:00,29.5,33.4,67,0.0,0.0,10.0,253,1006.3,92,3,Overcast
Chennai,India,2026-08-23,08:00:00,30.7,34.0,61,0.0,0.0,12.0,258,1006.6,94,3,Overcast
Chennai,India,2026-08-23,09:00:00,32.1,35.0,55,0.0,0.0,13.1,262,1006.8,92,3,Overcast
Chennai,India,2026-08-23,10:00:00,33.1,36.7,51,0.0,0.0,11.2,266,1006.6,94,3,Overcast
Chennai,India,2026-08-23,11:00:00,33.8,37.7,47,0.0,0.0,10.8,285,1006.2,41,1,Mainly Clear
Chennai,India,2026-08-23,12:00:00,34.1,39.3,46,0.5,0.5,8.0,297,1005.4,67,53,Moderate Drizzle
Chennai,India,2026-08-23,13:00:00,34.9,40.6,43,0.8,0.7,2.5,210,1004.4,59,53,Moderate Drizzle
Chennai,India,2026-08-23,14:00:00,34.2,39.3,47,0.6,0.6,5.8,160,1003.4,82,53,Moderate Drizzle
Chennai,India,2026-08-23,15:00:00,32.3,36.8,62,0.5,0.5,12.9,150,1003.2,49,53,Moderate Drizzle
Chennai,India,2026-08-23,16:00:00,31.8,35.9,66,0.1,0.1,16.8,156,1003.0,26,51,Light Drizzle
Chennai,India,2026-08-23,17:00:00,31.1,35.4,65,0.1,0.1,11.4,175,1003.6,52,51,Light Drizzle
Chennai,India,2026-08-23,18:00:00,30.8,35.9,71,0.1,0.1,10.4,169,1004.8,85,51,Light Drizzle
Chennai,India,2026-08-23,19:00:00,30.1,35.3,73,0.0,0.0,9.6,177,1005.3,37,1,Mainly Clear
Chennai,India,2026-08-23,20:00:00,28.2,34.4,87,4.8,0.0,7.4,257,1006.5,53,95,Thunderstorm
Chennai,India,2026-08-23,21:00:00,27.3,33.6,94,5.2,0.8,8.0,124,1007.3,77,95,Thunderstorm
Chennai,India,2026-08-23,22:00:00,26.9,30.8,91,0.1,0.1,20.7,193,1007.8,94,51,Light Drizzle
Chennai,India,2026-08-23,23:00:00,27.3,32.8,89,0.1,0.1,9.6,176,1007.1,77,51,Light Drizzle
Chennai,India,2026-08-24,00:00:00,26.9,33.2,92,0.1,0.1,5.7,298,1006.5,70,51,Light Drizzle
Chennai,India,2026-08-24,01:00:00,26.7,33.1,93,0.1,0.1,4.0,243,1005.8,95,51,Light Drizzle
Chennai,India,2026-08-24,02:00:00,26.7,33.0,94,0.0,0.0,5.4,255,1005.3,100,3,Overcast
Chennai,India,2026-08-24,03:00:00,26.8,33.4,94,0.0,0.0,4.7,286,1005.0,100,3,Overcast
Chennai,India,2026-08-24,04:00:00,26.9,32.9,92,0.0,0.0,7.2,245,1005.0,99,3,Overcast
Chennai,India,2026-08-24,05:00:00,27.4,33.4,91,0.0,0.0,8.1,238,1005.3,100,3,Overcast
Chennai,India,2026-08-24,06:00:00,27.2,32.0,84,0.0,0.0,10.1,254,1005.9,100,3,Overcast
Chennai,India,2026-08-24,07:00:00,27.6,31.8,78,0.0,0.0,10.7,257,1006.4,100,3,Overcast
Chennai,India,2026-08-24,08:00:00,28.6,33.4,76,0.0,0.0,8.3,240,1007.0,100,3,Overcast
Chennai,India,2026-08-24,09:00:00,29.7,34.1,70,0.0,0.0,10.3,237,1007.3,100,3,Overcast
Chennai,India,2026-08-24,10:00:00,30.8,34.7,64,0.0,0.0,11.4,242,1006.9,100,3,Overcast
Chennai,India,2026-08-24,11:00:00,31.6,34.5,59,0.0,0.0,16.2,261,1006.9,100,3,Overcast
Chennai,India,2026-08-24,12:00:00,31.8,35.2,59,0.0,0.0,13.0,250,1006.4,99,3,Overcast
Chennai,India,2026-08-24,13:00:00,32.5,36.9,58,0.0,0.0,12.0,242,1005.0,100,3,Overcast
Chennai,India,2026-08-24,14:00:00,32.4,36.5,58,0.0,0.0,9.9,254,1004.1,100,3,Overcast
Chennai,India,2026-08-24,15:00:00,29.7,32.8,69,1.1,0.7,17.3,280,1004.4,100,55,Heavy Drizzle
Chennai,India,2026-08-24,16:00:00,27.2,33.1,89,2.6,0.7,6.1,223,1004.5,100,81,Moderate Rain Showers
Chennai,India,2026-08-24,17:00:00,30.1,35.3,76,0.3,0.3,11.9,162,1004.1,100,51,Light Drizzle
Chennai,India,2026-08-24,18:00:00,29.0,33.9,78,0.2,0.2,10.5,197,1005.2,100,51,Light Drizzle
Chennai,India,2026-08-24,19:00:00,28.1,33.2,84,0.4,0.0,11.8,253,1006.7,100,51,Light Drizzle
Chennai,India,2026-08-24,20:00:00,26.0,31.1,95,1.9,1.5,11.2,248,1007.4,97,80,Light Rain Showers
Chennai,India,2026-08-24,21:00:00,26.2,32.1,94,0.9,0.7,6.7,214,1007.8,99,53,Moderate Drizzle
Chennai,India,2026-08-24,22:00:00,26.3,32.1,94,0.0,0.0,7.6,187,1008.0,100,3,Overcast
Chennai,India,2026-08-24,23:00:00,26.1,30.9,93,0.0,0.0,12.5,196,1007.9,100,3,Overcast
Chennai,India,2026-08-25,00:00:00,25.8,30.3,90,0.0,0.0,10.9,207,1007.3,100,3,Overcast
Chennai,India,2026-08-25,01:00:00,25.9,30.5,89,0.0,0.0,9.5,207,1006.7,100,3,Overcast
Chennai,India,2026-08-25,02:00:00,25.9,30.7,90,0.0,0.0,9.5,209,1006.1,100,3,Overcast
Chennai,India,2026-08-25,03:00:00,25.9,30.6,89,0.0,0.0,9.2,227,1005.6,100,3,Overcast
Chennai,India,2026-08-25,04:00:00,26.0,30.4,88,0.0,0.0,10.5,209,1005.8,100,3,Overcast
Chennai,India,2026-08-25,05:00:00,26.7,31.3,87,0.0,0.0,12.0,216,1006.0,99,3,Overcast
Chennai,India,2026-08-25,06:00:00,26.8,31.1,86,0.0,0.0,12.4,230,1006.3,100,3,Overcast
Chennai,India,2026-08-25,07:00:00,27.6,32.0,82,0.0,0.0,11.6,237,1007.5,98,3,Overcast
Chennai,India,2026-08-25,08:00:00,28.4,33.3,80,0.1,0.1,11.0,236,1008.0,99,51,Light Drizzle
Chennai,India,2026-08-25,09:00:00,29.7,34.0,72,0.0,0.0,12.1,240,1008.2,98,3,Overcast
Chennai,India,2026-08-25,10:00:00,30.8,35.5,67,0.0,0.0,9.5,248,1008.0,93,3,Overcast
Chennai,India,2026-08-25,11:00:00,32.5,38.2,61,0.0,0.0,12.1,255,1007.4,98,3,Overcast
Chennai,India,2026-08-25,12:00:00,32.3,38.4,60,0.1,0.1,8.7,262,1006.9,96,51,Light Drizzle
Chennai,India,2026-08-25,13:00:00,32.8,38.8,58,0.0,0.0,7.7,239,1005.8,98,3,Overcast
Chennai,India,2026-08-25,14:00:00,32.3,37.1,60,0.2,0.2,8.2,241,1004.6,98,51,Light Drizzle
Chennai,India,2026-08-25,15:00:00,32.1,36.8,62,0.1,0.1,8.4,247,1004.0,94,51,Light Drizzle
Chennai,India,2026-08-25,16:00:00,31.9,36.9,65,0.1,0.1,9.2,208,1004.0,94,51,Light Drizzle
Chennai,India,2026-08-25,17:00:00,30.7,36.0,74,0.0,0.0,12.0,194,1003.9,74,2,Partly Cloudy
Chennai,India,2026-08-25,18:00:00,29.6,35.1,79,0.2,0.2,11.1,250,1005.4,88,51,Light Drizzle
Chennai,India,2026-08-25,19:00:00,28.7,35.5,86,0.6,0.6,4.1,257,1006.2,95,53,Moderate Drizzle
Chennai,India,2026-08-25,20:00:00,28.6,34.9,87,0.0,0.0,8.0,239,1007.0,98,3,Overcast
Chennai,India,2026-08-25,21:00:00,28.8,35.0,86,0.0,0.0,8.9,228,1007.5,100,3,Overcast
Chennai,India,2026-08-25,22:00:00,28.6,34.8,85,0.0,0.0,7.9,240,1007.7,97,3,Overcast
Chennai,India,2026-08-25,23:00:00,29.6,34.9,77,0.0,0.0,10.3,184,1007.1,100,3,Overcast
Chennai,India,2026-08-26,00:00:00,27.8,31.2,80,0.1,0.1,18.4,205,1007.4,95,51,Light Drizzle
Chennai,India,2026-08-26,01:00:00,26.5,30.6,86,0.4,0.4,13.3,228,1006.9,98,51,Light Drizzle
Chennai,India,2026-08-26,02:00:00,26.6,31.4,87,0.4,0.4,9.4,222,1006.5,92,51,Light Drizzle
Chennai,India,2026-08-26,03:00:00,26.6,31.5,88,0.0,0.0,9.8,223,1006.0,89,3,Overcast
Chennai,India,2026-08-26,04:00:00,26.7,31.5,88,0.0,0.0,11.1,234,1006.3,88,3,Overcast
Chennai,India,2026-08-26,05:00:00,28.6,32.3,73,0.0,0.0,13.7,243,1006.0,98,3,Overcast
Chennai,India,2026-08-26,06:00:00,28.3,31.6,71,0.0,0.0,12.9,250,1006.6,91,3,Overcast
Chennai,India,2026-08-26,07:00:00,29.0,32.5,69,0.0,0.0,12.0,254,1007.5,95,3,Overcast
Chennai,India,2026-08-26,08:00:00,30.0,33.8,67,0.0,0.0,11.8,262,1008.2,92,3,Overcast
Chennai,India,2026-08-26,09:00:00,31.0,34.3,62,0.0,0.0,13.7,271,1008.1,65,2,Partly Cloudy
Chennai,India,2026-08-26,10:00:00,32.0,36.6,59,0.0,0.0,12.8,272,1007.7,84,3,Overcast
Chennai,India,2026-08-26,11:00:00,33.3,38.0,53,0.0,0.0,13.7,273,1007.6,70,2,Partly Cloudy
Chennai,India,2026-08-26,12:00:00,33.7,39.2,54,0.1,0.0,12.4,283,1006.7,70,51,Light Drizzle
Chennai,India,2026-08-26,13:00:00,34.3,40.0,51,0.0,0.0,9.3,279,1005.6,48,1,Mainly Clear
Chennai,India,2026-08-26,14:00:00,34.6,40.3,51,0.0,0.0,6.9,276,1004.5,52,2,Partly Cloudy
Chennai,India,2026-08-26,15:00:00,34.6,39.7,51,0.0,0.0,4.7,247,1003.7,54,2,Partly Cloudy
Chennai,India,2026-08-26,16:00:00,33.9,38.5,54,0.0,0.0,6.3,178,1003.2,64,2,Partly Cloudy
Chennai,India,2026-08-26,17:00:00,31.6,36.7,70,1.4,0.8,13.4,160,1004.1,59,95,Thunderstorm
Chennai,India,2026-08-26,18:00:00,30.8,35.7,71,0.1,0.1,12.1,176,1005.1,84,51,Light Drizzle
Chennai,India,2026-08-26,19:00:00,30.5,35.4,73,0.0,0.0,12.6,191,1006.1,45,1,Mainly Clear
Chennai,India,2026-08-26,20:00:00,29.9,34.7,76,0.0,0.0,14.4,192,1006.5,90,3,Overcast
Chennai,India,2026-08-26,21:00:00,29.4,34.1,74,0.0,0.0,10.6,206,1007.3,99,3,Overcast
Chennai,India,2026-08-26,22:00:00,29.1,33.9,74,0.0,0.0,8.9,232,1007.7,95,3,Overcast
Chennai,India,2026-08-26,23:00:00,29.4,33.9,73,0.0,0.0,11.3,211,1007.0,95,3,Overcast
Chennai,India,2026-08-27,00:00:00,28.8,33.5,76,0.0,0.0,9.9,228,1006.5,99,3,Overcast
Chennai,India,2026-08-27,01:00:00,28.4,33.4,79,0.0,0.0,9.2,227,1006.2,100,3,Overcast
Chennai,India,2026-08-27,02:00:00,28.1,33.2,81,0.0,0.0,9.6,232,1005.4,99,3,Overcast
Chennai,India,2026-08-27,03:00:00,28.0,32.7,81,0.0,0.0,11.1,240,1005.2,99,3,Overcast
Chennai,India,2026-08-27,04:00:00,28.0,32.4,78,0.0,0.0,10.0,249,1005.8,77,2,Partly Cloudy
Chennai,India,2026-08-27,05:00:00,28.5,32.3,73,0.0,0.0,11.9,255,1006.0,98,3,Overcast
Chennai,India,2026-08-27,06:00:00,28.2,31.8,72,0.0,0.0,11.4,263,1006.3,90,3,Overcast
Chennai,India,2026-08-27,07:00:00,29.2,33.3,69,0.0,0.0,9.4,273,1007.1,13,0,Clear Sky
Chennai,India,2026-08-27,08:00:00,30.8,34.3,62,0.0,0.0,11.8,283,1007.7,98,3,Overcast
Chennai,India,2026-08-27,09:00:00,31.9,35.2,58,0.0,0.0,14.1,285,1007.3,73,2,Partly Cloudy
Chennai,India,2026-08-27,10:00:00,33.1,37.6,54,0.0,0.0,13.8,288,1007.1,35,1,Mainly Clear
Chennai,India,2026-08-27,11:00:00,34.3,39.4,51,0.0,0.0,14.1,295,1006.9,98,3,Overcast
Chennai,India,2026-08-27,12:00:00,34.6,39.5,51,0.1,0.1,14.5,301,1006.1,89,51,Light Drizzle
Chennai,India,2026-08-27,13:00:00,34.7,39.9,49,0.0,0.0,8.3,248,1005.4,99,3,Overcast
Chennai,India,2026-08-27,14:00:00,33.6,38.7,53,0.3,0.1,5.0,291,1004.4,100,51,Light Drizzle
Chennai,India,2026-08-27,15:00:00,33.5,38.1,54,0.4,0.4,6.2,131,1003.9,99,51,Light Drizzle
Chennai,India,2026-08-27,16:00:00,31.4,35.8,66,0.1,0.1,13.0,155,1003.5,99,51,Light Drizzle
Chennai,India,2026-08-27,17:00:00,31.7,36.7,68,0.1,0.1,11.8,128,1004.2,91,51,Light Drizzle
Chennai,India,2026-08-27,18:00:00,31.5,36.6,67,0.1,0.1,9.6,146,1005.1,98,51,Light Drizzle
Chennai,India,2026-08-27,19:00:00,31.1,36.6,71,0.0,0.0,8.8,149,1005.9,95,3,Overcast
Chennai,India,2026-08-27,20:00:00,30.7,36.2,73,0.0,0.0,9.3,148,1006.8,98,3,Overcast
Chennai,India,2026-08-27,21:00:00,30.3,36.6,80,0.0,0.0,9.8,157,1007.6,87,3,Overcast
Chennai,India,2026-08-27,22:00:00,30.0,36.6,84,0.0,0.0,10.0,172,1007.5,61,2,Partly Cloudy
Chennai,India,2026-08-27,23:00:00,30.0,36.8,85,0.0,0.0,9.6,177,1006.7,47,1,Mainly Clear
Chennai,India,2026-08-28,00:00:00,29.6,36.3,85,0.0,0.0,8.8,211,1006.0,59,2,Partly Cloudy
Chennai,India,2026-08-28,01:00:00,29.1,35.4,85,0.0,0.0,8.5,238,1005.3,53,2,Partly Cloudy
Chennai,India,2026-08-28,02:00:00,28.8,34.0,80,0.0,0.0,10.1,243,1005.0,18,0,Clear Sky
Chennai,India,2026-08-28,03:00:00,28.9,32.3,68,0.0,0.0,11.8,258,1004.8,9,0,Clear Sky
Chennai,India,2026-08-28,04:00:00,28.6,31.9,67,0.0,0.0,10.0,276,1005.0,3,0,Clear Sky
Chennai,India,2026-08-28,05:00:00,29.0,32.4,67,0.0,0.0,11.0,275,1005.6,45,1,Mainly Clear
Chennai,India,2026-08-28,06:00:00,28.5,32.1,68,0.0,0.0,9.4,272,1006.2,8,0,Clear Sky
Chennai,India,2026-08-28,07:00:00,29.7,33.2,64,0.0,0.0,9.9,272,1007.1,19,0,Clear Sky
Chennai,India,2026-08-28,08:00:00,30.9,33.7,58,0.0,0.0,13.2,277,1007.4,50,2,Partly Cloudy
Chennai,India,2026-08-28,09:00:00,32.0,35.3,56,0.0,0.0,12.7,277,1007.3,98,3,Overcast
Chennai,India,2026-08-28,10:00:00,33.0,37.3,53,0.0,0.0,11.9,276,1007.1,96,3,Overcast
Chennai,India,2026-08-28,11:00:00,34.2,38.9,49,0.0,0.0,12.8,290,1006.7,98,3,Overcast
Chennai,India,2026-08-28,12:00:00,35.4,39.7,45,0.0,0.0,14.5,301,1005.6,94,3,Overcast
Chennai,India,2026-08-28,13:00:00,35.9,40.3,43,0.0,0.0,12.4,310,1004.4,87,3,Overcast
Chennai,India,2026-08-28,14:00:00,35.9,41.2,42,0.0,0.0,4.2,324,1003.8,55,2,Partly Cloudy
Chennai,India,2026-08-28,15:00:00,33.8,37.8,51,0.1,0.1,8.3,114,1003.7,64,51,Light Drizzle
Chennai,India,2026-08-28,16:00:00,32.6,36.4,58,0.1,0.1,12.9,120,1003.4,17,51,Light Drizzle
Chennai,India,2026-08-28,17:00:00,30.2,34.9,74,0.1,0.1,14.5,166,1004.1,97,51,Light Drizzle
Chennai,India,2026-08-28,18:00:00,31.2,34.7,62,0.0,0.0,13.6,172,1004.5,86,3,Overcast
Chennai,India,2026-08-28,19:00:00,31.1,35.0,63,0.0,0.0,12.6,158,1005.5,62,2,Partly Cloudy
Chennai,India,2026-08-28,20:00:00,30.3,34.9,74,0.0,0.0,15.2,170,1006.6,64,2,Partly Cloudy
Chennai,India,2026-08-28,21:00:00,30.2,35.4,76,0.0,0.0,11.5,184,1007.5,66,2,Partly Cloudy
Chennai,India,2026-08-28,22:00:00,29.8,34.5,77,0.0,0.0,14.9,193,1007.7,93,3,Overcast
Chennai,India,2026-08-28,23:00:00,29.0,33.7,75,0.0,0.0,9.7,196,1006.7,98,3,Overcast
Chennai,India,2026-08-29,00:00:00,28.8,33.3,76,0.0,0.0,11.3,217,1006.1,91,3,Overcast
Chennai,India,2026-08-29,01:00:00,29.7,32.2,61,0.0,0.0,13.7,240,1005.7,67,2,Partly Cloudy
Chennai,India,2026-08-29,02:00:00,29.7,31.5,56,0.0,0.0,14.0,252,1005.1,87,3,Overcast
Chennai,India,2026-08-29,03:00:00,29.7,31.6,57,0.0,0.0,13.5,258,1004.9,72,2,Partly Cloudy
Chennai,India,2026-08-29,04:00:00,29.3,31.6,59,0.0,0.0,12.1,266,1005.0,34,1,Mainly Clear
Chennai,India,2026-08-29,05:00:00,29.5,31.5,60,0.0,0.0,15.5,278,1005.3,96,3,Overcast
Chennai,India,2026-08-29,06:00:00,28.8,31.2,63,0.0,0.0,14.2,282,1005.9,100,3,Overcast
Chennai,India,2026-08-29,07:00:00,29.5,32.0,63,0.0,0.0,14.4,279,1006.7,100,3,Overcast
Chennai,India,2026-08-29,08:00:00,30.5,32.6,59,0.0,0.0,17.3,283,1007.1,93,3,Overcast
Chennai,India,2026-08-29,09:00:00,31.5,34.2,57,0.0,0.0,15.6,287,1007.1,61,2,Partly Cloudy
Chennai,India,2026-08-29,10:00:00,32.8,36.8,53,0.0,0.0,15.1,290,1007.0,69,2,Partly Cloudy
Chennai,India,2026-08-29,11:00:00,34.0,38.2,50,0.0,0.0,16.1,290,1006.5,96,3,Overcast
Chennai,India,2026-08-29,12:00:00,34.9,39.1,47,0.0,0.0,15.5,298,1005.9,36,1,Mainly Clear
Chennai,India,2026-08-29,13:00:00,36.0,40.5,43,0.0,0.0,13.4,298,1005.0,90,3,Overcast
Chennai,India,2026-08-29,14:00:00,36.6,40.8,40,0.0,0.0,10.4,309,1003.7,77,2,Partly Cloudy
Chennai,India,2026-08-29,15:00:00,35.2,39.5,44,0.0,0.0,2.7,82,1003.4,50,2,Partly Cloudy
Chennai,India,2026-08-29,16:00:00,32.0,35.4,60,0.4,0.2,14.8,99,1003.1,79,51,Light Drizzle
Chennai,India,2026-08-29,17:00:00,30.8,34.3,62,0.5,0.5,12.2,149,1003.8,81,53,Moderate Drizzle
Chennai,India,2026-08-29,18:00:00,31.0,34.1,61,0.1,0.1,14.4,176,1004.3,93,51,Light Drizzle
Chennai,India,2026-08-29,19:00:00,30.9,35.3,68,0.0,0.0,13.1,165,1005.3,99,3,Overcast
Chennai,India,2026-08-29,20:00:00,30.7,35.6,67,0.0,0.0,6.7,207,1006.3,96,3,Overcast
Chennai,India,2026-08-29,21:00:00,30.4,33.6,62,0.0,0.0,13.5,221,1007.2,98,3,Overcast
Chennai,India,2026-08-29,22:00:00,29.6,32.4,62,0.0,0.0,12.2,226,1007.7,84,3,Overcast
Chennai,India,2026-08-29,23:00:00,29.7,32.8,64,0.0,0.0,12.9,213,1006.3,98,3,Overcast
Chennai,India,2026-08-30,00:00:00,29.1,32.8,68,0.0,0.0,10.1,221,1006.3,94,3,Overcast
Chennai,India,2026-08-30,01:00:00,29.0,32.0,65,0.0,0.0,11.8,246,1006.1,99,3,Overcast
Chennai,India,2026-08-30,02:00:00,28.8,31.1,61,0.0,0.0,11.7,265,1005.8,81,3,Overcast
Chennai,India,2026-08-30,03:00:00,28.4,30.6,60,0.0,0.0,10.9,262,1005.5,98,3,Overcast
Chennai,India,2026-08-30,04:00:00,28.1,30.2,60,0.0,0.0,10.7,265,1005.4,99,3,Overcast
Chennai,India,2026-08-30,05:00:00,28.9,30.3,56,0.0,0.0,14.1,266,1005.9,98,3,Overcast
Chennai,India,2026-08-30,06:00:00,28.5,30.2,58,0.0,0.0,12.3,266,1006.4,69,2,Partly Cloudy
Chennai,India,2026-08-30,07:00:00,29.4,31.5,57,0.0,0.0,11.4,266,1007.2,93,3,Overcast
Chennai,India,2026-08-30,08:00:00,30.5,32.4,54,0.0,0.0,13.5,272,1007.5,91,3,Overcast
Chennai,India,2026-08-30,09:00:00,31.5,33.9,52,0.0,0.0,12.3,275,1007.7,95,3,Overcast
Chennai,India,2026-08-30,10:00:00,32.5,35.9,50,0.0,0.0,12.8,281,1007.3,95,3,Overcast
Chennai,India,2026-08-30,11:00:00,33.8,37.7,47,0.0,0.0,14.6,286,1007.1,97,3,Overcast
Chennai,India,2026-08-30,12:00:00,34.8,38.6,45,0.0,0.0,14.0,293,1006.1,98,3,Overcast
Chennai,India,2026-08-30,13:00:00,35.6,38.9,42,0.0,0.0,14.9,302,1004.9,98,3,Overcast
Chennai,India,2026-08-30,14:00:00,36.3,38.8,38,0.0,0.0,14.5,307,1003.8,99,3,Overcast
Chennai,India,2026-08-30,15:00:00,36.0,38.0,37,0.0,0.0,9.8,319,1003.5,99,3,Overcast
Chennai,India,2026-08-30,16:00:00,34.4,38.4,47,0.1,0.1,3.5,39,1003.3,99,51,Light Drizzle
Chennai,India,2026-08-30,17:00:00,31.9,37.1,66,0.0,0.0,9.2,107,1004.0,100,3,Overcast
Chennai,India,2026-08-30,18:00:00,30.5,35.6,74,0.2,0.2,12.4,114,1004.9,98,51,Light Drizzle
Chennai,India,2026-08-30,19:00:00,29.9,35.1,76,0.0,0.0,11.4,156,1005.5,36,1,Mainly Clear
Chennai,India,2026-08-30,20:00:00,29.7,34.3,74,0.1,0.1,13.1,192,1006.3,65,51,Light Drizzle
Chennai,India,2026-08-30,21:00:00,29.6,35.0,78,0.1,0.1,10.1,197,1007.1,84,51,Light Drizzle
Chennai,India,2026-08-30,22:00:00,29.0,34.9,82,0.1,0.1,8.4,236,1007.9,90,51,Light Drizzle
Chennai,India,2026-08-30,23:00:00,29.2,34.5,76,0.6,0.6,7.4,257,1007.0,88,53,Moderate Drizzle
Chennai,India,2026-08-31,00:00:00,28.9,33.0,69,0.0,0.0,7.7,281,1006.6,100,3,Overcast
Chennai,India,2026-08-31,01:00:00,28.6,32.5,68,0.0,0.0,7.2,242,1006.5,84,3,Overcast
Chennai,India,2026-08-31,02:00:00,27.5,31.3,72,0.0,0.0,7.8,206,1006.3,43,1,Mainly Clear
Chennai,India,2026-08-31,03:00:00,27.2,30.8,73,0.0,0.0,8.7,230,1006.1,50,2,Partly Cloudy
Chennai,India,2026-08-31,04:00:00,27.4,30.6,71,0.0,0.0,10.3,248,1006.6,80,3,Overcast
Chennai,India,2026-08-31,05:00:00,28.2,31.0,67,0.0,0.0,12.5,259,1006.3,95,3,Overcast
Chennai,India,2026-08-31,06:00:00,27.7,30.6,68,0.0,0.0,11.2,265,1007.0,99,3,Overcast
Chennai,India,2026-08-31,07:00:00,28.6,31.8,66,0.0,0.0,10.1,271,1007.6,97,3,Overcast
Chennai,India,2026-08-31,08:00:00,29.8,32.5,61,0.0,0.0,12.9,276,1007.7,100,3,Overcast
Chennai,India,2026-08-31,09:00:00,31.0,33.1,55,0.0,0.0,15.5,285,1007.5,100,3,Overcast
Chennai,India,2026-08-31,10:00:00,32.2,34.9,52,0.0,0.0,16.4,289,1007.1,100,3,Overcast
Chennai,India,2026-08-31,11:00:00,33.5,37.4,49,0.0,0.0,15.9,297,1006.6,99,3,Overcast
Chennai,India,2026-08-31,12:00:00,34.2,38.8,48,0.0,0.0,13.9,306,1005.9,98,3,Overcast
Chennai,India,2026-08-31,13:00:00,34.9,39.7,45,0.0,0.0,11.6,311,1004.8,78,2,Partly Cloudy
Chennai,India,2026-08-31,14:00:00,35.4,39.7,42,0.0,0.0,9.4,322,1003.7,90,3,Overcast
Chennai,India,2026-08-31,15:00:00,35.3,38.7,41,0.0,0.0,7.2,346,1003.1,73,2,Partly Cloudy
Chennai,India,2026-08-31,16:00:00,34.7,38.0,43,0.0,0.0,5.0,19,1002.9,59,2,Partly Cloudy
Chennai,India,2026-08-31,17:00:00,31.6,36.5,67,0.0,0.0,11.7,128,1003.6,99,3,Overcast
Chennai,India,2026-08-31,18:00:00,30.1,35.4,73,0.0,0.0,9.1,142,1004.6,100,3,Overcast
Chennai,India,2026-08-31,19:00:00,30.0,35.9,75,0.0,0.0,6.0,139,1005.6,100,3,Overcast
Chennai,India,2026-08-31,20:00:00,29.8,35.7,76,0.0,0.0,6.1,150,1006.1,98,3,Overcast
Chennai,India,2026-08-31,21:00:00,29.5,35.0,75,0.0,0.0,6.5,167,1006.7,92,3,Overcast
Chennai,India,2026-08-31,22:00:00,29.1,35.2,80,0.0,0.0,5.2,182,1007.2,66,2,Partly Cloudy
Chennai,India,2026-08-31,23:00:00,29.7,35.2,78,0.0,0.0,11.0,174,1006.5,90,3,Overcast
Chennai,India,2026-09-01,00:00:00,29.2,34.7,81,0.0,0.0,11.4,183,1006.1,82,3,Overcast
Chennai,India,2026-09-01,01:00:00,29.0,34.9,85,0.0,0.0,11.5,182,1005.9,91,3,Overcast
Chennai,India,2026-09-01,02:00:00,28.7,34.7,85,0.0,0.0,9.7,196,1005.4,91,3,Overcast
Chennai,India,2026-09-01,03:00:00,28.1,33.7,84,0.0,0.0,8.6,219,1005.2,98,3,Overcast
Chennai,India,2026-09-01,04:00:00,27.6,32.5,83,0.0,0.0,10.3,232,1005.4,82,3,Overcast
Chennai,India,2026-09-01,05:00:00,28.4,33.1,78,0.0,0.0,10.3,227,1005.6,92,3,Overcast
Chennai,India,2026-09-01,06:00:00,28.2,32.8,77,0.0,0.0,9.5,238,1006.2,87,3,Overcast
Chennai,India,2026-09-01,07:00:00,29.5,34.2,71,0.0,0.0,7.7,252,1007.0,98,3,Overcast
Chennai,India,2026-09-01,08:00:00,31.3,35.1,59,0.0,0.0,9.0,273,1007.4,91,3,Overcast
Chennai,India,2026-09-01,09:00:00,32.4,35.6,53,0.0,0.0,12.6,290,1007.3,83,3,Overcast
Chennai,India,2026-09-01,10:00:00,33.5,38.0,51,0.0,0.0,11.5,299,1007.2,89,3,Overcast
Chennai,India,2026-09-01,11:00:00,34.2,40.0,48,0.0,0.0,7.8,326,1007.2,95,3,Overcast
Chennai,India,2026-09-01,12:00:00,34.4,41.1,50,0.1,0.0,4.3,22,1006.4,91,51,Light Drizzle
Chennai,India,2026-09-01,13:00:00,34.2,40.9,51,0.0,0.0,4.4,69,1005.6,84,3,Overcast
Chennai,India,2026-09-01,14:00:00,34.0,40.1,52,0.0,0.0,6.4,80,1004.8,37,1,Mainly Clear
Chennai,India,2026-09-01,15:00:00,33.4,38.0,54,0.1,0.1,9.8,110,1004.5,24,51,Light Drizzle
Chennai,India,2026-09-01,16:00:00,32.1,35.6,59,0.1,0.1,13.8,133,1004.6,20,51,Light Drizzle
Chennai,India,2026-09-01,17:00:00,31.9,35.9,60,0.1,0.1,10.4,126,1005.1,77,51,Light Drizzle
Chennai,India,2026-09-01,18:00:00,31.2,36.1,64,0.0,0.0,6.8,127,1006.0,90,3,Overcast
Chennai,India,2026-09-01,19:00:00,30.9,36.3,70,0.0,0.0,7.5,132,1006.8,31,1,Mainly Clear
Chennai,India,2026-09-01,20:00:00,30.8,35.9,69,0.0,0.0,8.5,159,1007.7,96,3,Overcast
Chennai,India,2026-09-01,21:00:00,30.4,35.3,71,0.0,0.0,10.4,191,1008.5,99,3,Overcast
Chennai,India,2026-09-01,22:00:00,29.8,34.4,71,0.0,0.0,10.3,193,1009.0,100,3,Overcast
Chennai,India,2026-09-01,23:00:00,30.3,33.7,67,0.0,0.0,15.8,188,1007.9,98,3,Overcast
Chennai,India,2026-09-02,00:00:00,29.7,33.5,71,0.0,0.0,14.4,200,1007.6,99,3,Overcast
Chennai,India,2026-09-02,01:00:00,29.1,32.9,72,0.0,0.0,14.1,210,1007.2,98,3,Overcast
Chennai,India,2026-09-02,02:00:00,28.8,32.6,73,0.0,0.0,13.1,212,1006.6,95,3,Overcast
Chennai,India,2026-09-02,03:00:00,28.5,32.4,75,0.0,0.0,12.7,212,1006.8,99,3,Overcast
Chennai,India,2026-09-02,04:00:00,28.2,32.4,75,0.0,0.0,9.6,213,1006.9,99,3,Overcast
Chennai,India,2026-09-02,05:00:00,27.6,31.2,79,0.0,0.0,14.5,243,1007.5,95,3,Overcast
Chennai,India,2026-09-02,06:00:00,26.7,31.2,84,0.3,0.3,9.6,210,1007.1,74,51,Light Drizzle
Chennai,India,2026-09-02,07:00:00,28.6,33.6,77,0.1,0.1,7.5,226,1007.8,93,51,Light Drizzle
Chennai,India,2026-09-02,08:00:00,30.9,35.7,67,0.0,0.0,8.6,271,1008.3,99,3,Overcast
Chennai,India,2026-09-02,09:00:00,32.8,36.9,56,0.0,0.0,11.1,284,1008.1,95,3,Overcast
Chennai,India,2026-09-02,10:00:00,34.2,38.4,49,0.0,0.0,12.3,288,1008.1,94,3,Overcast
Chennai,India,2026-09-02,11:00:00,35.2,40.4,47,0.0,0.0,10.6,293,1007.6,97,3,Overcast
Chennai,India,2026-09-02,12:00:00,35.5,41.0,46,0.0,0.0,10.1,299,1006.8,97,3,Overcast
Chennai,India,2026-09-02,13:00:00,35.6,41.0,44,0.0,0.0,5.5,319,1005.9,100,3,Overcast
Chennai,India,2026-09-02,14:00:00,34.4,38.9,49,0.1,0.1,5.9,59,1005.0,99,51,Light Drizzle
Chennai,India,2026-09-02,15:00:00,32.0,36.2,62,0.2,0.1,12.5,78,1004.7,84,51,Light Drizzle
Chennai,India,2026-09-02,16:00:00,31.2,36.0,64,0.6,0.6,6.2,136,1004.7,98,53,Moderate Drizzle
Chennai,India,2026-09-02,17:00:00,31.8,36.7,62,0.0,0.0,7.2,115,1005.0,73,2,Partly Cloudy
Chennai,India,2026-09-02,18:00:00,31.1,36.0,70,0.0,0.0,12.1,136,1006.1,87,3,Overcast
Chennai,India,2026-09-02,19:00:00,30.9,35.7,69,0.0,0.0,10.7,153,1006.7,91,3,Overcast
Chennai,India,2026-09-02,20:00:00,30.8,35.5,69,0.0,0.0,11.2,175,1007.5,89,3,Overcast
Chennai,India,2026-09-02,21:00:00,30.4,35.5,76,0.0,0.0,14.0,179,1008.0,82,3,Overcast
Chennai,India,2026-09-02,22:00:00,30.1,34.8,73,0.0,0.0,11.8,189,1008.4,23,1,Mainly Clear
Chennai,India,2026-09-02,23:00:00,30.5,35.1,73,0.0,0.0,14.1,183,1007.5,30,1,Mainly Clear
Chennai,India,2026-09-03,00:00:00,30.1,34.2,72,0.0,0.0,15.8,192,1007.1,57,2,Partly Cloudy
Chennai,India,2026-09-03,01:00:00,28.7,32.7,78,0.2,0.2,16.4,209,1007.0,78,51,Light Drizzle
Chennai,India,2026-09-03,02:00:00,26.9,30.3,80,0.2,0.2,15.4,236,1007.3,99,51,Light Drizzle
Chennai,India,2026-09-03,03:00:00,26.6,30.2,81,0.1,0.1,13.4,255,1007.0,75,51,Light Drizzle
Chennai,India,2026-09-03,04:00:00,26.8,31.0,81,0.0,0.0,10.0,244,1007.1,64,2,Partly Cloudy
Chennai,India,2026-09-03,05:00:00,26.8,31.8,85,0.2,0.2,8.0,185,1007.5,60,51,Light Drizzle
Chennai,India,2026-09-03,06:00:00,26.6,31.5,86,0.0,0.0,8.0,214,1007.4,91,3,Overcast
Chennai,India,2026-09-03,07:00:00,27.9,33.1,80,0.0,0.0,6.7,239,1007.8,79,2,Partly Cloudy
Chennai,India,2026-09-03,08:00:00,29.9,35.2,72,0.0,0.0,6.5,265,1008.3,75,2,Partly Cloudy
Chennai,India,2026-09-03,09:00:00,32.0,36.1,59,0.0,0.0,10.1,280,1008.4,80,3,Overcast
Chennai,India,2026-09-03,10:00:00,33.2,37.6,53,0.0,0.0,10.9,289,1008.2,80,3,Overcast
Chennai,India,2026-09-03,11:00:00,34.8,40.0,47,0.0,0.0,9.4,282,1007.4,98,3,Overcast
Chennai,India,2026-09-03,12:00:00,34.2,39.1,48,0.0,0.0,6.3,277,1006.6,100,3,Overcast
Chennai,India,2026-09-03,13:00:00,34.2,39.6,48,0.0,0.0,1.7,198,1005.6,86,3,Overcast
Chennai,India,2026-09-03,14:00:00,34.2,39.7,50,0.2,0.2,6.1,135,1004.5,97,51,Light Drizzle
Chennai,India,2026-09-03,15:00:00,32.2,36.9,64,0.4,0.1,13.7,136,1003.9,99,95,Thunderstorm
Chennai,India,2026-09-03,16:00:00,31.4,35.4,65,0.2,0.2,14.4,162,1003.9,100,51,Light Drizzle
Chennai,India,2026-09-03,17:00:00,31.9,36.4,64,0.0,0.0,11.8,157,1004.6,99,3,Overcast
Chennai,India,2026-09-03,18:00:00,31.5,36.4,67,0.2,0.2,11.6,165,1005.3,98,51,Light Drizzle
Chennai,India,2026-09-03,19:00:00,31.4,36.5,67,0.0,0.0,9.3,172,1005.9,96,3,Overcast
Chennai,India,2026-09-03,20:00:00,31.2,36.7,68,0.0,0.0,6.7,189,1006.8,98,3,Overcast
Chennai,India,2026-09-03,21:00:00,31.0,36.8,70,0.0,0.0,5.1,186,1007.4,95,3,Overcast
Chennai,India,2026-09-03,22:00:00,30.4,35.8,72,0.1,0.1,7.1,187,1007.8,91,51,Light Drizzle
Chennai,India,2026-09-03,23:00:00,29.8,34.1,76,1.6,1.4,16.8,183,1007.4,69,95,Thunderstorm
Chennai,India,2026-09-04,00:00:00,28.6,32.7,80,0.4,0.3,16.1,184,1007.3,93,51,Light Drizzle
Chennai,India,2026-09-04,01:00:00,27.0,31.4,90,1.6,0.6,16.9,195,1007.3,79,95,Thunderstorm
Chennai,India,2026-09-04,02:00:00,26.7,31.2,90,0.2,0.2,14.8,206,1006.6,70,51,Light Drizzle
Chennai,India,2026-09-04,03:00:00,26.6,31.1,86,0.0,0.0,11.0,204,1006.6,63,2,Partly Cloudy
Chennai,India,2026-09-04,04:00:00,26.2,30.9,87,0.0,0.0,8.8,227,1007.2,70,2,Partly Cloudy
Chennai,India,2026-09-04,05:00:00,26.2,31.0,91,0.0,0.0,11.3,227,1007.6,97,3,Overcast
Chennai,India,2026-09-04,06:00:00,25.9,30.4,90,0.0,0.0,10.7,221,1007.8,95,3,Overcast
Chennai,India,2026-09-04,07:00:00,26.7,31.8,87,0.0,0.0,8.4,227,1008.5,100,3,Overcast
Chennai,India,2026-09-04,08:00:00,27.7,33.0,83,0.0,0.0,7.5,233,1009.1,100,3,Overcast
Chennai,India,2026-09-04,09:00:00,28.4,33.5,79,0.0,0.0,8.7,233,1009.3,100,3,Overcast
Chennai,India,2026-09-04,10:00:00,29.1,34.1,76,0.0,0.0,9.3,233,1008.7,100,3,Overcast
Chennai,India,2026-09-04,11:00:00,30.3,35.8,72,0.0,0.0,9.3,220,1008.3,100,3,Overcast
Chennai,India,2026-09-04,12:00:00,30.5,35.9,70,0.0,0.0,7.1,225,1007.8,100,3,Overcast
Chennai,India,2026-09-04,13:00:00,31.2,36.9,68,0.0,0.0,5.6,230,1006.9,100,3,Overcast
Chennai,India,2026-09-04,14:00:00,31.5,37.5,68,0.0,0.0,3.8,199,1006.1,35,1,Mainly Clear
Chennai,India,2026-09-04,15:00:00,32.0,38.5,67,0.1,0.1,5.6,159,1005.7,50,51,Light Drizzle
Chennai,India,2026-09-04,16:00:00,31.5,37.2,69,0.1,0.1,8.2,166,1005.4,64,51,Light Drizzle
Chennai,India,2026-09-04,17:00:00,30.6,36.5,76,0.0,0.0,9.2,159,1005.6,98,3,Overcast
Chennai,India,2026-09-04,18:00:00,29.7,35.6,78,0.0,0.0,7.6,161,1006.7,98,3,Overcast
Chennai,India,2026-09-04,19:00:00,29.2,35.1,80,0.0,0.0,6.7,166,1007.6,93,3,Overcast
Chennai,India,2026-09-04,20:00:00,29.0,35.3,83,0.0,0.0,6.8,178,1008.2,89,3,Overcast
Chennai,India,2026-09-04,21:00:00,28.8,34.9,84,0.0,0.0,7.4,193,1009.0,79,2,Partly Cloudy
Chennai,India,2026-09-04,22:00:00,28.5,34.7,85,0.0,0.0,6.7,189,1009.2,20,1,Mainly Clear
Chennai,India,2026-09-04,23:00:00,29.0,35.0,83,0.0,0.0,8.6,206,1008.9,88,3,Overcast
Chennai,India,2026-09-05,00:00:00,27.4,32.5,87,0.7,0.5,11.3,236,1008.9,85,53,Moderate Drizzle
Chennai,India,2026-09-05,01:00:00,27.0,32.1,88,0.3,0.3,10.2,224,1008.7,70,51,Light Drizzle
Chennai,India,2026-09-05,02:00:00,26.9,32.1,88,0.1,0.1,9.3,217,1007.8,73,51,Light Drizzle
Chennai,India,2026-09-05,03:00:00,26.8,31.8,88,0.0,0.0,10.0,218,1007.8,66,2,Partly Cloudy
Chennai,India,2026-09-05,04:00:00,26.4,30.8,87,0.0,0.0,11.6,224,1008.2,62,2,Partly Cloudy
Chennai,India,2026-09-05,05:00:00,26.6,32.1,90,0.1,0.1,7.2,251,1008.9,85,51,Light Drizzle
Chennai,India,2026-09-05,06:00:00,25.9,30.7,94,1.2,0.9,12.0,238,1009.3,23,55,Heavy Drizzle
Chennai,India,2026-09-05,07:00:00,27.3,33.3,92,0.2,0.2,8.5,242,1009.8,38,51,Light Drizzle
Chennai,India,2026-09-05,08:00:00,29.0,34.7,82,0.0,0.0,9.7,243,1010.2,20,1,Mainly Clear
Chennai,India,2026-09-05,09:00:00,30.7,36.4,73,0.0,0.0,9.9,237,1010.0,23,1,Mainly Clear
Chennai,India,2026-09-05,10:00:00,32.2,38.7,65,0.0,0.0,8.5,249,1009.5,47,1,Mainly Clear
Chennai,India,2026-09-05,11:00:00,33.4,41.3,61,0.0,0.0,5.9,230,1009.1,72,2,Partly Cloudy
Chennai,India,2026-09-05,12:00:00,33.8,42.3,59,0.1,0.1,3.1,230,1008.4,39,51,Light Drizzle
Chennai,India,2026-09-05,13:00:00,33.8,42.0,60,0.0,0.0,2.7,143,1007.5,23,1,Mainly Clear
Chennai,India,2026-09-05,14:00:00,33.5,41.1,63,0.0,0.0,5.5,131,1006.3,28,1,Mainly Clear
Chennai,India,2026-09-05,15:00:00,32.0,38.0,67,0.3,0.2,8.8,133,1006.0,52,51,Light Drizzle
Chennai,India,2026-09-05,16:00:00,31.4,37.7,73,0.5,0.5,7.8,140,1006.1,29,53,Moderate Drizzle
Chennai,India,2026-09-05,17:00:00,31.8,37.3,70,0.1,0.1,11.4,128,1005.9,35,51,Light Drizzle
Chennai,India,2026-09-05,18:00:00,30.4,36.9,79,0.0,0.0,7.8,140,1007.0,16,0,Clear Sky
Chennai,India,2026-09-05,19:00:00,30.0,36.4,83,0.0,0.0,10.3,153,1007.6,16,0,Clear Sky
Chennai,India,2026-09-05,20:00:00,29.7,35.8,82,0.0,0.0,11.0,166,1008.3,8,0,Clear Sky
Chennai,India,2026-09-05,21:00:00,29.5,35.5,83,0.0,0.0,10.5,177,1009.1,24,1,Mainly Clear
Chennai,India,2026-09-05,22:00:00,29.2,35.6,86,0.0,0.0,9.4,188,1009.5,12,0,Clear Sky
Chennai,India,2026-09-05,23:00:00,29.3,35.1,83,0.0,0.0,11.7,195,1009.3,20,1,Mainly Clear
Chennai,India,2026-09-06,00:00:00,29.0,34.9,84,0.0,0.0,10.3,203,1008.8,51,2,Partly Cloudy
Chennai,India,2026-09-06,01:00:00,28.8,34.4,83,0.0,0.0,11.3,209,1008.5,91,3,Overcast
Chennai,India,2026-09-06,02:00:00,28.5,33.2,82,0.0,0.0,14.6,213,1008.4,98,3,Overcast
Chennai,India,2026-09-06,03:00:00,27.6,31.1,80,0.0,0.0,16.8,218,1008.4,95,3,Overcast
Chennai,India,2026-09-06,04:00:00,26.7,30.6,84,0.0,0.0,13.6,220,1008.6,96,3,Overcast
Chennai,India,2026-09-06,05:00:00,26.7,31.0,88,0.0,0.0,14.2,219,1008.5,98,3,Overcast
Chennai,India,2026-09-06,06:00:00,26.7,31.3,88,0.0,0.0,11.7,226,1009.2,100,3,Overcast
Chennai,India,2026-09-06,07:00:00,27.7,32.9,85,0.0,0.0,10.2,234,1009.9,100,3,Overcast
Chennai,India,2026-09-06,08:00:00,28.8,34.1,81,0.0,0.0,10.7,235,1010.3,98,3,Overcast
Chennai,India,2026-09-06,09:00:00,30.5,36.2,75,0.0,0.0,9.8,238,1010.2,97,3,Overcast
Chennai,India,2026-09-06,10:00:00,32.4,39.0,65,0.0,0.0,10.0,247,1009.8,82,3,Overcast
Chennai,India,2026-09-06,11:00:00,34.2,40.9,55,0.0,0.0,8.9,252,1009.3,84,3,Overcast
Chennai,India,2026-09-06,12:00:00,34.9,42.7,53,0.0,0.0,4.6,228,1008.7,77,2,Partly Cloudy
Chennai,India,2026-09-06,13:00:00,34.9,42.2,52,0.0,0.0,5.3,172,1007.4,94,3,Overcast
Chennai,India,2026-09-06,14:00:00,34.5,41.3,55,0.0,0.0,6.2,165,1006.4,94,3,Overcast
Chennai,India,2026-09-06,15:00:00,34.2,40.6,58,0.0,0.0,5.1,163,1006.0,100,3,Overcast
Chennai,India,2026-09-06,16:00:00,32.4,39.7,75,0.8,0.0,7.0,159,1006.3,99,95,Thunderstorm
Chennai,India,2026-09-06,17:00:00,31.9,38.9,76,0.0,0.0,7.4,131,1006.6,73,2,Partly Cloudy
Chennai,India,2026-09-06,18:00:00,30.4,37.5,84,0.0,0.0,9.4,135,1007.7,94,3,Overcast
Chennai,India,2026-09-06,19:00:00,29.9,36.5,85,0.0,0.0,10.9,149,1008.7,97,3,Overcast
Chennai,India,2026-09-06,20:00:00,29.4,35.9,88,0.1,0.1,11.1,205,1010.1,97,51,Light Drizzle
Chennai,India,2026-09-06,21:00:00,28.5,34.8,90,0.7,0.7,10.9,196,1010.4,45,53,Moderate Drizzle
Chennai,India,2026-09-06,22:00:00,27.7,33.0,91,0.3,0.3,14.7,206,1010.6,51,51,Light Drizzle
Chennai,India,2026-09-06,23:00:00,27.5,32.1,85,0.1,0.1,13.6,197,1009.5,50,51,Light Drizzle
Chennai,India,2026-09-07,00:00:00,27.6,32.1,81,0.0,0.0,11.2,206,1008.8,68,2,Partly Cloudy
Chennai,India,2026-09-07,01:00:00,27.4,31.7,82,0.0,0.0,12.0,208,1008.4,84,3,Overcast
Chennai,India,2026-09-07,02:00:00,26.9,31.6,87,0.0,0.0,12.2,225,1008.0,91,3,Overcast
Chennai,India,2026-09-07,03:00:00,27.0,31.7,87,0.0,0.0,11.9,231,1007.7,93,3,Overcast
Chennai,India,2026-09-07,04:00:00,27.0,31.9,88,0.0,0.0,11.5,231,1007.9,92,3,Overcast
Chennai,India,2026-09-07,05:00:00,27.5,32.8,88,0.0,0.0,10.8,224,1008.4,98,3,Overcast
Chennai,India,2026-09-07,06:00:00,27.7,33.2,88,0.0,0.0,9.7,225,1009.1,52,2,Partly Cloudy
Chennai,India,2026-09-07,07:00:00,28.7,34.6,85,0.0,0.0,8.9,230,1009.6,6,0,Clear Sky
Chennai,India,2026-09-07,08:00:00,30.3,36.4,79,0.0,0.0,9.5,241,1009.9,38,1,Mainly Clear
Chennai,India,2026-09-07,09:00:00,32.1,37.9,68,0.0,0.0,10.4,268,1009.7,55,2,Partly Cloudy
Chennai,India,2026-09-07,10:00:00,33.7,39.3,56,0.0,0.0,10.6,296,1009.6,43,1,Mainly Clear
Chennai,India,2026-09-07,11:00:00,35.0,40.9,49,0.0,0.0,9.6,304,1008.8,9,0,Clear Sky
Chennai,India,2026-09-07,12:00:00,35.6,42.2,45,0.0,0.0,4.8,331,1007.8,14,0,Clear Sky
Chennai,India,2026-09-07,13:00:00,35.3,42.2,46,0.1,0.1,1.6,96,1007.0,19,51,Light Drizzle
Chennai,India,2026-09-07,14:00:00,34.3,40.4,52,0.1,0.1,6.3,114,1005.9,28,51,Light Drizzle
Chennai,India,2026-09-07,15:00:00,32.9,38.7,66,0.1,0.1,11.6,123,1005.8,28,51,Light Drizzle
Chennai,India,2026-09-07,16:00:00,31.6,36.3,68,0.3,0.3,13.6,139,1005.9,63,51,Light Drizzle
Chennai,India,2026-09-07,17:00:00,32.1,37.8,70,0.0,0.0,11.4,153,1005.8,15,0,Clear Sky
Chennai,India,2026-09-07,18:00:00,31.0,37.4,78,0.0,0.0,9.6,147,1006.6,15,0,Clear Sky
Chennai,India,2026-09-07,19:00:00,30.6,36.6,75,0.0,0.0,8.1,148,1007.6,41,1,Mainly Clear
Chennai,India,2026-09-07,20:00:00,30.1,36.1,83,0.0,0.0,14.4,172,1008.4,73,2,Partly Cloudy
Chennai,India,2026-09-07,21:00:00,30.1,35.5,79,0.0,0.0,13.9,181,1009.4,27,1,Mainly Clear
Chennai,India,2026-09-07,22:00:00,29.7,35.0,79,0.0,0.0,13.4,197,1010.0,13,0,Clear Sky
Chennai,India,2026-09-07,23:00:00,29.1,36.1,86,0.0,0.0,5.1,153,1009.4,25,1,Mainly Clear
Chennai,India,2026-09-08,00:00:00,27.7,33.4,93,0.8,0.8,13.0,204,1009.3,56,53,Moderate Drizzle
Chennai,India,2026-09-08,01:00:00,25.2,29.8,95,2.1,1.4,11.9,183,1008.9,94,80,Light Rain Showers
Chennai,India,2026-09-08,02:00:00,26.1,30.8,92,0.7,0.7,12.4,181,1007.6,38,53,Moderate Drizzle
Chennai,India,2026-09-08,03:00:00,26.7,32.0,90,0.0,0.0,9.2,179,1007.4,85,3,Overcast
Chennai,India,2026-09-08,04:00:00,26.8,32.4,90,0.0,0.0,8.1,181,1007.5,50,2,Partly Cloudy
Chennai,India,2026-09-08,05:00:00,28.1,33.3,82,0.0,0.0,9.3,205,1007.9,88,3,Overcast
Chennai,India,2026-09-08,06:00:00,27.9,33.2,83,0.0,0.0,8.3,214,1008.3,86,3,Overcast
Chennai,India,2026-09-08,07:00:00,29.1,34.5,79,0.0,0.0,8.9,288,1008.9,59,2,Partly Cloudy
Chennai,India,2026-09-08,08:00:00,30.8,36.3,72,0.0,0.0,8.8,301,1009.5,91,3,Overcast
Chennai,India,2026-09-08,09:00:00,32.6,35.8,55,0.0,0.0,14.7,320,1009.5,82,3,Overcast
Chennai,India,2026-09-08,10:00:00,33.5,38.0,53,0.0,0.0,14.2,311,1009.3,62,2,Partly Cloudy
Chennai,India,2026-09-08,11:00:00,34.8,40.0,48,0.0,0.0,11.9,330,1008.7,38,1,Mainly Clear
Chennai,India,2026-09-08,12:00:00,34.8,40.7,47,0.1,0.1,8.3,346,1007.8,24,51,Light Drizzle
Chennai,India,2026-09-08,13:00:00,34.4,40.5,49,0.1,0.1,5.6,42,1006.9,24,51,Light Drizzle
Chennai,India,2026-09-08,14:00:00,33.7,39.9,55,0.1,0.1,6.6,57,1005.5,39,51,Light Drizzle
Chennai,India,2026-09-08,15:00:00,32.8,38.4,64,0.0,0.0,10.5,73,1005.1,26,1,Mainly Clear
Chennai,India,2026-09-08,16:00:00,31.8,37.5,71,0.1,0.1,10.4,82,1004.9,42,51,Light Drizzle
Chennai,India,2026-09-08,17:00:00,31.3,37.2,72,0.2,0.2,9.0,102,1005.0,41,51,Light Drizzle
Chennai,India,2026-09-08,18:00:00,30.8,37.1,76,0.3,0.3,7.1,164,1005.9,15,51,Light Drizzle
Chennai,India,2026-09-08,19:00:00,30.4,36.7,78,0.0,0.0,7.7,149,1007.0,30,1,Mainly Clear
Chennai,India,2026-09-08,20:00:00,30.3,36.7,79,0.0,0.0,7.5,163,1008.1,21,1,Mainly Clear
Chennai,India,2026-09-08,21:00:00,30.1,36.3,79,0.0,0.0,8.7,167,1009.2,23,1,Mainly Clear
Chennai,India,2026-09-08,22:00:00,29.9,36.3,79,0.1,0.1,5.7,167,1009.2,13,51,Light Drizzle
Chennai,India,2026-09-08,23:00:00,30.2,36.7,78,0.0,0.0,6.0,155,1008.7,21,1,Mainly Clear
Chennai,India,2026-09-09,00:00:00,29.8,35.6,78,0.0,0.0,8.7,193,1008.0,24,1,Mainly Clear
Chennai,India,2026-09-09,01:00:00,29.4,34.9,79,0.0,0.0,10.2,201,1007.3,61,2,Partly Cloudy
Chennai,India,2026-09-09,02:00:00,28.9,34.2,81,0.0,0.0,11.2,206,1006.8,72,2,Partly Cloudy
Chennai,India,2026-09-09,03:00:00,28.6,33.7,79,0.0,0.0,9.4,210,1006.4,45,1,Mainly Clear
Chennai,India,2026-09-09,04:00:00,28.2,33.2,79,0.0,0.0,7.7,233,1006.6,55,2,Partly Cloudy
Chennai,India,2026-09-09,05:00:00,27.5,31.8,84,0.0,0.0,14.1,215,1006.9,78,2,Partly Cloudy
Chennai,India,2026-09-09,06:00:00,27.3,32.5,85,0.0,0.0,9.2,282,1007.3,63,2,Partly Cloudy
Chennai,India,2026-09-09,07:00:00,28.5,34.6,84,0.1,0.0,6.2,296,1007.7,77,51,Light Drizzle
Chennai,India,2026-09-09,08:00:00,30.2,36.0,74,0.0,0.0,6.7,304,1008.1,80,3,Overcast
Chennai,India,2026-09-09,09:00:00,32.2,36.1,60,0.0,0.0,12.5,305,1008.3,53,2,Partly Cloudy
Chennai,India,2026-09-09,10:00:00,33.5,37.9,53,0.0,0.0,13.6,312,1008.0,92,3,Overcast
Chennai,India,2026-09-09,11:00:00,33.3,39.0,55,0.0,0.0,10.2,304,1008.1,95,3,Overcast
Chennai,India,2026-09-09,12:00:00,33.7,38.7,53,0.4,0.2,13.1,322,1007.0,72,51,Light Drizzle
Chennai,India,2026-09-09,13:00:00,34.2,39.6,52,0.0,0.0,10.9,320,1005.8,50,2,Partly Cloudy
Chennai,India,2026-09-09,14:00:00,35.0,40.0,49,0.0,0.0,11.1,306,1004.2,95,3,Overcast
Chennai,India,2026-09-09,15:00:00,34.7,39.1,49,0.0,0.0,7.4,317,1003.9,89,3,Overcast
Chennai,India,2026-09-09,16:00:00,34.2,38.7,50,0.1,0.0,4.2,306,1003.9,45,51,Light Drizzle
Chennai,India,2026-09-09,17:00:00,32.9,38.1,60,0.0,0.0,6.3,63,1004.0,94,3,Overcast
Chennai,India,2026-09-09,18:00:00,31.3,37.5,72,0.0,0.0,6.2,102,1004.6,99,3,Overcast
Chennai,India,2026-09-09,19:00:00,30.6,37.3,77,0.0,0.0,5.2,121,1005.3,99,3,Overcast
Chennai,India,2026-09-09,20:00:00,30.3,37.4,80,0.0,0.0,4.3,107,1006.4,97,3,Overcast
Chennai,India,2026-09-09,21:00:00,30.1,37.0,82,0.0,0.0,6.3,167,1007.4,99,3,Overcast
Chennai,India,2026-09-09,22:00:00,29.8,36.5,83,0.0,0.0,7.4,194,1007.7,32,1,Mainly Clear
Chennai,India,2026-09-09,23:00:00,29.8,36.1,82,0.0,0.0,9.6,196,1006.9,46,1,Mainly Clear
Chennai,India,2026-09-10,00:00:00,29.3,35.3,83,0.0,0.0,9.8,208,1006.3,76,2,Partly Cloudy
Chennai,India,2026-09-10,01:00:00,29.0,34.7,83,0.0,0.0,10.4,217,1005.9,99,3,Overcast
Chennai,India,2026-09-10,02:00:00,28.2,32.4,79,0.1,0.1,13.7,214,1006.0,92,51,Light Drizzle
Chennai,India,2026-09-10,03:00:00,27.2,30.7,79,0.3,0.3,14.8,214,1005.5,95,51,Light Drizzle
Chennai,India,2026-09-10,04:00:00,27.2,31.2,81,0.0,0.0,13.0,217,1005.7,98,3,Overcast
Chennai,India,2026-09-10,05:00:00,27.2,32.2,88,0.0,0.0,12.1,226,1005.7,100,3,Overcast
Chennai,India,2026-09-10,06:00:00,27.0,31.7,85,0.0,0.0,10.9,232,1006.0,99,3,Overcast
Chennai,India,2026-09-10,07:00:00,27.5,32.2,82,0.0,0.0,9.7,227,1006.6,98,3,Overcast
Chennai,India,2026-09-10,08:00:00,28.5,33.5,78,0.0,0.0,9.1,232,1006.9,98,3,Overcast
Chennai,India,2026-09-10,09:00:00,30.3,35.5,73,0.0,0.0,9.6,242,1007.1,99,3,Overcast
Chennai,India,2026-09-10,10:00:00,31.9,37.8,66,0.0,0.0,8.6,260,1007.0,99,3,Overcast
Chennai,India,2026-09-10,11:00:00,32.9,39.7,63,0.0,0.0,8.8,309,1006.8,100,3,Overcast
Chennai,India,2026-09-10,12:00:00,34.0,40.6,56,0.0,0.0,6.9,343,1005.4,100,3,Overcast
Chennai,India,2026-09-10,13:00:00,32.8,39.1,60,0.0,0.0,9.3,72,1004.4,99,3,Overcast
Chennai,India,2026-09-10,14:00:00,31.5,37.5,71,0.1,0.1,11.7,119,1003.4,100,51,Light Drizzle
Chennai,India,2026-09-10,15:00:00,31.7,36.9,67,0.0,0.0,8.8,139,1003.1,100,3,Overcast
Chennai,India,2026-09-10,16:00:00,31.4,36.8,68,0.0,0.0,8.4,143,1002.9,100,3,Overcast
Chennai,India,2026-09-10,17:00:00,30.4,36.1,75,0.0,0.0,9.2,157,1003.3,100,3,Overcast
Chennai,India,2026-09-10,18:00:00,29.6,35.7,82,0.0,0.0,9.1,153,1003.9,100,3,Overcast
Chennai,India,2026-09-10,19:00:00,29.5,35.8,84,0.0,0.0,9.9,180,1005.1,100,3,Overcast
Chennai,India,2026-09-10,20:00:00,29.5,35.8,82,0.0,0.0,7.5,201,1006.0,98,3,Overcast
Chennai,India,2026-09-10,21:00:00,29.2,35.4,81,0.0,0.0,7.1,196,1006.3,98,3,Overcast
Chennai,India,2026-09-10,22:00:00,28.9,34.9,82,0.0,0.0,6.8,205,1006.4,100,3,Overcast
Chennai,India,2026-09-10,23:00:00,28.6,34.4,83,0.0,0.0,7.8,203,1006.0,100,3,Overcast
Delhi,India,2026-08-11,00:00:00,27.7,34.2,94,0.2,0.2,9.7,91,976.9,100,51,Light Drizzle
Delhi,India,2026-08-11,01:00:00,27.3,33.8,96,0.1,0.1,8.8,113,976.9,100,51,Light Drizzle
Delhi,India,2026-08-11,02:00:00,27.2,33.6,96,0.0,0.0,9.2,106,976.9,100,3,Overcast
Delhi,India,2026-08-11,03:00:00,27.1,33.5,96,0.1,0.1,8.3,106,976.6,93,51,Light Drizzle
Delhi,India,2026-08-11,04:00:00,27.0,32.7,91,0.3,0.0,8.1,127,977.0,96,95,Thunderstorm
Delhi,India,2026-08-11,05:00:00,26.7,32.8,95,0.3,0.2,8.1,149,977.2,95,51,Light Drizzle
Delhi,India,2026-08-11,06:00:00,26.8,33.0,95,0.0,0.0,7.6,128,977.4,84,3,Overcast
Delhi,India,2026-08-11,07:00:00,27.6,33.6,89,0.0,0.0,8.5,159,978.1,92,3,Overcast
Delhi,India,2026-08-11,08:00:00,28.6,34.8,85,0.0,0.0,6.9,163,978.5,99,3,Overcast
Delhi,India,2026-08-11,09:00:00,29.5,36.1,82,0.0,0.0,5.9,157,978.7,99,3,Overcast
Delhi,India,2026-08-11,10:00:00,30.2,37.3,81,0.1,0.0,4.3,114,979.0,99,51,Light Drizzle
Delhi,India,2026-08-11,11:00:00,30.4,38.0,81,0.3,0.1,2.2,104,978.8,100,95,Thunderstorm
Delhi,India,2026-08-11,12:00:00,28.6,35.2,88,2.8,0.0,7.2,63,978.4,100,96,Thunderstorm with Hail
Delhi,India,2026-08-11,13:00:00,27.9,34.8,92,5.4,1.0,5.1,80,978.0,100,96,Thunderstorm with Hail
Delhi,India,2026-08-11,14:00:00,28.5,36.0,91,1.4,0.6,3.6,60,977.2,97,96,Thunderstorm with Hail
Delhi,India,2026-08-11,15:00:00,29.9,37.1,83,0.3,0.1,5.2,56,976.0,91,95,Thunderstorm
Delhi,India,2026-08-11,16:00:00,30.4,37.3,79,0.0,0.0,4.8,34,975.8,90,3,Overcast
Delhi,India,2026-08-11,17:00:00,30.1,36.9,79,0.1,0.0,4.2,80,976.2,78,51,Light Drizzle
Delhi,India,2026-08-11,18:00:00,29.8,37.0,82,0.0,0.0,3.1,90,976.1,95,3,Overcast
Delhi,India,2026-08-11,19:00:00,29.1,36.9,88,0.5,0.0,2.1,160,976.6,95,95,Thunderstorm
Delhi,India,2026-08-11,20:00:00,28.8,36.5,90,0.5,0.0,3.2,109,977.5,71,95,Thunderstorm
Delhi,India,2026-08-11,21:00:00,28.5,36.3,92,0.1,0.1,2.9,137,978.4,13,51,Light Drizzle
Delhi,India,2026-08-11,22:00:00,28.1,35.6,94,0.0,0.0,3.9,152,978.5,27,1,Mainly Clear
Delhi,India,2026-08-11,23:00:00,28.4,35.4,90,0.0,0.0,5.5,134,978.1,84,3,Overcast
Delhi,India,2026-08-12,00:00:00,28.1,35.4,92,0.0,0.0,3.7,169,977.9,63,2,Partly Cloudy
Delhi,India,2026-08-12,01:00:00,28.1,35.9,92,0.0,0.0,0.3,315,977.9,57,2,Partly Cloudy
Delhi,India,2026-08-12,02:00:00,27.7,35.1,94,0.0,0.0,2.7,48,977.9,20,1,Mainly Clear
Delhi,India,2026-08-12,03:00:00,27.4,34.4,93,0.0,0.0,4.3,62,978.0,5,0,Clear Sky
Delhi,India,2026-08-12,04:00:00,27.2,34.3,94,0.0,0.0,2.9,68,978.1,1,0,Clear Sky
Delhi,India,2026-08-12,05:00:00,27.5,35.2,97,0.0,0.0,1.5,76,977.9,23,1,Mainly Clear
Delhi,India,2026-08-12,06:00:00,27.6,35.1,95,0.0,0.0,2.8,35,978.2,9,0,Clear Sky
Delhi,India,2026-08-12,07:00:00,28.6,36.3,92,0.0,0.0,2.9,349,978.5,8,0,Clear Sky
Delhi,India,2026-08-12,08:00:00,29.9,37.2,83,0.0,0.0,2.9,349,978.9,14,0,Clear Sky
Delhi,India,2026-08-12,09:00:00,31.0,37.9,75,0.1,0.1,3.6,357,979.1,15,51,Light Drizzle
Delhi,India,2026-08-12,10:00:00,31.8,39.4,71,0.3,0.1,2.9,11,979.1,23,51,Light Drizzle
Delhi,India,2026-08-12,11:00:00,32.9,40.3,65,0.3,0.1,4.2,350,978.8,20,51,Light Drizzle
Delhi,India,2026-08-12,12:00:00,33.4,41.3,64,0.1,0.0,3.7,337,978.3,12,51,Light Drizzle
Delhi,India,2026-08-12,13:00:00,33.9,42.3,62,0.1,0.1,2.5,339,977.4,10,51,Light Drizzle
Delhi,India,2026-08-12,14:00:00,34.2,42.5,61,0.1,0.1,0.8,27,976.8,12,51,Light Drizzle
Delhi,India,2026-08-12,15:00:00,34.4,41.8,60,0.0,0.0,0.8,243,976.6,9,0,Clear Sky
Delhi,India,2026-08-12,16:00:00,34.2,41.1,61,0.0,0.0,1.5,256,975.9,20,1,Mainly Clear
Delhi,India,2026-08-12,17:00:00,33.5,40.9,67,0.3,0.1,1.9,214,976.2,38,51,Light Drizzle
Delhi,India,2026-08-12,18:00:00,29.6,36.4,88,0.7,0.1,11.1,240,977.2,70,95,Thunderstorm
Delhi,India,2026-08-12,19:00:00,28.4,35.1,93,0.0,0.0,10.1,237,978.2,66,2,Partly Cloudy
Delhi,India,2026-08-12,20:00:00,27.9,35.3,92,0.0,0.0,2.2,222,978.4,95,3,Overcast
Delhi,India,2026-08-12,21:00:00,28.0,35.0,93,0.0,0.0,5.6,225,979.4,99,3,Overcast
Delhi,India,2026-08-12,22:00:00,27.9,34.9,94,0.0,0.0,6.5,182,979.8,94,3,Overcast
Delhi,India,2026-08-12,23:00:00,29.5,36.8,87,0.0,0.0,5.7,171,979.6,50,2,Partly Cloudy
Delhi,India,2026-08-13,00:00:00,28.9,36.4,89,0.0,0.0,4.0,185,979.8,43,1,Mainly Clear
Delhi,India,2026-08-13,01:00:00,28.7,36.0,89,0.0,0.0,3.8,211,979.0,44,1,Mainly Clear
Delhi,India,2026-08-13,02:00:00,28.4,35.3,89,0.0,0.0,6.0,245,978.4,24,1,Mainly Clear
Delhi,India,2026-08-13,03:00:00,28.1,34.9,91,0.0,0.0,6.3,275,978.5,46,1,Mainly Clear
Delhi,India,2026-08-13,04:00:00,27.7,34.9,94,0.0,0.0,4.0,270,978.2,73,2,Partly Cloudy
Delhi,India,2026-08-13,05:00:00,26.7,33.4,97,0.0,0.0,5.0,257,978.2,67,2,Partly Cloudy
Delhi,India,2026-08-13,06:00:00,26.4,32.5,98,0.6,0.3,9.2,250,978.7,41,53,Moderate Drizzle
Delhi,India,2026-08-13,07:00:00,27.8,34.8,95,0.0,0.0,6.7,289,978.7,23,1,Mainly Clear
Delhi,India,2026-08-13,08:00:00,29.9,37.2,83,0.0,0.0,3.6,327,978.6,8,0,Clear Sky
Delhi,India,2026-08-13,09:00:00,31.6,39.0,76,0.0,0.0,3.1,329,978.8,8,0,Clear Sky
Delhi,India,2026-08-13,10:00:00,32.7,41.1,70,0.0,0.0,1.3,352,979.1,9,0,Clear Sky
Delhi,India,2026-08-13,11:00:00,33.2,41.7,66,0.2,0.1,2.5,315,979.1,13,51,Light Drizzle
Delhi,India,2026-08-13,12:00:00,33.6,42.4,65,0.0,0.0,2.2,265,978.6,50,2,Partly Cloudy
Delhi,India,2026-08-13,13:00:00,31.5,38.8,73,1.1,0.4,7.8,241,978.0,66,96,Thunderstorm with Hail
Delhi,India,2026-08-13,14:00:00,32.6,41.0,71,0.3,0.3,2.1,239,977.3,20,51,Light Drizzle
Delhi,India,2026-08-13,15:00:00,33.3,40.4,67,0.2,0.1,6.0,295,976.6,34,51,Light Drizzle
Delhi,India,2026-08-13,16:00:00,33.2,40.0,67,0.0,0.0,5.4,290,975.9,18,0,Clear Sky
Delhi,India,2026-08-13,17:00:00,30.9,38.8,86,0.2,0.0,6.7,59,976.3,92,95,Thunderstorm
Delhi,India,2026-08-13,18:00:00,30.8,39.2,84,0.0,0.0,1.3,34,976.6,70,2,Partly Cloudy
Delhi,India,2026-08-13,19:00:00,30.2,38.5,88,0.0,0.0,3.0,163,977.1,44,1,Mainly Clear
Delhi,India,2026-08-13,20:00:00,30.0,38.5,90,0.0,0.0,3.1,216,977.8,49,1,Mainly Clear
Delhi,India,2026-08-13,21:00:00,30.1,38.4,88,0.0,0.0,3.0,213,978.4,52,2,Partly Cloudy
Delhi,India,2026-08-13,22:00:00,29.9,37.7,86,0.0,0.0,4.2,211,978.4,98,3,Overcast
Delhi,India,2026-08-13,23:00:00,30.2,38.6,88,0.0,0.0,2.7,212,977.8,99,3,Overcast
Delhi,India,2026-08-14,00:00:00,29.7,37.6,89,0.0,0.0,3.6,225,977.5,96,3,Overcast
Delhi,India,2026-08-14,01:00:00,29.3,37.1,89,0.0,0.0,3.4,227,977.2,66,2,Partly Cloudy
Delhi,India,2026-08-14,02:00:00,28.9,36.4,90,0.0,0.0,4.4,243,977.1,27,1,Mainly Clear
Delhi,India,2026-08-14,03:00:00,28.7,35.9,90,0.0,0.0,4.7,247,976.8,74,2,Partly Cloudy
Delhi,India,2026-08-14,04:00:00,28.4,35.6,91,0.0,0.0,4.8,255,977.0,57,2,Partly Cloudy
Delhi,India,2026-08-14,05:00:00,27.1,34.6,97,0.0,0.0,2.0,207,977.0,98,3,Overcast
Delhi,India,2026-08-14,06:00:00,27.0,34.1,97,1.6,0.2,3.5,99,977.9,99,96,Thunderstorm with Hail
Delhi,India,2026-08-14,07:00:00,27.6,34.8,94,1.1,0.7,3.8,149,978.6,100,95,Thunderstorm
Delhi,India,2026-08-14,08:00:00,28.4,36.0,90,0.3,0.3,1.9,163,979.3,100,51,Light Drizzle
Delhi,India,2026-08-14,09:00:00,28.7,35.8,88,0.1,0.0,3.9,286,979.2,100,51,Light Drizzle
Delhi,India,2026-08-14,10:00:00,30.0,37.1,80,0.0,0.0,2.4,279,979.2,99,3,Overcast
Delhi,India,2026-08-14,11:00:00,30.2,37.2,80,0.1,0.0,4.7,288,979.8,100,51,Light Drizzle
Delhi,India,2026-08-14,12:00:00,30.6,38.2,81,1.0,0.1,2.4,347,980.1,100,96,Thunderstorm with Hail
Delhi,India,2026-08-14,13:00:00,30.9,38.8,80,0.4,0.0,1.7,72,979.3,100,95,Thunderstorm
Delhi,India,2026-08-14,14:00:00,30.3,37.6,81,0.4,0.1,3.8,19,979.1,100,95,Thunderstorm
Delhi,India,2026-08-14,15:00:00,27.6,34.7,92,5.4,0.3,1.8,186,978.8,100,96,Thunderstorm with Hail
Delhi,India,2026-08-14,16:00:00,28.0,35.3,91,1.0,1.0,2.3,176,977.7,100,55,Heavy Drizzle
Delhi,India,2026-08-14,17:00:00,30.1,36.9,79,0.2,0.2,4.0,69,977.5,100,51,Light Drizzle
Delhi,India,2026-08-14,18:00:00,29.5,36.5,82,0.0,0.0,3.5,81,977.7,100,3,Overcast
Delhi,India,2026-08-14,19:00:00,28.8,35.9,87,0.0,0.0,4.3,75,978.2,99,3,Overcast
Delhi,India,2026-08-14,20:00:00,28.4,35.2,89,0.0,0.0,6.0,95,978.6,92,3,Overcast
Delhi,India,2026-08-14,21:00:00,28.0,35.3,91,0.0,0.0,3.0,142,979.4,96,3,Overcast
Delhi,India,2026-08-14,22:00:00,27.8,34.8,92,0.0,0.0,3.8,169,979.3,99,3,Overcast
Delhi,India,2026-08-14,23:00:00,28.0,34.8,89,0.0,0.0,3.8,185,978.8,96,3,Overcast
Delhi,India,2026-08-15,00:00:00,27.7,34.9,92,0.0,0.0,2.1,195,978.8,95,3,Overcast
Delhi,India,2026-08-15,01:00:00,27.4,34.6,93,0.0,0.0,1.8,246,978.7,79,2,Partly Cloudy
Delhi,India,2026-08-15,02:00:00,27.2,34.4,95,0.0,0.0,2.2,204,978.7,63,2,Partly Cloudy
Delhi,India,2026-08-15,03:00:00,27.1,34.0,95,0.0,0.0,3.8,180,978.3,41,1,Mainly Clear
Delhi,India,2026-08-15,04:00:00,27.0,34.2,95,0.0,0.0,1.9,197,978.6,84,3,Overcast
Delhi,India,2026-08-15,05:00:00,26.5,32.9,97,0.0,0.0,6.6,215,978.9,97,3,Overcast
Delhi,India,2026-08-15,06:00:00,26.6,33.7,97,1.0,1.0,2.8,220,979.3,100,55,Heavy Drizzle
Delhi,India,2026-08-15,07:00:00,26.8,34.1,98,1.0,0.9,2.8,63,979.6,100,55,Heavy Drizzle
Delhi,India,2026-08-15,08:00:00,27.5,34.9,95,0.5,0.5,3.1,97,980.1,100,53,Moderate Drizzle
Delhi,India,2026-08-15,09:00:00,28.3,35.6,90,0.1,0.1,3.2,87,980.3,100,51,Light Drizzle
Delhi,India,2026-08-15,10:00:00,29.7,37.6,84,0.0,0.0,0.4,297,980.3,97,3,Overcast
Delhi,India,2026-08-15,11:00:00,31.8,38.9,73,0.1,0.0,6.0,314,980.1,95,95,Thunderstorm
Delhi,India,2026-08-15,12:00:00,31.9,39.9,74,0.6,0.1,8.5,318,979.2,88,96,Thunderstorm with Hail
Delhi,India,2026-08-15,13:00:00,31.1,39.2,81,0.9,0.2,7.6,360,978.8,87,96,Thunderstorm with Hail
Delhi,India,2026-08-15,14:00:00,32.2,40.3,73,0.2,0.1,4.1,345,977.9,18,51,Light Drizzle
Delhi,India,2026-08-15,15:00:00,32.5,39.2,68,0.1,0.0,7.5,320,976.9,38,51,Light Drizzle
Delhi,India,2026-08-15,16:00:00,32.4,38.4,67,0.0,0.0,6.4,306,976.3,62,2,Partly Cloudy
Delhi,India,2026-08-15,17:00:00,31.6,38.2,74,0.0,0.0,8.2,320,976.2,86,3,Overcast
Delhi,India,2026-08-15,18:00:00,31.2,38.8,79,0.0,0.0,4.2,265,976.4,89,3,Overcast
Delhi,India,2026-08-15,19:00:00,30.5,38.3,84,0.0,0.0,4.6,234,976.9,87,3,Overcast
Delhi,India,2026-08-15,20:00:00,30.0,37.9,87,0.0,0.0,4.1,236,977.6,94,3,Overcast
Delhi,India,2026-08-15,21:00:00,29.7,37.3,87,0.0,0.0,4.5,241,978.0,90,3,Overcast
Delhi,India,2026-08-15,22:00:00,29.2,36.8,88,0.0,0.0,3.6,229,978.2,91,3,Overcast
Delhi,India,2026-08-15,23:00:00,29.0,35.5,86,0.0,0.0,8.3,221,977.8,98,3,Overcast
Delhi,India,2026-08-16,00:00:00,28.7,35.5,89,0.0,0.0,7.6,227,977.7,88,3,Overcast
Delhi,India,2026-08-16,01:00:00,28.6,35.3,89,0.0,0.0,7.0,247,977.2,86,3,Overcast
Delhi,India,2026-08-16,02:00:00,28.4,35.1,88,0.1,0.1,5.5,297,976.8,98,51,Light Drizzle
Delhi,India,2026-08-16,03:00:00,26.2,32.4,94,2.9,2.2,4.0,339,976.6,98,81,Moderate Rain Showers
Delhi,India,2026-08-16,04:00:00,26.4,32.3,95,0.3,0.3,7.9,246,976.5,99,51,Light Drizzle
Delhi,India,2026-08-16,05:00:00,27.9,33.4,87,0.0,0.0,10.4,271,976.3,77,2,Partly Cloudy
Delhi,India,2026-08-16,06:00:00,27.9,33.5,85,0.1,0.1,8.8,289,977.1,98,51,Light Drizzle
Delhi,India,2026-08-16,07:00:00,28.3,33.9,84,0.2,0.2,8.6,268,977.5,100,51,Light Drizzle
Delhi,India,2026-08-16,08:00:00,29.4,35.2,79,0.1,0.1,8.3,269,977.8,99,51,Light Drizzle
Delhi,India,2026-08-16,09:00:00,30.5,36.1,74,0.0,0.0,8.6,280,977.9,98,3,Overcast
Delhi,India,2026-08-16,10:00:00,31.9,37.9,69,0.0,0.0,8.2,284,977.9,99,3,Overcast
Delhi,India,2026-08-16,11:00:00,32.8,39.2,64,0.0,0.0,8.4,301,977.8,89,3,Overcast
Delhi,India,2026-08-16,12:00:00,33.1,40.1,64,0.2,0.1,7.5,310,977.3,98,95,Thunderstorm
Delhi,India,2026-08-16,13:00:00,33.3,40.2,64,0.0,0.0,6.4,310,977.2,98,3,Overcast
Delhi,India,2026-08-16,14:00:00,33.1,39.4,65,0.0,0.0,7.7,270,976.3,98,3,Overcast
Delhi,India,2026-08-16,15:00:00,33.3,39.1,64,0.1,0.0,9.0,269,975.5,99,95,Thunderstorm
Delhi,India,2026-08-16,16:00:00,33.1,38.8,64,0.1,0.0,9.4,272,975.2,99,95,Thunderstorm
Delhi,India,2026-08-16,17:00:00,31.9,39.0,74,0.1,0.0,4.9,280,976.1,99,51,Light Drizzle
Delhi,India,2026-08-16,18:00:00,31.0,38.6,79,0.0,0.0,3.1,280,976.2,98,3,Overcast
Delhi,India,2026-08-16,19:00:00,30.3,37.7,83,0.4,0.0,4.3,197,976.7,100,95,Thunderstorm
Delhi,India,2026-08-16,20:00:00,29.6,37.2,87,0.3,0.1,4.3,156,977.5,99,95,Thunderstorm
Delhi,India,2026-08-16,21:00:00,29.2,36.3,88,0.0,0.0,6.7,183,978.0,100,3,Overcast
Delhi,India,2026-08-16,22:00:00,29.0,36.1,88,0.0,0.0,5.6,205,978.2,99,3,Overcast
Delhi,India,2026-08-16,23:00:00,29.1,36.0,86,0.0,0.0,6.1,204,977.5,97,3,Overcast
Delhi,India,2026-08-17,00:00:00,28.5,34.6,86,0.0,0.0,8.0,214,977.3,96,3,Overcast
Delhi,India,2026-08-17,01:00:00,28.3,34.5,86,0.0,0.0,6.7,301,977.3,91,3,Overcast
Delhi,India,2026-08-17,02:00:00,27.9,34.2,88,0.0,0.0,6.2,249,976.7,69,2,Partly Cloudy
Delhi,India,2026-08-17,03:00:00,27.8,33.4,86,0.0,0.0,8.0,252,976.7,52,2,Partly Cloudy
Delhi,India,2026-08-17,04:00:00,27.5,32.6,83,0.0,0.0,8.5,253,976.7,71,2,Partly Cloudy
Delhi,India,2026-08-17,05:00:00,28.4,33.0,79,0.0,0.0,11.6,257,977.1,63,2,Partly Cloudy
Delhi,India,2026-08-17,06:00:00,28.0,32.7,80,0.0,0.0,10.1,266,977.7,47,1,Mainly Clear
Delhi,India,2026-08-17,07:00:00,28.6,33.5,79,0.0,0.0,10.1,275,978.3,53,2,Partly Cloudy
Delhi,India,2026-08-17,08:00:00,29.5,34.6,76,0.0,0.0,10.3,311,978.7,49,1,Mainly Clear
Delhi,India,2026-08-17,09:00:00,30.3,35.8,74,0.0,0.0,8.6,296,979.0,13,0,Clear Sky
Delhi,India,2026-08-17,10:00:00,31.3,37.6,71,0.0,0.0,8.8,289,979.3,20,1,Mainly Clear
Delhi,India,2026-08-17,11:00:00,32.5,38.8,65,0.0,0.0,11.0,296,979.1,18,0,Clear Sky
Delhi,India,2026-08-17,12:00:00,33.0,40.3,64,0.0,0.0,9.3,294,978.5,13,0,Clear Sky
Delhi,India,2026-08-17,13:00:00,31.6,38.8,68,0.1,0.0,8.3,294,978.0,41,51,Light Drizzle
Delhi,India,2026-08-17,14:00:00,30.3,37.8,75,1.8,1.5,2.3,129,977.5,14,80,Light Rain Showers
Delhi,India,2026-08-17,15:00:00,31.0,38.0,75,0.1,0.1,3.3,119,977.0,59,51,Light Drizzle
Delhi,India,2026-08-17,16:00:00,30.7,37.3,78,0.2,0.2,6.7,177,976.4,59,51,Light Drizzle
Delhi,India,2026-08-17,17:00:00,27.4,33.3,94,0.6,0.6,11.7,284,977.4,96,53,Moderate Drizzle
Delhi,India,2026-08-17,18:00:00,27.3,34.2,93,1.7,1.7,3.3,174,977.1,59,80,Light Rain Showers
Delhi,India,2026-08-17,19:00:00,27.5,34.3,92,0.0,0.0,3.9,152,977.6,53,2,Partly Cloudy
Delhi,India,2026-08-17,20:00:00,27.7,34.9,91,0.0,0.0,1.9,197,978.3,34,1,Mainly Clear
Delhi,India,2026-08-17,21:00:00,27.9,34.9,90,0.0,0.0,3.1,190,978.8,35,1,Mainly Clear
Delhi,India,2026-08-17,22:00:00,28.1,34.8,87,0.0,0.0,3.9,202,979.2,27,1,Mainly Clear
Delhi,India,2026-08-17,23:00:00,28.7,36.0,87,0.0,0.0,2.7,278,979.0,20,1,Mainly Clear
Delhi,India,2026-08-18,00:00:00,28.2,35.2,88,0.0,0.0,2.9,223,978.8,6,0,Clear Sky
Delhi,India,2026-08-18,01:00:00,28.0,34.2,86,0.0,0.0,5.3,232,978.5,7,0,Clear Sky
Delhi,India,2026-08-18,02:00:00,27.8,33.6,83,0.0,0.0,4.7,252,978.2,6,0,Clear Sky
Delhi,India,2026-08-18,03:00:00,27.5,33.2,83,0.0,0.0,4.7,254,978.1,12,0,Clear Sky
Delhi,India,2026-08-18,04:00:00,27.2,32.6,84,0.0,0.0,5.9,252,978.3,5,0,Clear Sky
Delhi,India,2026-08-18,05:00:00,28.0,32.8,79,0.0,0.0,8.5,271,978.0,88,3,Overcast
Delhi,India,2026-08-18,06:00:00,27.7,33.1,81,0.0,0.0,5.3,282,978.6,95,3,Overcast
Delhi,India,2026-08-18,07:00:00,28.5,34.1,77,0.0,0.0,3.8,281,979.4,66,2,Partly Cloudy
Delhi,India,2026-08-18,08:00:00,29.3,34.4,75,0.0,0.0,8.5,264,979.6,91,3,Overcast
Delhi,India,2026-08-18,09:00:00,30.4,35.9,72,0.0,0.0,7.1,277,980.1,89,3,Overcast
Delhi,India,2026-08-18,10:00:00,31.3,37.3,68,0.0,0.0,7.3,281,980.2,46,1,Mainly Clear
Delhi,India,2026-08-18,11:00:00,32.3,38.7,63,0.0,0.0,7.3,293,980.5,68,2,Partly Cloudy
Delhi,India,2026-08-18,12:00:00,32.9,39.8,61,0.0,0.0,5.7,288,980.1,86,3,Overcast
Delhi,India,2026-08-18,13:00:00,33.1,39.9,60,0.1,0.1,6.0,277,979.4,69,51,Light Drizzle
Delhi,India,2026-08-18,14:00:00,33.0,39.9,62,0.1,0.1,5.0,272,978.7,46,51,Light Drizzle
Delhi,India,2026-08-18,15:00:00,33.0,39.3,62,0.0,0.0,4.2,250,977.9,23,1,Mainly Clear
Delhi,India,2026-08-18,16:00:00,32.5,38.3,64,0.1,0.1,5.4,249,977.4,25,51,Light Drizzle
Delhi,India,2026-08-18,17:00:00,32.3,38.3,65,0.5,0.3,4.7,274,977.6,35,53,Moderate Drizzle
Delhi,India,2026-08-18,18:00:00,31.7,38.3,68,0.1,0.1,0.9,127,978.3,38,51,Light Drizzle
Delhi,India,2026-08-18,19:00:00,29.9,36.3,78,0.0,0.0,4.9,98,979.0,46,1,Mainly Clear
Delhi,India,2026-08-18,20:00:00,28.1,34.4,82,1.0,0.2,1.2,129,980.1,84,55,Heavy Drizzle
Delhi,India,2026-08-18,21:00:00,25.5,30.4,94,0.9,0.9,9.6,131,980.3,52,53,Moderate Drizzle
Delhi,India,2026-08-18,22:00:00,25.9,31.5,91,0.2,0.2,4.6,159,980.2,39,51,Light Drizzle
Delhi,India,2026-08-18,23:00:00,27.3,33.8,91,0.0,0.0,4.2,185,979.8,40,1,Mainly Clear
Delhi,India,2026-08-19,00:00:00,27.4,34.3,89,0.0,0.0,0.6,326,979.6,42,1,Mainly Clear
Delhi,India,2026-08-19,01:00:00,27.1,33.9,91,0.0,0.0,1.6,276,979.0,77,2,Partly Cloudy
Delhi,India,2026-08-19,02:00:00,27.0,33.7,90,0.0,0.0,1.5,277,979.0,42,1,Mainly Clear
Delhi,India,2026-08-19,03:00:00,27.0,33.8,90,0.0,0.0,0.6,236,978.7,41,1,Mainly Clear
Delhi,India,2026-08-19,04:00:00,26.9,33.6,91,0.0,0.0,0.6,214,979.2,50,2,Partly Cloudy
Delhi,India,2026-08-19,05:00:00,27.8,34.3,88,0.0,0.0,4.0,275,978.7,80,3,Overcast
Delhi,India,2026-08-19,06:00:00,27.8,33.6,85,0.0,0.0,6.7,272,979.4,90,3,Overcast
Delhi,India,2026-08-19,07:00:00,28.5,34.6,82,0.0,0.0,4.6,296,980.1,92,3,Overcast
Delhi,India,2026-08-19,08:00:00,29.5,35.5,77,0.0,0.0,4.6,306,980.7,88,3,Overcast
Delhi,India,2026-08-19,09:00:00,30.5,36.5,73,0.0,0.0,5.0,316,981.0,94,3,Overcast
Delhi,India,2026-08-19,10:00:00,31.4,37.6,68,0.0,0.0,3.6,333,980.8,69,2,Partly Cloudy
Delhi,India,2026-08-19,11:00:00,32.5,38.7,61,0.0,0.0,7.5,340,981.0,91,3,Overcast
Delhi,India,2026-08-19,12:00:00,32.5,39.0,60,0.1,0.1,5.2,358,980.3,87,51,Light Drizzle
Delhi,India,2026-08-19,13:00:00,32.8,39.4,59,0.2,0.2,4.0,342,979.9,95,51,Light Drizzle
Delhi,India,2026-08-19,14:00:00,33.0,39.5,58,0.2,0.2,3.1,339,979.2,86,51,Light Drizzle
Delhi,India,2026-08-19,15:00:00,33.2,39.2,58,0.1,0.1,1.8,315,978.5,88,51,Light Drizzle
Delhi,India,2026-08-19,16:00:00,33.0,38.4,57,0.0,0.0,2.5,278,978.0,87,3,Overcast
Delhi,India,2026-08-19,17:00:00,28.9,36.2,87,0.0,0.0,3.2,87,979.3,100,3,Overcast
Delhi,India,2026-08-19,18:00:00,28.3,35.6,93,3.2,2.7,5.0,109,979.1,93,95,Thunderstorm
Delhi,India,2026-08-19,19:00:00,28.0,35.4,94,1.2,1.2,4.3,163,979.4,94,55,Heavy Drizzle
Delhi,India,2026-08-19,20:00:00,27.8,35.3,96,0.2,0.2,3.9,164,980.2,98,51,Light Drizzle
Delhi,India,2026-08-19,21:00:00,27.6,34.8,95,0.0,0.0,5.2,160,980.7,95,3,Overcast
Delhi,India,2026-08-19,22:00:00,27.7,35.0,94,0.0,0.0,3.3,119,980.5,95,3,Overcast
Delhi,India,2026-08-19,23:00:00,28.8,36.7,95,0.0,0.0,5.8,164,980.3,100,3,Overcast
Delhi,India,2026-08-20,00:00:00,28.1,35.6,94,0.1,0.1,4.3,163,980.1,100,51,Light Drizzle
Delhi,India,2026-08-20,01:00:00,27.7,34.5,94,0.1,0.0,6.7,316,980.2,100,51,Light Drizzle
Delhi,India,2026-08-20,02:00:00,26.9,34.0,97,0.3,0.3,2.9,277,979.9,100,51,Light Drizzle
Delhi,India,2026-08-20,03:00:00,27.0,33.8,97,0.1,0.1,5.7,342,979.8,99,51,Light Drizzle
Delhi,India,2026-08-20,04:00:00,27.0,34.4,96,0.0,0.0,1.3,286,979.8,100,3,Overcast
Delhi,India,2026-08-20,05:00:00,26.9,33.6,96,0.0,0.0,6.0,287,979.9,100,3,Overcast
Delhi,India,2026-08-20,06:00:00,26.8,33.0,95,1.3,1.3,7.5,297,980.1,100,80,Light Rain Showers
Delhi,India,2026-08-20,07:00:00,27.2,33.4,92,0.3,0.3,7.2,271,981.0,100,51,Light Drizzle
Delhi,India,2026-08-20,08:00:00,27.3,33.1,89,0.1,0.1,7.2,266,981.4,100,51,Light Drizzle
Delhi,India,2026-08-20,09:00:00,27.9,33.6,84,0.0,0.0,7.2,252,981.9,100,3,Overcast
Delhi,India,2026-08-20,10:00:00,28.6,34.5,81,0.0,0.0,5.1,274,982.0,100,3,Overcast
Delhi,India,2026-08-20,11:00:00,30.9,37.3,71,0.0,0.0,2.4,318,981.5,95,3,Overcast
Delhi,India,2026-08-20,12:00:00,31.8,37.9,67,0.0,0.0,4.0,297,980.8,91,3,Overcast
Delhi,India,2026-08-20,13:00:00,32.7,39.6,63,0.0,0.0,4.6,312,980.1,93,3,Overcast
Delhi,India,2026-08-20,14:00:00,33.0,39.5,61,0.0,0.0,3.9,298,979.0,100,3,Overcast
Delhi,India,2026-08-20,15:00:00,33.2,39.2,61,0.0,0.0,4.1,299,978.4,99,3,Overcast
Delhi,India,2026-08-20,16:00:00,33.0,38.8,61,0.0,0.0,3.6,288,977.8,95,3,Overcast
Delhi,India,2026-08-20,17:00:00,28.8,36.3,93,0.1,0.0,6.7,172,978.3,98,51,Light Drizzle
Delhi,India,2026-08-20,18:00:00,28.4,36.0,94,1.3,1.2,5.1,176,978.8,98,80,Light Rain Showers
Delhi,India,2026-08-20,19:00:00,28.0,35.5,95,0.6,0.6,4.8,202,978.9,98,53,Moderate Drizzle
Delhi,India,2026-08-20,20:00:00,27.9,35.5,95,0.2,0.2,3.7,209,979.4,94,51,Light Drizzle
Delhi,India,2026-08-20,21:00:00,27.8,34.9,92,0.0,0.0,4.2,220,979.9,92,3,Overcast
Delhi,India,2026-08-20,22:00:00,27.5,34.0,92,0.0,0.0,6.1,223,979.8,83,3,Overcast
Delhi,India,2026-08-20,23:00:00,29.3,37.7,94,0.0,0.0,3.1,246,979.4,73,2,Partly Cloudy
Delhi,India,2026-08-21,00:00:00,28.6,36.1,94,0.0,0.0,6.2,280,979.5,91,3,Overcast
Delhi,India,2026-08-21,01:00:00,28.4,35.8,92,0.2,0.2,4.0,262,979.0,84,51,Light Drizzle
Delhi,India,2026-08-21,02:00:00,28.1,34.9,90,0.0,0.0,5.6,274,978.6,82,3,Overcast
Delhi,India,2026-08-21,03:00:00,27.9,34.6,91,0.0,0.0,5.9,290,978.5,52,2,Partly Cloudy
Delhi,India,2026-08-21,04:00:00,27.6,34.7,94,0.0,0.0,4.6,281,978.6,55,2,Partly Cloudy
Delhi,India,2026-08-21,05:00:00,27.2,33.5,97,0.0,0.0,10.2,321,978.9,73,2,Partly Cloudy
Delhi,India,2026-08-21,06:00:00,27.1,33.4,92,0.0,0.0,6.0,307,978.9,65,2,Partly Cloudy
Delhi,India,2026-08-21,07:00:00,27.7,33.7,86,0.0,0.0,5.4,290,979.8,48,1,Mainly Clear
Delhi,India,2026-08-21,08:00:00,29.1,34.9,80,0.0,0.0,7.3,286,980.4,33,1,Mainly Clear
Delhi,India,2026-08-21,09:00:00,30.5,35.5,71,0.0,0.0,10.7,290,980.3,13,0,Clear Sky
Delhi,India,2026-08-21,10:00:00,31.8,37.6,67,0.0,0.0,10.2,296,980.5,9,0,Clear Sky
Delhi,India,2026-08-21,11:00:00,33.1,39.3,61,0.0,0.0,11.1,314,980.3,33,1,Mainly Clear
Delhi,India,2026-08-21,12:00:00,33.6,40.0,59,0.0,0.0,11.1,316,979.5,89,3,Overcast
Delhi,India,2026-08-21,13:00:00,33.6,39.9,59,0.0,0.0,9.7,315,978.6,100,3,Overcast
Delhi,India,2026-08-21,14:00:00,33.6,39.4,58,0.0,0.0,9.6,307,977.7,100,3,Overcast
Delhi,India,2026-08-21,15:00:00,33.5,38.4,57,0.1,0.1,10.2,307,977.2,93,51,Light Drizzle
Delhi,India,2026-08-21,16:00:00,32.5,37.2,62,0.6,0.2,11.1,309,976.7,31,53,Moderate Drizzle
Delhi,India,2026-08-21,17:00:00,32.5,38.6,67,0.0,0.0,6.7,308,976.6,27,1,Mainly Clear
Delhi,India,2026-08-21,18:00:00,31.6,38.3,74,0.0,0.0,5.9,256,976.8,34,1,Mainly Clear
Delhi,India,2026-08-21,19:00:00,30.5,37.2,78,0.0,0.0,5.8,244,977.4,18,0,Clear Sky
Delhi,India,2026-08-21,20:00:00,30.0,36.8,80,0.0,0.0,5.0,257,977.9,5,0,Clear Sky
Delhi,India,2026-08-21,21:00:00,29.6,36.7,83,0.0,0.0,3.7,247,978.3,13,0,Clear Sky
Delhi,India,2026-08-21,22:00:00,29.3,36.2,84,0.0,0.0,4.3,228,978.5,13,0,Clear Sky
Delhi,India,2026-08-21,23:00:00,27.8,34.7,90,0.0,0.0,4.1,293,978.4,65,2,Partly Cloudy
Delhi,India,2026-08-22,00:00:00,27.7,34.0,92,0.1,0.1,8.0,186,978.1,52,51,Light Drizzle
Delhi,India,2026-08-22,01:00:00,27.1,32.8,92,0.0,0.0,9.4,183,978.0,100,3,Overcast
Delhi,India,2026-08-22,02:00:00,25.5,31.5,94,2.8,0.0,2.8,27,978.7,98,96,Thunderstorm with Hail
Delhi,India,2026-08-22,03:00:00,25.0,30.6,99,2.8,1.1,6.1,168,977.6,32,81,Moderate Rain Showers
Delhi,India,2026-08-22,04:00:00,25.2,30.7,98,0.2,0.2,7.2,217,977.8,44,51,Light Drizzle
Delhi,India,2026-08-22,05:00:00,26.0,32.3,94,0.1,0.0,2.4,234,978.5,91,51,Light Drizzle
Delhi,India,2026-08-22,06:00:00,26.7,32.9,93,0.2,0.1,5.8,309,978.9,80,51,Light Drizzle
Delhi,India,2026-08-22,07:00:00,27.7,34.7,92,0.0,0.0,3.6,225,979.7,52,2,Partly Cloudy
Delhi,India,2026-08-22,08:00:00,29.1,35.4,82,0.0,0.0,6.6,291,979.9,34,1,Mainly Clear
Delhi,India,2026-08-22,09:00:00,30.5,35.8,72,0.0,0.0,9.3,283,980.1,14,0,Clear Sky
Delhi,India,2026-08-22,10:00:00,31.6,37.4,67,0.0,0.0,9.2,269,980.2,19,0,Clear Sky
Delhi,India,2026-08-22,11:00:00,32.0,38.5,65,0.0,0.0,9.1,311,980.3,87,3,Overcast
Delhi,India,2026-08-22,12:00:00,32.6,37.6,62,0.0,0.0,8.4,305,979.5,95,3,Overcast
Delhi,India,2026-08-22,13:00:00,33.0,38.8,62,0.1,0.1,7.7,303,978.5,48,51,Light Drizzle
Delhi,India,2026-08-22,14:00:00,33.3,39.2,61,0.0,0.0,8.0,310,977.6,30,1,Mainly Clear
Delhi,India,2026-08-22,15:00:00,32.8,38.0,63,0.2,0.0,8.9,312,977.0,34,51,Light Drizzle
Delhi,India,2026-08-22,16:00:00,31.0,35.8,68,0.1,0.0,10.0,340,976.5,52,51,Light Drizzle
Delhi,India,2026-08-22,17:00:00,29.8,36.5,80,1.1,0.5,4.1,311,977.3,81,95,Thunderstorm
Delhi,India,2026-08-22,18:00:00,30.1,37.8,83,0.2,0.1,2.2,138,977.4,22,51,Light Drizzle
Delhi,India,2026-08-22,19:00:00,28.5,35.0,89,0.1,0.0,8.9,173,978.0,31,51,Light Drizzle
Delhi,India,2026-08-22,20:00:00,27.9,34.5,89,0.0,0.0,4.7,187,978.4,22,1,Mainly Clear
Delhi,India,2026-08-22,21:00:00,27.6,34.1,89,0.0,0.0,4.8,200,979.0,47,1,Mainly Clear
Delhi,India,2026-08-22,22:00:00,27.3,33.0,87,0.0,0.0,7.3,197,979.2,17,0,Clear Sky
Delhi,India,2026-08-22,23:00:00,28.5,34.6,85,0.0,0.0,7.3,171,979.2,3,0,Clear Sky
Delhi,India,2026-08-23,00:00:00,28.0,33.8,85,0.0,0.0,7.3,173,979.0,33,1,Mainly Clear
Delhi,India,2026-08-23,01:00:00,27.7,33.9,89,0.1,0.1,7.2,198,979.0,46,51,Light Drizzle
Delhi,India,2026-08-23,02:00:00,27.3,33.4,92,0.0,0.0,8.6,213,978.5,34,1,Mainly Clear
Delhi,India,2026-08-23,03:00:00,27.0,33.1,92,0.0,0.0,6.9,223,978.3,20,1,Mainly Clear
Delhi,India,2026-08-23,04:00:00,26.8,33.1,91,0.0,0.0,4.1,255,978.6,23,1,Mainly Clear
Delhi,India,2026-08-23,05:00:00,26.8,31.9,86,0.7,0.6,7.7,36,979.0,64,53,Moderate Drizzle
Delhi,India,2026-08-23,06:00:00,24.7,29.8,98,4.5,1.5,8.0,155,979.8,34,81,Moderate Rain Showers
Delhi,India,2026-08-23,07:00:00,26.2,32.7,97,0.7,0.7,4.8,214,979.9,65,53,Moderate Drizzle
Delhi,India,2026-08-23,08:00:00,28.2,34.9,85,0.1,0.1,2.0,275,980.5,41,51,Light Drizzle
Delhi,India,2026-08-23,09:00:00,29.6,35.7,77,0.0,0.0,5.1,337,981.2,54,2,Partly Cloudy
Delhi,India,2026-08-23,10:00:00,29.5,35.6,78,1.6,0.4,6.8,318,981.6,75,95,Thunderstorm
Delhi,India,2026-08-23,11:00:00,29.8,36.0,77,0.2,0.2,8.5,297,981.8,100,51,Light Drizzle
Delhi,India,2026-08-23,12:00:00,30.8,36.6,73,0.0,0.0,9.6,298,981.1,100,3,Overcast
Delhi,India,2026-08-23,13:00:00,31.7,37.8,69,0.1,0.0,10.2,302,980.1,56,51,Light Drizzle
Delhi,India,2026-08-23,14:00:00,32.2,38.6,66,0.1,0.0,10.4,309,979.0,28,51,Light Drizzle
Delhi,India,2026-08-23,15:00:00,32.7,38.6,64,0.1,0.1,9.0,317,978.3,13,51,Light Drizzle
Delhi,India,2026-08-23,16:00:00,32.5,38.1,65,0.0,0.0,7.5,323,977.6,10,0,Clear Sky
Delhi,India,2026-08-23,17:00:00,32.4,38.5,68,0.0,0.0,7.7,324,977.3,26,1,Mainly Clear
Delhi,India,2026-08-23,18:00:00,31.4,38.8,77,0.0,0.0,3.3,299,978.0,14,0,Clear Sky
Delhi,India,2026-08-23,19:00:00,30.5,37.9,80,0.0,0.0,3.6,276,978.6,23,1,Mainly Clear
Delhi,India,2026-08-23,20:00:00,30.2,37.8,82,0.0,0.0,2.7,266,979.7,14,0,Clear Sky
Delhi,India,2026-08-23,21:00:00,30.1,38.0,84,0.0,0.0,1.1,279,980.4,19,0,Clear Sky
Delhi,India,2026-08-23,22:00:00,29.7,37.4,85,0.0,0.0,1.5,97,980.0,2,0,Clear Sky
Delhi,India,2026-08-23,23:00:00,28.3,35.7,89,0.0,0.0,1.0,292,980.4,23,1,Mainly Clear
Delhi,India,2026-08-24,00:00:00,27.7,34.9,93,0.1,0.1,3.1,283,979.8,69,51,Light Drizzle
Delhi,India,2026-08-24,01:00:00,27.4,34.0,93,0.0,0.0,6.0,265,979.1,79,2,Partly Cloudy
Delhi,India,2026-08-24,02:00:00,27.4,34.5,92,0.0,0.0,1.4,270,978.9,94,3,Overcast
Delhi,India,2026-08-24,03:00:00,25.9,31.2,93,0.5,0.1,8.9,228,979.1,100,53,Moderate Drizzle
Delhi,India,2026-08-24,04:00:00,24.6,30.5,98,3.3,1.0,2.5,274,979.9,100,95,Thunderstorm
Delhi,India,2026-08-24,05:00:00,26.0,31.4,97,1.3,1.1,10.8,266,979.8,93,95,Thunderstorm
Delhi,India,2026-08-24,06:00:00,25.7,31.9,98,1.2,1.2,5.4,270,980.4,96,55,Heavy Drizzle
Delhi,India,2026-08-24,07:00:00,26.5,33.2,93,0.3,0.3,1.7,283,980.5,99,51,Light Drizzle
Delhi,India,2026-08-24,08:00:00,27.6,34.4,89,0.0,0.0,2.3,360,980.5,97,3,Overcast
Delhi,India,2026-08-24,09:00:00,29.1,36.0,82,0.0,0.0,1.8,270,980.8,94,3,Overcast
Delhi,India,2026-08-24,10:00:00,30.8,37.5,74,0.0,0.0,3.0,308,980.9,76,2,Partly Cloudy
Delhi,India,2026-08-24,11:00:00,29.5,36.5,77,0.1,0.1,4.8,285,981.1,100,51,Light Drizzle
Delhi,India,2026-08-24,12:00:00,29.3,35.3,77,0.1,0.1,3.5,246,980.8,100,51,Light Drizzle
Delhi,India,2026-08-24,13:00:00,30.2,36.1,72,0.0,0.0,3.8,275,979.8,100,3,Overcast
Delhi,India,2026-08-24,14:00:00,31.5,37.0,65,0.0,0.0,3.9,336,979.0,97,3,Overcast
Delhi,India,2026-08-24,15:00:00,31.7,37.2,65,0.0,0.0,5.0,311,978.2,89,3,Overcast
Delhi,India,2026-08-24,16:00:00,31.4,37.2,67,0.0,0.0,3.6,273,978.0,67,2,Partly Cloudy
Delhi,India,2026-08-24,17:00:00,31.1,37.5,73,0.0,0.0,5.3,325,977.7,99,3,Overcast
Delhi,India,2026-08-24,18:00:00,30.6,38.3,80,0.0,0.0,0.9,11,978.2,98,3,Overcast
Delhi,India,2026-08-24,19:00:00,30.3,38.0,81,0.0,0.0,1.2,141,978.8,100,3,Overcast
Delhi,India,2026-08-24,20:00:00,29.8,37.1,83,0.0,0.0,3.9,146,979.6,100,3,Overcast
Delhi,India,2026-08-24,21:00:00,29.2,36.1,85,0.0,0.0,6.1,148,980.4,100,3,Overcast
Delhi,India,2026-08-24,22:00:00,28.7,35.5,88,0.0,0.0,5.8,146,980.3,100,3,Overcast
Delhi,India,2026-08-24,23:00:00,28.5,35.6,89,0.0,0.0,4.2,140,979.7,98,3,Overcast
Delhi,India,2026-08-25,00:00:00,28.2,35.6,91,0.0,0.0,2.4,163,979.8,96,3,Overcast
Delhi,India,2026-08-25,01:00:00,28.0,35.4,92,0.0,0.0,1.9,209,979.4,99,3,Overcast
Delhi,India,2026-08-25,02:00:00,27.9,35.1,92,0.0,0.0,2.9,240,979.2,100,3,Overcast
Delhi,India,2026-08-25,03:00:00,27.8,35.1,92,0.0,0.0,2.1,239,979.3,100,3,Overcast
Delhi,India,2026-08-25,04:00:00,27.6,35.0,93,0.0,0.0,1.9,248,979.3,100,3,Overcast
Delhi,India,2026-08-25,05:00:00,26.2,33.1,97,0.0,0.0,2.1,290,979.9,100,3,Overcast
Delhi,India,2026-08-25,06:00:00,26.5,33.6,97,1.2,1.2,1.6,180,980.7,100,55,Heavy Drizzle
Delhi,India,2026-08-25,07:00:00,26.6,33.3,97,0.9,0.9,4.5,270,980.5,99,53,Moderate Drizzle
Delhi,India,2026-08-25,08:00:00,27.2,34.1,93,0.5,0.5,3.3,283,980.9,99,53,Moderate Drizzle
Delhi,India,2026-08-25,09:00:00,28.5,35.9,88,0.1,0.1,1.6,27,981.2,98,51,Light Drizzle
Delhi,India,2026-08-25,10:00:00,29.6,36.7,82,0.0,0.0,3.5,78,981.5,99,3,Overcast
Delhi,India,2026-08-25,11:00:00,30.9,36.9,70,0.0,0.0,2.9,79,981.4,73,2,Partly Cloudy
Delhi,India,2026-08-25,12:00:00,31.3,37.0,67,0.0,0.0,4.4,71,981.0,52,2,Partly Cloudy
Delhi,India,2026-08-25,13:00:00,32.2,38.7,63,0.0,0.0,3.2,47,980.3,88,3,Overcast
Delhi,India,2026-08-25,14:00:00,32.3,38.4,63,0.0,0.0,2.7,58,979.4,36,1,Mainly Clear
Delhi,India,2026-08-25,15:00:00,32.6,38.7,62,0.0,0.0,2.8,72,978.8,59,2,Partly Cloudy
Delhi,India,2026-08-25,16:00:00,32.4,38.5,63,0.0,0.0,1.5,69,978.5,45,1,Mainly Clear
Delhi,India,2026-08-25,17:00:00,29.0,36.1,89,0.0,0.0,7.3,99,979.1,95,3,Overcast
Delhi,India,2026-08-25,18:00:00,28.9,36.4,89,0.5,0.5,3.9,156,979.4,98,53,Moderate Drizzle
Delhi,India,2026-08-25,19:00:00,28.4,36.0,94,0.2,0.2,4.5,175,979.3,100,51,Light Drizzle
Delhi,India,2026-08-25,20:00:00,28.3,35.8,93,0.0,0.0,4.0,177,980.1,100,3,Overcast
Delhi,India,2026-08-25,21:00:00,27.9,35.2,94,0.0,0.0,5.0,161,980.5,77,2,Partly Cloudy
Delhi,India,2026-08-25,22:00:00,27.6,34.1,92,0.0,0.0,6.7,171,980.3,95,3,Overcast
Delhi,India,2026-08-25,23:00:00,27.9,34.8,91,0.0,0.0,4.6,198,980.3,98,3,Overcast
Delhi,India,2026-08-26,00:00:00,27.5,34.5,92,0.0,0.0,3.6,225,980.0,93,3,Overcast
Delhi,India,2026-08-26,01:00:00,27.2,34.0,93,0.0,0.0,4.5,220,979.6,91,3,Overcast
Delhi,India,2026-08-26,02:00:00,27.1,33.9,94,0.0,0.0,3.5,215,979.4,83,3,Overcast
Delhi,India,2026-08-26,03:00:00,27.0,33.8,94,0.0,0.0,3.5,249,979.0,69,2,Partly Cloudy
Delhi,India,2026-08-26,04:00:00,26.9,33.7,94,0.0,0.0,2.9,266,979.1,51,2,Partly Cloudy
Delhi,India,2026-08-26,05:00:00,27.4,34.8,96,0.0,0.0,3.1,320,979.2,93,3,Overcast
Delhi,India,2026-08-26,06:00:00,26.5,32.6,94,1.2,0.0,6.3,167,979.8,98,96,Thunderstorm with Hail
Delhi,India,2026-08-26,07:00:00,26.1,32.9,98,9.0,1.3,2.7,274,980.3,98,96,Thunderstorm with Hail
Delhi,India,2026-08-26,08:00:00,26.6,33.7,96,1.7,1.7,1.5,187,980.5,98,80,Light Rain Showers
Delhi,India,2026-08-26,09:00:00,28.4,35.4,89,0.4,0.3,4.4,102,981.2,95,51,Light Drizzle
Delhi,India,2026-08-26,10:00:00,29.5,36.6,84,0.2,0.0,3.9,112,981.5,77,95,Thunderstorm
Delhi,India,2026-08-26,11:00:00,29.5,36.7,82,0.1,0.0,1.5,83,980.8,84,51,Light Drizzle
Delhi,India,2026-08-26,12:00:00,30.5,37.8,80,0.1,0.1,5.4,214,980.2,84,51,Light Drizzle
Delhi,India,2026-08-26,13:00:00,31.2,39.3,78,0.0,0.0,2.7,208,979.5,97,3,Overcast
Delhi,India,2026-08-26,14:00:00,32.1,39.5,71,0.0,0.0,2.3,274,978.3,99,3,Overcast
Delhi,India,2026-08-26,15:00:00,32.3,38.6,66,0.1,0.0,4.0,280,977.7,100,95,Thunderstorm
Delhi,India,2026-08-26,16:00:00,31.8,38.0,69,0.2,0.1,4.6,283,977.0,99,51,Light Drizzle
Delhi,India,2026-08-26,17:00:00,28.7,36.2,92,0.3,0.1,5.4,244,977.9,99,95,Thunderstorm
Delhi,India,2026-08-26,18:00:00,28.8,36.5,91,0.1,0.1,2.8,195,977.8,97,51,Light Drizzle
Delhi,India,2026-08-26,19:00:00,28.4,35.8,93,0.1,0.1,6.0,173,977.9,98,51,Light Drizzle
Delhi,India,2026-08-26,20:00:00,28.2,35.2,93,0.0,0.0,7.8,185,978.2,95,3,Overcast
Delhi,India,2026-08-26,21:00:00,28.0,34.8,94,0.0,0.0,8.2,188,978.6,98,3,Overcast
Delhi,India,2026-08-26,22:00:00,27.8,34.5,93,0.0,0.0,6.8,198,978.9,98,3,Overcast
Delhi,India,2026-08-26,23:00:00,28.9,36.2,92,0.0,0.0,6.7,216,978.8,100,3,Overcast
Delhi,India,2026-08-27,00:00:00,28.4,35.5,92,0.0,0.0,6.9,219,978.4,95,3,Overcast
Delhi,India,2026-08-27,01:00:00,28.1,35.0,92,0.0,0.0,7.4,229,978.0,84,3,Overcast
Delhi,India,2026-08-27,02:00:00,27.9,34.5,92,0.0,0.0,6.8,233,977.8,95,3,Overcast
Delhi,India,2026-08-27,03:00:00,27.6,34.3,92,0.0,0.0,5.5,234,977.7,98,3,Overcast
Delhi,India,2026-08-27,04:00:00,27.4,33.9,91,0.0,0.0,5.3,242,977.5,96,3,Overcast
Delhi,India,2026-08-27,05:00:00,28.3,35.1,90,0.0,0.0,5.7,257,977.4,88,3,Overcast
Delhi,India,2026-08-27,06:00:00,28.1,34.8,90,0.0,0.0,6.0,253,977.9,63,2,Partly Cloudy
Delhi,India,2026-08-27,07:00:00,29.0,35.9,88,0.0,0.0,6.7,264,978.3,99,3,Overcast
Delhi,India,2026-08-27,08:00:00,30.0,37.6,83,0.0,0.0,3.1,260,978.7,99,3,Overcast
Delhi,India,2026-08-27,09:00:00,30.6,38.4,81,0.0,0.0,2.2,104,979.3,88,3,Overcast
Delhi,India,2026-08-27,10:00:00,31.9,40.3,76,0.0,0.0,0.4,117,979.4,82,3,Overcast
Delhi,India,2026-08-27,11:00:00,33.8,39.2,52,0.0,0.0,2.9,338,979.1,89,3,Overcast
Delhi,India,2026-08-27,12:00:00,34.4,39.5,50,0.0,0.0,4.6,321,978.7,94,3,Overcast
Delhi,India,2026-08-27,13:00:00,32.3,36.9,61,0.0,0.0,9.0,60,978.0,100,3,Overcast
Delhi,India,2026-08-27,14:00:00,31.8,37.8,70,0.0,0.0,7.1,109,977.4,94,3,Overcast
Delhi,India,2026-08-27,15:00:00,31.8,38.3,71,0.0,0.0,6.2,128,976.9,88,3,Overcast
Delhi,India,2026-08-27,16:00:00,32.3,39.6,71,0.0,0.0,2.5,120,976.3,89,3,Overcast
Delhi,India,2026-08-27,17:00:00,30.4,36.8,77,0.0,0.0,5.6,202,976.3,95,3,Overcast
Delhi,India,2026-08-27,18:00:00,30.0,37.2,80,0.0,0.0,2.0,207,976.6,98,3,Overcast
Delhi,India,2026-08-27,19:00:00,29.4,36.5,85,0.0,0.0,4.8,193,976.9,98,3,Overcast
Delhi,India,2026-08-27,20:00:00,29.1,36.2,87,0.0,0.0,4.9,176,977.5,80,3,Overcast
Delhi,India,2026-08-27,21:00:00,28.9,35.7,85,0.0,0.0,5.4,184,978.2,95,3,Overcast
Delhi,India,2026-08-27,22:00:00,28.8,35.1,84,0.0,0.0,6.7,175,978.4,75,2,Partly Cloudy
Delhi,India,2026-08-27,23:00:00,29.1,35.8,86,0.0,0.0,7.2,176,978.0,43,1,Mainly Clear
Delhi,India,2026-08-28,00:00:00,28.4,34.9,88,0.0,0.0,7.6,183,977.8,37,1,Mainly Clear
Delhi,India,2026-08-28,01:00:00,28.0,34.5,89,0.0,0.0,6.3,185,977.7,41,1,Mainly Clear
Delhi,India,2026-08-28,02:00:00,27.8,34.3,89,0.0,0.0,5.0,218,977.3,71,2,Partly Cloudy
Delhi,India,2026-08-28,03:00:00,27.9,33.9,86,0.0,0.0,6.8,252,977.0,80,3,Overcast
Delhi,India,2026-08-28,04:00:00,28.3,32.9,77,0.0,0.0,9.4,268,977.0,32,1,Mainly Clear
Delhi,India,2026-08-28,05:00:00,26.2,30.9,94,0.0,0.0,13.9,253,977.5,84,3,Overcast
Delhi,India,2026-08-28,06:00:00,27.0,32.3,89,0.5,0.5,9.8,306,978.1,47,53,Moderate Drizzle
Delhi,India,2026-08-28,07:00:00,28.1,34.3,88,0.0,0.0,7.4,346,978.7,95,3,Overcast
Delhi,India,2026-08-28,08:00:00,29.5,35.6,80,0.0,0.0,6.2,314,979.0,64,2,Partly Cloudy
Delhi,India,2026-08-28,09:00:00,30.8,35.7,70,0.0,0.0,11.2,298,979.2,45,1,Mainly Clear
Delhi,India,2026-08-28,10:00:00,31.9,37.4,65,0.0,0.0,10.2,302,979.5,70,2,Partly Cloudy
Delhi,India,2026-08-28,11:00:00,32.6,38.3,60,0.0,0.0,10.9,306,979.4,70,2,Partly Cloudy
Delhi,India,2026-08-28,12:00:00,33.4,38.8,57,0.0,0.0,10.8,308,978.8,38,1,Mainly Clear
Delhi,India,2026-08-28,13:00:00,33.9,39.3,54,0.0,0.0,10.7,306,977.9,21,1,Mainly Clear
Delhi,India,2026-08-28,14:00:00,34.2,39.0,52,0.0,0.0,11.0,304,977.2,20,1,Mainly Clear
Delhi,India,2026-08-28,15:00:00,34.1,38.2,52,0.0,0.0,11.5,295,976.4,36,1,Mainly Clear
Delhi,India,2026-08-28,16:00:00,33.8,37.7,54,0.0,0.0,10.9,297,975.9,11,0,Clear Sky
Delhi,India,2026-08-28,17:00:00,33.5,38.2,58,0.0,0.0,9.5,295,975.9,2,0,Clear Sky
Delhi,India,2026-08-28,18:00:00,31.9,37.9,67,0.0,0.0,4.6,283,976.3,11,0,Clear Sky
Delhi,India,2026-08-28,19:00:00,31.2,37.5,71,0.0,0.0,3.4,267,976.4,5,0,Clear Sky
Delhi,India,2026-08-28,20:00:00,30.6,37.0,73,0.0,0.0,3.1,230,977.2,12,0,Clear Sky
Delhi,India,2026-08-28,21:00:00,29.8,36.0,77,0.0,0.0,4.2,220,978.0,38,1,Mainly Clear
Delhi,India,2026-08-28,22:00:00,29.3,35.6,78,0.0,0.0,4.0,219,978.1,65,2,Partly Cloudy
Delhi,India,2026-08-28,23:00:00,29.4,35.7,79,0.0,0.0,3.9,246,977.9,43,1,Mainly Clear
Delhi,India,2026-08-29,00:00:00,28.7,34.6,79,0.0,0.0,4.3,246,977.6,38,1,Mainly Clear
Delhi,India,2026-08-29,01:00:00,28.4,33.9,80,0.0,0.0,5.6,248,977.4,59,2,Partly Cloudy
Delhi,India,2026-08-29,02:00:00,28.2,33.3,79,0.0,0.0,7.5,250,977.3,95,3,Overcast
Delhi,India,2026-08-29,03:00:00,27.9,32.8,79,0.0,0.0,8.2,262,977.0,63,2,Partly Cloudy
Delhi,India,2026-08-29,04:00:00,27.8,32.2,79,0.0,0.0,9.8,256,977.3,48,1,Mainly Clear
Delhi,India,2026-08-29,05:00:00,28.2,32.5,78,0.0,0.0,12.3,263,977.4,97,3,Overcast
Delhi,India,2026-08-29,06:00:00,27.9,32.1,78,0.0,0.0,11.9,267,978.0,99,3,Overcast
Delhi,India,2026-08-29,07:00:00,28.5,32.7,75,0.0,0.0,11.7,271,978.3,98,3,Overcast
Delhi,India,2026-08-29,08:00:00,29.5,33.5,71,0.0,0.0,12.6,271,978.6,78,2,Partly Cloudy
Delhi,India,2026-08-29,09:00:00,30.6,34.7,67,0.0,0.0,12.4,271,979.0,85,3,Overcast
Delhi,India,2026-08-29,10:00:00,31.8,36.7,63,0.0,0.0,12.3,275,979.2,59,2,Partly Cloudy
Delhi,India,2026-08-29,11:00:00,33.3,38.9,57,0.0,0.0,10.9,282,979.2,29,1,Mainly Clear
Delhi,India,2026-08-29,12:00:00,34.1,40.1,55,0.0,0.0,10.5,282,978.5,0,0,Clear Sky
Delhi,India,2026-08-29,13:00:00,34.7,40.6,52,0.0,0.0,10.2,279,977.9,4,0,Clear Sky
Delhi,India,2026-08-29,14:00:00,34.9,40.1,50,0.0,0.0,10.5,276,976.7,69,2,Partly Cloudy
Delhi,India,2026-08-29,15:00:00,34.8,39.0,50,0.0,0.0,10.3,276,976.0,59,2,Partly Cloudy
Delhi,India,2026-08-29,16:00:00,34.5,38.2,51,0.0,0.0,10.4,279,975.7,86,3,Overcast
Delhi,India,2026-08-29,17:00:00,33.8,38.1,54,0.0,0.0,8.6,268,975.8,47,1,Mainly Clear
Delhi,India,2026-08-29,18:00:00,32.5,38.8,65,0.0,0.0,3.2,267,975.8,87,3,Overcast
Delhi,India,2026-08-29,19:00:00,31.9,38.8,70,0.0,0.0,1.3,180,976.3,98,3,Overcast
Delhi,India,2026-08-29,20:00:00,31.0,37.7,74,0.0,0.0,3.6,186,976.9,100,3,Overcast
Delhi,India,2026-08-29,21:00:00,30.6,36.7,74,0.0,0.0,5.1,176,977.6,100,3,Overcast
Delhi,India,2026-08-29,22:00:00,30.0,36.3,75,0.0,0.0,3.8,191,977.7,96,3,Overcast
Delhi,India,2026-08-29,23:00:00,30.2,36.0,74,0.0,0.0,5.5,247,977.2,94,3,Overcast
Delhi,India,2026-08-30,00:00:00,29.4,35.3,77,0.0,0.0,5.6,245,977.2,96,3,Overcast
Delhi,India,2026-08-30,01:00:00,29.1,34.6,77,0.0,0.0,7.1,249,976.9,38,1,Mainly Clear
Delhi,India,2026-08-30,02:00:00,28.8,33.8,76,0.0,0.0,7.5,255,976.6,10,0,Clear Sky
Delhi,India,2026-08-30,03:00:00,28.4,32.8,74,0.0,0.0,8.4,263,976.8,5,0,Clear Sky
Delhi,India,2026-08-30,04:00:00,27.9,32.1,75,0.0,0.0,8.4,261,976.9,26,1,Mainly Clear
Delhi,India,2026-08-30,05:00:00,28.4,32.3,72,0.0,0.0,10.6,271,977.1,1,0,Clear Sky
Delhi,India,2026-08-30,06:00:00,28.1,32.0,73,0.0,0.0,9.9,269,977.7,26,1,Mainly Clear
Delhi,India,2026-08-30,07:00:00,28.9,33.1,71,0.0,0.0,9.0,265,978.4,66,2,Partly Cloudy
Delhi,India,2026-08-30,08:00:00,29.8,33.8,68,0.0,0.0,10.8,268,978.8,79,2,Partly Cloudy
Delhi,India,2026-08-30,09:00:00,30.8,35.1,65,0.0,0.0,9.9,269,979.2,99,3,Overcast
Delhi,India,2026-08-30,10:00:00,32.3,36.9,61,0.0,0.0,9.7,274,979.4,95,3,Overcast
Delhi,India,2026-08-30,11:00:00,33.2,38.3,56,0.0,0.0,10.0,287,979.7,100,3,Overcast
Delhi,India,2026-08-30,12:00:00,33.7,38.1,53,0.0,0.0,9.0,282,979.3,100,3,Overcast
Delhi,India,2026-08-30,13:00:00,33.4,37.7,54,0.0,0.0,7.4,270,978.9,100,3,Overcast
Delhi,India,2026-08-30,14:00:00,33.3,37.7,54,0.0,0.0,6.6,259,978.2,100,3,Overcast
Delhi,India,2026-08-30,15:00:00,34.0,38.3,51,0.0,0.0,5.7,242,977.7,97,3,Overcast
Delhi,India,2026-08-30,16:00:00,33.7,37.5,51,0.1,0.1,8.2,241,977.8,98,51,Light Drizzle
Delhi,India,2026-08-30,17:00:00,33.6,37.8,54,0.1,0.0,8.6,233,977.3,98,51,Light Drizzle
Delhi,India,2026-08-30,18:00:00,32.3,37.6,63,0.0,0.0,6.3,207,977.7,98,3,Overcast
Delhi,India,2026-08-30,19:00:00,31.4,37.3,69,0.0,0.0,5.3,190,978.1,100,3,Overcast
Delhi,India,2026-08-30,20:00:00,31.0,36.7,70,0.0,0.0,6.0,173,978.7,99,3,Overcast
Delhi,India,2026-08-30,21:00:00,30.5,36.0,71,0.0,0.0,6.2,172,979.4,96,3,Overcast
Delhi,India,2026-08-30,22:00:00,30.0,35.6,72,0.0,0.0,5.2,166,979.4,95,3,Overcast
Delhi,India,2026-08-30,23:00:00,30.0,35.7,74,0.0,0.0,6.0,207,978.6,91,3,Overcast
Delhi,India,2026-08-31,00:00:00,29.4,34.8,75,0.0,0.0,6.7,234,978.3,78,2,Partly Cloudy
Delhi,India,2026-08-31,01:00:00,29.1,33.9,73,0.0,0.0,7.9,254,978.1,73,2,Partly Cloudy
Delhi,India,2026-08-31,02:00:00,28.8,32.9,70,0.0,0.0,8.6,262,977.9,41,1,Mainly Clear
Delhi,India,2026-08-31,03:00:00,28.3,31.9,70,0.0,0.0,9.0,257,978.0,14,0,Clear Sky
Delhi,India,2026-08-31,04:00:00,27.8,31.4,71,0.0,0.0,9.0,258,978.4,28,1,Mainly Clear
Delhi,India,2026-08-31,05:00:00,28.2,31.3,70,0.0,0.0,12.6,267,978.5,95,3,Overcast
Delhi,India,2026-08-31,06:00:00,27.8,31.0,70,0.0,0.0,11.7,269,979.1,86,3,Overcast
Delhi,India,2026-08-31,07:00:00,28.3,31.6,69,0.0,0.0,10.8,268,979.7,95,3,Overcast
Delhi,India,2026-08-31,08:00:00,29.3,32.4,65,0.0,0.0,12.1,273,979.9,84,3,Overcast
Delhi,India,2026-08-31,09:00:00,30.0,33.3,63,0.0,0.0,11.6,278,980.2,95,3,Overcast
Delhi,India,2026-08-31,10:00:00,31.9,35.4,57,0.0,0.0,10.8,285,980.3,89,3,Overcast
Delhi,India,2026-08-31,11:00:00,33.4,37.1,51,0.0,0.0,12.0,294,980.2,80,3,Overcast
Delhi,India,2026-08-31,12:00:00,33.7,38.0,50,0.2,0.2,9.6,291,979.5,89,51,Light Drizzle
Delhi,India,2026-08-31,13:00:00,34.4,39.0,48,0.2,0.2,8.2,284,978.6,96,51,Light Drizzle
Delhi,India,2026-08-31,14:00:00,34.3,37.9,48,0.2,0.2,8.8,268,977.7,85,51,Light Drizzle
Delhi,India,2026-08-31,15:00:00,34.3,37.6,48,0.1,0.1,9.6,261,977.1,98,51,Light Drizzle
Delhi,India,2026-08-31,16:00:00,34.0,37.0,48,0.0,0.0,10.8,266,976.6,92,3,Overcast
Delhi,India,2026-08-31,17:00:00,33.2,37.0,53,0.0,0.0,9.4,271,976.8,95,3,Overcast
Delhi,India,2026-08-31,18:00:00,32.4,36.8,57,0.0,0.0,7.0,267,977.4,95,3,Overcast
Delhi,India,2026-08-31,19:00:00,31.7,37.3,64,0.0,0.0,3.4,273,977.9,97,3,Overcast
Delhi,India,2026-08-31,20:00:00,31.6,38.1,68,0.0,0.0,1.1,261,978.6,61,2,Partly Cloudy
Delhi,India,2026-08-31,21:00:00,31.2,37.9,71,0.0,0.0,0.8,153,979.2,73,2,Partly Cloudy
Delhi,India,2026-08-31,22:00:00,30.6,37.1,73,0.0,0.0,2.4,138,979.3,100,3,Overcast
Delhi,India,2026-08-31,23:00:00,30.6,36.3,71,0.0,0.0,5.4,195,979.0,99,3,Overcast
Delhi,India,2026-09-01,00:00:00,29.4,35.3,77,0.1,0.1,5.6,228,979.0,67,51,Light Drizzle
Delhi,India,2026-09-01,01:00:00,28.9,34.6,78,0.0,0.0,5.4,262,978.4,13,0,Clear Sky
Delhi,India,2026-09-01,02:00:00,28.4,33.8,77,0.0,0.0,5.1,264,978.2,21,1,Mainly Clear
Delhi,India,2026-09-01,03:00:00,28.1,32.8,75,0.0,0.0,6.3,255,978.0,24,1,Mainly Clear
Delhi,India,2026-09-01,04:00:00,27.8,32.4,74,0.0,0.0,5.4,262,978.4,77,2,Partly Cloudy
Delhi,India,2026-09-01,05:00:00,28.2,31.9,72,0.0,0.0,10.4,270,978.4,73,2,Partly Cloudy
Delhi,India,2026-09-01,06:00:00,27.7,31.7,74,0.0,0.0,8.5,275,979.0,91,3,Overcast
Delhi,India,2026-09-01,07:00:00,28.5,32.7,73,0.0,0.0,8.6,270,979.9,82,3,Overcast
Delhi,India,2026-09-01,08:00:00,29.5,33.6,69,0.0,0.0,10.1,273,980.4,65,2,Partly Cloudy
Delhi,India,2026-09-01,09:00:00,30.8,35.0,65,0.0,0.0,9.7,280,980.8,13,0,Clear Sky
Delhi,India,2026-09-01,10:00:00,32.1,36.9,60,0.0,0.0,8.7,291,981.1,20,1,Mainly Clear
Delhi,India,2026-09-01,11:00:00,32.6,37.6,55,0.1,0.1,7.7,311,981.2,98,51,Light Drizzle
Delhi,India,2026-09-01,12:00:00,33.4,37.8,52,0.0,0.0,4.7,320,980.9,63,2,Partly Cloudy
Delhi,India,2026-09-01,13:00:00,34.3,39.6,49,0.2,0.2,3.9,336,980.1,70,51,Light Drizzle
Delhi,India,2026-09-01,14:00:00,33.6,38.2,52,0.3,0.2,5.9,38,979.8,38,51,Light Drizzle
Delhi,India,2026-09-01,15:00:00,31.7,35.9,61,1.4,0.9,9.3,65,979.7,64,80,Light Rain Showers
Delhi,India,2026-09-01,16:00:00,32.1,37.1,59,0.2,0.2,4.1,38,979.5,29,51,Light Drizzle
Delhi,India,2026-09-01,17:00:00,31.7,37.4,64,1.5,1.1,3.4,3,979.5,29,80,Light Rain Showers
Delhi,India,2026-09-01,18:00:00,31.6,36.7,62,0.1,0.1,4.1,56,980.0,44,51,Light Drizzle
Delhi,India,2026-09-01,19:00:00,30.7,36.1,67,0.0,0.0,4.2,85,980.9,27,1,Mainly Clear
Delhi,India,2026-09-01,20:00:00,29.9,35.6,73,0.0,0.0,4.4,99,981.9,23,1,Mainly Clear
Delhi,India,2026-09-01,21:00:00,29.5,35.7,76,0.0,0.0,2.9,90,982.2,27,1,Mainly Clear
Delhi,India,2026-09-01,22:00:00,29.2,35.9,80,0.0,0.0,1.8,90,982.3,24,1,Mainly Clear
Delhi,India,2026-09-01,23:00:00,27.3,32.6,82,0.0,0.0,5.2,124,981.8,35,1,Mainly Clear
Delhi,India,2026-09-02,00:00:00,27.2,32.6,84,0.1,0.1,5.6,92,981.4,19,51,Light Drizzle
Delhi,India,2026-09-02,01:00:00,26.5,31.8,88,0.0,0.0,6.6,119,981.2,23,1,Mainly Clear
Delhi,India,2026-09-02,02:00:00,26.1,32.0,91,0.0,0.0,3.3,96,980.5,10,0,Clear Sky
Delhi,India,2026-09-02,03:00:00,26.1,32.1,91,0.0,0.0,2.3,90,980.3,5,0,Clear Sky
Delhi,India,2026-09-02,04:00:00,26.2,32.4,91,0.0,0.0,1.3,82,980.4,6,0,Clear Sky
Delhi,India,2026-09-02,05:00:00,26.1,32.0,91,0.0,0.0,3.1,118,980.9,71,2,Partly Cloudy
Delhi,India,2026-09-02,06:00:00,26.2,32.0,90,0.1,0.1,3.0,322,981.4,68,51,Light Drizzle
Delhi,India,2026-09-02,07:00:00,26.5,32.1,86,0.0,0.0,2.7,20,981.5,43,1,Mainly Clear
Delhi,India,2026-09-02,08:00:00,28.4,33.8,76,0.0,0.0,3.6,37,981.9,91,3,Overcast
Delhi,India,2026-09-02,09:00:00,30.1,35.5,69,0.0,0.0,3.2,63,982.5,32,1,Mainly Clear
Delhi,India,2026-09-02,10:00:00,31.7,37.5,62,0.0,0.0,2.2,55,982.6,37,1,Mainly Clear
Delhi,India,2026-09-02,11:00:00,32.5,38.7,60,0.3,0.2,5.5,44,982.4,100,51,Light Drizzle
Delhi,India,2026-09-02,12:00:00,26.5,32.3,91,10.2,0.8,5.6,73,982.3,99,95,Thunderstorm
Delhi,India,2026-09-02,13:00:00,26.5,32.7,95,2.1,2.1,6.1,19,981.4,90,80,Light Rain Showers
Delhi,India,2026-09-02,14:00:00,28.7,35.2,83,0.6,0.6,3.4,357,980.3,82,53,Moderate Drizzle
Delhi,India,2026-09-02,15:00:00,29.0,34.6,77,0.1,0.1,5.7,9,979.9,83,51,Light Drizzle
Delhi,India,2026-09-02,16:00:00,29.3,35.0,76,0.0,0.0,5.9,18,979.1,80,3,Overcast
Delhi,India,2026-09-02,17:00:00,30.5,34.9,66,0.0,0.0,9.3,37,979.1,37,1,Mainly Clear
Delhi,India,2026-09-02,18:00:00,29.1,33.5,72,0.1,0.1,8.8,39,979.6,53,51,Light Drizzle
Delhi,India,2026-09-02,19:00:00,28.6,33.5,74,0.0,0.0,5.4,48,980.2,51,2,Partly Cloudy
Delhi,India,2026-09-02,20:00:00,28.1,33.0,76,0.0,0.0,5.6,73,981.0,16,0,Clear Sky
Delhi,India,2026-09-02,21:00:00,27.6,33.0,82,0.0,0.0,4.7,86,981.6,27,1,Mainly Clear
Delhi,India,2026-09-02,22:00:00,27.2,33.0,86,0.0,0.0,3.9,103,981.4,16,0,Clear Sky
Delhi,India,2026-09-02,23:00:00,27.4,33.6,89,0.0,0.0,5.0,105,980.5,21,1,Mainly Clear
Delhi,India,2026-09-03,00:00:00,26.9,32.7,90,0.0,0.0,6.5,82,980.7,26,1,Mainly Clear
Delhi,India,2026-09-03,01:00:00,26.4,31.8,90,0.1,0.1,7.0,91,980.5,28,51,Light Drizzle
Delhi,India,2026-09-03,02:00:00,25.9,31.6,91,0.0,0.0,4.3,88,979.8,29,1,Mainly Clear
Delhi,India,2026-09-03,03:00:00,25.7,31.4,93,0.1,0.1,4.5,90,979.9,2,51,Light Drizzle
Delhi,India,2026-09-03,04:00:00,25.6,31.5,93,0.1,0.1,3.6,84,979.9,37,51,Light Drizzle
Delhi,India,2026-09-03,05:00:00,25.6,32.0,98,0.0,0.0,3.3,68,979.9,54,2,Partly Cloudy
Delhi,India,2026-09-03,06:00:00,25.8,32.1,97,0.2,0.2,3.7,61,980.7,38,51,Light Drizzle
Delhi,India,2026-09-03,07:00:00,26.5,33.0,95,0.1,0.1,4.2,72,981.3,30,51,Light Drizzle
Delhi,India,2026-09-03,08:00:00,27.9,33.9,86,0.0,0.0,6.0,69,981.4,56,2,Partly Cloudy
Delhi,India,2026-09-03,09:00:00,29.2,35.4,82,0.1,0.0,6.7,87,981.8,17,51,Light Drizzle
Delhi,India,2026-09-03,10:00:00,30.3,36.8,76,0.1,0.0,6.8,78,982.1,14,51,Light Drizzle
Delhi,India,2026-09-03,11:00:00,31.2,37.9,69,0.1,0.0,7.0,89,982.0,27,51,Light Drizzle
Delhi,India,2026-09-03,12:00:00,31.4,37.8,68,0.5,0.2,7.9,73,981.3,42,53,Moderate Drizzle
Delhi,India,2026-09-03,13:00:00,31.5,36.9,64,0.3,0.2,9.5,90,980.4,49,51,Light Drizzle
Delhi,India,2026-09-03,14:00:00,31.7,36.8,62,0.9,0.2,8.2,99,979.3,38,53,Moderate Drizzle
Delhi,India,2026-09-03,15:00:00,31.8,36.6,62,0.2,0.1,6.3,93,978.6,28,51,Light Drizzle
Delhi,India,2026-09-03,16:00:00,31.7,36.4,62,0.2,0.1,6.5,88,978.3,54,51,Light Drizzle
Delhi,India,2026-09-03,17:00:00,28.7,34.8,84,0.3,0.2,7.5,110,979.0,91,51,Light Drizzle
Delhi,India,2026-09-03,18:00:00,27.8,33.9,87,0.1,0.1,5.5,126,979.0,73,51,Light Drizzle
Delhi,India,2026-09-03,19:00:00,27.4,34.2,90,0.1,0.1,2.8,153,979.0,77,51,Light Drizzle
Delhi,India,2026-09-03,20:00:00,27.3,33.6,90,0.0,0.0,5.1,138,980.0,84,3,Overcast
Delhi,India,2026-09-03,21:00:00,27.1,33.4,90,0.0,0.0,4.3,138,980.6,93,3,Overcast
Delhi,India,2026-09-03,22:00:00,27.1,33.5,90,0.0,0.0,3.3,126,981.1,96,3,Overcast
Delhi,India,2026-09-03,23:00:00,28.3,35.4,89,0.0,0.0,3.9,103,980.8,99,3,Overcast
Delhi,India,2026-09-04,00:00:00,27.1,34.2,95,0.3,0.0,3.4,254,980.4,98,95,Thunderstorm
Delhi,India,2026-09-04,01:00:00,26.8,34.1,97,0.1,0.1,1.9,311,979.9,98,51,Light Drizzle
Delhi,India,2026-09-04,02:00:00,26.9,33.7,96,0.0,0.0,5.0,46,979.7,95,3,Overcast
Delhi,India,2026-09-04,03:00:00,26.9,33.4,94,0.0,0.0,4.9,84,979.4,96,3,Overcast
Delhi,India,2026-09-04,04:00:00,26.6,33.0,94,0.0,0.0,5.0,75,979.9,91,3,Overcast
Delhi,India,2026-09-04,05:00:00,26.8,33.2,97,0.0,0.0,8.5,52,980.2,88,3,Overcast
Delhi,India,2026-09-04,06:00:00,26.0,31.8,97,0.8,0.7,8.3,85,980.7,70,53,Moderate Drizzle
Delhi,India,2026-09-04,07:00:00,25.8,31.4,97,0.8,0.8,8.6,91,981.7,80,53,Moderate Drizzle
Delhi,India,2026-09-04,08:00:00,26.8,32.4,90,0.3,0.3,7.8,81,981.7,95,51,Light Drizzle
Delhi,India,2026-09-04,09:00:00,28.5,34.0,81,0.1,0.1,8.3,89,982.5,93,51,Light Drizzle
Delhi,India,2026-09-04,10:00:00,29.7,35.6,78,0.0,0.0,7.4,84,982.4,95,3,Overcast
Delhi,India,2026-09-04,11:00:00,29.3,35.3,81,0.1,0.0,9.1,99,982.2,94,51,Light Drizzle
Delhi,India,2026-09-04,12:00:00,29.1,35.7,81,2.6,1.0,3.1,90,982.2,87,96,Thunderstorm with Hail
Delhi,India,2026-09-04,13:00:00,30.2,36.3,75,0.4,0.2,5.1,107,981.6,84,95,Thunderstorm
Delhi,India,2026-09-04,14:00:00,29.5,35.0,76,1.1,0.3,7.3,83,981.1,97,96,Thunderstorm with Hail
Delhi,India,2026-09-04,15:00:00,29.7,35.6,76,0.5,0.2,5.2,46,980.1,98,95,Thunderstorm
Delhi,India,2026-09-04,16:00:00,29.7,35.5,76,0.0,0.0,5.9,50,979.5,98,3,Overcast
Delhi,India,2026-09-04,17:00:00,28.9,34.4,77,0.0,0.0,5.4,75,979.8,100,3,Overcast
Delhi,India,2026-09-04,18:00:00,28.1,34.1,82,0.0,0.0,3.8,49,980.6,100,3,Overcast
Delhi,India,2026-09-04,19:00:00,27.7,33.5,85,0.1,0.1,5.8,60,981.3,100,51,Light Drizzle
Delhi,India,2026-09-04,20:00:00,27.2,33.1,88,0.2,0.2,5.8,54,982.5,100,51,Light Drizzle
Delhi,India,2026-09-04,21:00:00,27.0,33.2,91,0.5,0.5,5.2,27,982.7,100,53,Moderate Drizzle
Delhi,India,2026-09-04,22:00:00,26.3,32.3,93,1.3,0.5,5.4,60,983.2,100,95,Thunderstorm
Delhi,India,2026-09-04,23:00:00,26.8,32.5,91,4.1,0.7,7.1,41,983.3,99,96,Thunderstorm with Hail
Delhi,India,2026-09-05,00:00:00,26.4,32.6,95,0.8,0.8,6.7,44,982.7,100,53,Moderate Drizzle
Delhi,India,2026-09-05,01:00:00,26.4,32.6,97,0.6,0.6,6.5,34,982.3,100,53,Moderate Drizzle
Delhi,India,2026-09-05,02:00:00,25.9,30.9,93,2.0,0.3,10.0,67,982.1,99,96,Thunderstorm with Hail
Delhi,India,2026-09-05,03:00:00,25.7,31.5,97,2.7,1.3,7.1,69,981.9,100,96,Thunderstorm with Hail
Delhi,India,2026-09-05,04:00:00,25.6,31.4,97,2.2,1.2,6.8,72,981.8,100,95,Thunderstorm
Delhi,India,2026-09-05,05:00:00,25.6,30.4,97,1.2,0.5,13.1,72,982.0,100,95,Thunderstorm
Delhi,India,2026-09-05,06:00:00,25.1,30.3,97,2.3,2.3,8.5,72,982.0,98,80,Light Rain Showers
Delhi,India,2026-09-05,07:00:00,25.5,31.3,95,0.5,0.5,4.3,75,983.1,99,53,Moderate Drizzle
Delhi,India,2026-09-05,08:00:00,25.6,31.1,94,0.4,0.4,6.9,62,983.5,99,51,Light Drizzle
Delhi,India,2026-09-05,09:00:00,26.5,32.8,91,0.7,0.5,2.2,85,984.3,100,53,Moderate Drizzle
Delhi,India,2026-09-05,10:00:00,27.5,33.6,87,0.5,0.1,4.8,48,984.4,100,95,Thunderstorm
Delhi,India,2026-09-05,11:00:00,27.9,34.1,87,0.4,0.0,5.7,58,984.3,100,95,Thunderstorm
Delhi,India,2026-09-05,12:00:00,27.6,33.2,87,1.0,0.0,8.8,55,983.7,100,96,Thunderstorm with Hail
Delhi,India,2026-09-05,13:00:00,26.0,31.9,93,5.7,0.8,5.3,33,983.1,100,96,Thunderstorm with Hail
Delhi,India,2026-09-05,14:00:00,26.0,31.9,96,1.6,1.6,6.9,14,981.6,99,80,Light Rain Showers
Delhi,India,2026-09-05,15:00:00,26.8,32.7,92,0.5,0.5,7.4,39,981.6,100,53,Moderate Drizzle
Delhi,India,2026-09-05,16:00:00,27.0,33.2,92,0.2,0.2,5.9,27,981.4,98,51,Light Drizzle
Delhi,India,2026-09-05,17:00:00,27.3,33.4,90,0.1,0.1,6.1,43,981.1,100,51,Light Drizzle
Delhi,India,2026-09-05,18:00:00,27.0,33.1,91,0.1,0.1,5.6,42,981.5,100,51,Light Drizzle
Delhi,India,2026-09-05,19:00:00,26.9,33.1,91,0.0,0.0,4.8,25,981.9,98,3,Overcast
Delhi,India,2026-09-05,20:00:00,26.9,33.0,90,0.0,0.0,5.0,49,983.0,100,3,Overcast
Delhi,India,2026-09-05,21:00:00,26.7,32.8,90,0.0,0.0,4.7,67,983.4,98,3,Overcast
Delhi,India,2026-09-05,22:00:00,26.5,32.7,91,0.0,0.0,3.2,52,983.4,81,3,Overcast
Delhi,India,2026-09-05,23:00:00,26.7,32.8,90,0.0,0.0,3.5,351,983.7,79,2,Partly Cloudy
Delhi,India,2026-09-06,00:00:00,26.3,32.0,90,0.0,0.0,4.6,351,983.3,100,3,Overcast
Delhi,India,2026-09-06,01:00:00,26.1,31.6,90,0.0,0.0,4.9,358,982.5,32,1,Mainly Clear
Delhi,India,2026-09-06,02:00:00,25.7,31.2,92,0.1,0.1,5.6,2,982.0,48,51,Light Drizzle
Delhi,India,2026-09-06,03:00:00,25.4,30.6,94,0.0,0.0,7.1,34,981.9,37,1,Mainly Clear
Delhi,India,2026-09-06,04:00:00,25.2,30.5,95,0.0,0.0,6.7,52,982.0,59,2,Partly Cloudy
Delhi,India,2026-09-06,05:00:00,24.8,30.4,99,0.0,0.0,5.5,19,981.7,89,3,Overcast
Delhi,India,2026-09-06,06:00:00,24.2,29.5,98,3.0,0.0,4.0,302,982.6,100,96,Thunderstorm with Hail
Delhi,India,2026-09-06,07:00:00,24.1,28.8,97,4.3,1.0,7.7,332,983.7,100,95,Thunderstorm
Delhi,India,2026-09-06,08:00:00,24.8,29.7,95,1.3,1.3,7.4,357,984.4,100,80,Light Rain Showers
Delhi,India,2026-09-06,09:00:00,25.3,30.5,94,0.8,0.7,6.7,358,985.0,100,53,Moderate Drizzle
Delhi,India,2026-09-06,10:00:00,26.1,31.6,91,1.1,0.7,6.0,351,985.4,97,55,Heavy Drizzle
Delhi,India,2026-09-06,11:00:00,25.9,30.9,93,0.9,0.4,9.8,46,985.3,100,53,Moderate Drizzle
Delhi,India,2026-09-06,12:00:00,25.7,30.4,95,3.8,3.0,12.4,26,984.4,100,95,Thunderstorm
Delhi,India,2026-09-06,13:00:00,25.4,30.0,95,1.7,1.7,12.3,31,983.7,100,80,Light Rain Showers
Delhi,India,2026-09-06,14:00:00,25.7,30.3,91,0.8,0.8,10.2,36,982.6,100,53,Moderate Drizzle
Delhi,India,2026-09-06,15:00:00,25.7,30.6,89,0.3,0.3,7.1,47,981.8,100,51,Light Drizzle
Delhi,India,2026-09-06,16:00:00,26.0,31.1,85,0.0,0.0,3.6,57,981.9,100,3,Overcast
Delhi,India,2026-09-06,17:00:00,27.6,32.9,82,0.0,0.0,6.5,109,981.7,87,3,Overcast
Delhi,India,2026-09-06,18:00:00,26.9,32.8,87,0.0,0.0,3.5,114,982.0,67,2,Partly Cloudy
Delhi,India,2026-09-06,19:00:00,26.3,32.6,90,0.0,0.0,1.5,284,982.9,77,2,Partly Cloudy
Delhi,India,2026-09-06,20:00:00,26.1,32.3,91,0.0,0.0,2.0,275,983.7,45,1,Mainly Clear
Delhi,India,2026-09-06,21:00:00,26.0,32.4,92,0.0,0.0,0.3,225,984.4,57,2,Partly Cloudy
Delhi,India,2026-09-06,22:00:00,25.6,31.7,94,0.0,0.0,1.3,146,984.2,14,0,Clear Sky
Delhi,India,2026-09-06,23:00:00,25.8,32.3,95,0.0,0.0,0.2,270,983.9,25,1,Mainly Clear
Delhi,India,2026-09-07,00:00:00,25.2,31.4,96,0.0,0.0,0.5,360,983.6,19,0,Clear Sky
Delhi,India,2026-09-07,01:00:00,25.1,31.1,95,0.0,0.0,0.8,315,983.3,51,2,Partly Cloudy
Delhi,India,2026-09-07,02:00:00,24.8,30.4,95,0.0,0.0,3.0,322,982.8,37,1,Mainly Clear
Delhi,India,2026-09-07,03:00:00,24.4,30.1,96,0.0,0.0,1.9,311,982.3,20,1,Mainly Clear
Delhi,India,2026-09-07,04:00:00,24.3,29.4,96,0.0,0.0,5.1,302,982.1,26,1,Mainly Clear
Delhi,India,2026-09-07,05:00:00,25.1,31.0,97,0.0,0.0,3.8,275,982.3,21,1,Mainly Clear
Delhi,India,2026-09-07,06:00:00,24.8,30.4,99,0.0,0.0,5.4,270,982.6,38,1,Mainly Clear
Delhi,India,2026-09-07,07:00:00,25.9,31.9,95,0.0,0.0,5.1,278,982.8,31,1,Mainly Clear
Delhi,India,2026-09-07,08:00:00,27.5,33.9,88,0.0,0.0,3.8,278,983.7,9,0,Clear Sky
Delhi,India,2026-09-07,09:00:00,29.1,35.0,78,0.0,0.0,4.7,302,984.2,4,0,Clear Sky
Delhi,India,2026-09-07,10:00:00,30.4,36.9,72,0.0,0.0,4.3,315,984.4,2,0,Clear Sky
Delhi,India,2026-09-07,11:00:00,31.5,37.8,62,0.0,0.0,4.3,343,984.2,14,0,Clear Sky
Delhi,India,2026-09-07,12:00:00,31.9,38.4,61,0.1,0.1,4.5,355,983.5,20,51,Light Drizzle
Delhi,India,2026-09-07,13:00:00,32.4,38.8,58,0.0,0.0,4.2,348,982.5,24,1,Mainly Clear
Delhi,India,2026-09-07,14:00:00,32.0,36.6,57,0.0,0.0,9.2,325,981.7,47,1,Mainly Clear
Delhi,India,2026-09-07,15:00:00,31.1,35.4,59,0.8,0.4,5.2,338,981.1,12,53,Moderate Drizzle
Delhi,India,2026-09-07,16:00:00,31.1,35.5,61,0.0,0.0,5.6,333,980.7,9,0,Clear Sky
Delhi,India,2026-09-07,17:00:00,31.6,36.5,62,0.0,0.0,5.2,25,980.5,15,0,Clear Sky
Delhi,India,2026-09-07,18:00:00,30.3,36.3,70,0.0,0.0,1.9,49,981.1,5,0,Clear Sky
Delhi,India,2026-09-07,19:00:00,29.9,35.6,69,0.0,0.0,1.3,254,981.6,6,0,Clear Sky
Delhi,India,2026-09-07,20:00:00,29.1,34.9,74,0.0,0.0,2.3,238,982.2,8,0,Clear Sky
Delhi,India,2026-09-07,21:00:00,28.4,33.9,77,0.0,0.0,3.4,223,982.9,24,1,Mainly Clear
Delhi,India,2026-09-07,22:00:00,27.6,32.8,79,0.0,0.0,3.8,245,983.3,14,0,Clear Sky
Delhi,India,2026-09-07,23:00:00,27.3,33.1,83,0.0,0.0,2.7,262,982.8,5,0,Clear Sky
Delhi,India,2026-09-08,00:00:00,26.5,31.6,83,0.0,0.0,4.3,270,982.7,2,0,Clear Sky
Delhi,India,2026-09-08,01:00:00,26.1,30.8,83,0.0,0.0,5.6,263,982.5,0,0,Clear Sky
Delhi,India,2026-09-08,02:00:00,25.8,30.4,84,0.0,0.0,5.5,259,981.9,0,0,Clear Sky
Delhi,India,2026-09-08,03:00:00,25.5,30.1,86,0.0,0.0,5.1,262,981.6,1,0,Clear Sky
Delhi,India,2026-09-08,04:00:00,25.2,29.9,88,0.0,0.0,5.7,261,981.5,1,0,Clear Sky
Delhi,India,2026-09-08,05:00:00,25.8,30.3,81,0.0,0.0,4.0,306,981.9,38,1,Mainly Clear
Delhi,India,2026-09-08,06:00:00,25.5,29.5,81,0.0,0.0,6.6,237,982.3,13,0,Clear Sky
Delhi,India,2026-09-08,07:00:00,26.2,30.5,84,0.0,0.0,9.0,240,983.1,9,0,Clear Sky
Delhi,India,2026-09-08,08:00:00,27.9,32.5,77,0.0,0.0,7.5,255,983.6,9,0,Clear Sky
Delhi,India,2026-09-08,09:00:00,28.9,32.9,70,0.0,0.0,9.9,255,984.0,8,0,Clear Sky
Delhi,India,2026-09-08,10:00:00,29.5,34.0,69,0.0,0.0,10.8,252,984.4,3,0,Clear Sky
Delhi,India,2026-09-08,11:00:00,31.6,37.6,64,0.0,0.0,9.5,271,984.1,21,1,Mainly Clear
Delhi,India,2026-09-08,12:00:00,31.4,36.3,62,0.6,0.2,12.8,281,983.7,55,53,Moderate Drizzle
Delhi,India,2026-09-08,13:00:00,31.8,37.5,65,0.3,0.3,10.7,293,982.7,7,51,Light Drizzle
Delhi,India,2026-09-08,14:00:00,32.4,37.6,62,0.0,0.0,10.7,301,981.7,7,0,Clear Sky
Delhi,India,2026-09-08,15:00:00,32.4,36.6,59,0.0,0.0,11.1,301,981.2,14,0,Clear Sky
Delhi,India,2026-09-08,16:00:00,31.9,36.5,62,0.4,0.0,9.6,291,980.4,34,51,Light Drizzle
Delhi,India,2026-09-08,17:00:00,31.9,37.5,65,0.0,0.0,4.8,345,980.0,4,0,Clear Sky
Delhi,India,2026-09-08,18:00:00,31.0,37.5,71,0.0,0.0,1.7,347,980.0,3,0,Clear Sky
Delhi,India,2026-09-08,19:00:00,30.4,36.5,72,0.0,0.0,3.1,270,980.2,5,0,Clear Sky
Delhi,India,2026-09-08,20:00:00,29.7,35.6,75,0.0,0.0,4.3,294,980.9,2,0,Clear Sky
Delhi,India,2026-09-08,21:00:00,29.2,35.1,77,0.0,0.0,4.0,262,981.8,2,0,Clear Sky
Delhi,India,2026-09-08,22:00:00,28.3,34.0,81,0.0,0.0,5.3,232,982.0,2,0,Clear Sky
Delhi,India,2026-09-08,23:00:00,28.6,33.9,80,0.0,0.0,8.7,240,981.9,7,0,Clear Sky
Delhi,India,2026-09-09,00:00:00,27.9,32.7,76,0.0,0.0,5.7,261,981.3,5,0,Clear Sky
Delhi,India,2026-09-09,01:00:00,27.3,32.0,78,0.0,0.0,5.5,259,981.0,0,0,Clear Sky
Delhi,India,2026-09-09,02:00:00,26.8,31.4,80,0.0,0.0,6.2,249,980.9,2,0,Clear Sky
Delhi,India,2026-09-09,03:00:00,26.6,31.1,80,0.0,0.0,6.2,234,981.0,5,0,Clear Sky
Delhi,India,2026-09-09,04:00:00,26.4,30.2,76,0.0,0.0,6.9,250,981.5,23,1,Mainly Clear
Delhi,India,2026-09-09,05:00:00,27.4,31.2,76,0.0,0.0,10.7,265,981.2,0,0,Clear Sky
Delhi,India,2026-09-09,06:00:00,27.3,30.4,74,0.0,0.0,12.5,274,981.7,17,0,Clear Sky
Delhi,India,2026-09-09,07:00:00,27.9,31.5,74,0.0,0.0,11.5,278,982.3,11,0,Clear Sky
Delhi,India,2026-09-09,08:00:00,28.8,32.9,72,0.0,0.0,11.1,277,982.9,9,0,Clear Sky
Delhi,India,2026-09-09,09:00:00,29.8,33.8,69,0.0,0.0,11.8,279,983.5,8,0,Clear Sky
Delhi,India,2026-09-09,10:00:00,31.0,35.6,65,0.0,0.0,11.4,283,983.6,4,0,Clear Sky
Delhi,India,2026-09-09,11:00:00,32.6,36.8,54,0.0,0.0,13.8,297,983.7,13,0,Clear Sky
Delhi,India,2026-09-09,12:00:00,33.1,37.5,52,0.0,0.0,12.2,299,983.1,8,0,Clear Sky
Delhi,India,2026-09-09,13:00:00,33.4,37.9,52,0.0,0.0,11.8,299,982.1,6,0,Clear Sky
Delhi,India,2026-09-09,14:00:00,33.5,37.5,51,0.0,0.0,11.9,295,981.2,1,0,Clear Sky
Delhi,India,2026-09-09,15:00:00,33.4,36.7,51,0.0,0.0,12.0,288,980.6,1,0,Clear Sky
Delhi,India,2026-09-09,16:00:00,32.9,36.6,54,0.0,0.0,9.9,285,980.2,1,0,Clear Sky
Delhi,India,2026-09-09,17:00:00,32.8,37.4,58,0.0,0.0,7.1,286,980.1,5,0,Clear Sky
Delhi,India,2026-09-09,18:00:00,31.1,36.5,66,0.0,0.0,4.6,281,980.3,4,0,Clear Sky
Delhi,India,2026-09-09,19:00:00,30.6,36.0,68,0.0,0.0,4.2,288,980.7,1,0,Clear Sky
Delhi,India,2026-09-09,20:00:00,29.8,35.3,71,0.0,0.0,3.8,245,981.8,2,0,Clear Sky
Delhi,India,2026-09-09,21:00:00,28.9,34.3,75,0.0,0.0,5.3,232,982.4,1,0,Clear Sky
Delhi,India,2026-09-09,22:00:00,28.4,34.0,78,0.0,0.0,4.1,255,982.6,0,0,Clear Sky
Delhi,India,2026-09-09,23:00:00,28.7,34.6,79,0.0,0.0,4.1,270,982.2,0,0,Clear Sky
Delhi,India,2026-09-10,00:00:00,28.1,33.7,80,0.0,0.0,4.8,250,982.0,0,0,Clear Sky
Delhi,India,2026-09-10,01:00:00,27.6,32.9,81,0.0,0.0,5.2,245,981.8,2,0,Clear Sky
Delhi,India,2026-09-10,02:00:00,27.3,32.5,82,0.0,0.0,5.2,254,981.6,4,0,Clear Sky
Delhi,India,2026-09-10,03:00:00,26.9,32.1,83,0.0,0.0,4.7,247,981.5,2,0,Clear Sky
Delhi,India,2026-09-10,04:00:00,26.6,31.5,83,0.0,0.0,6.0,237,981.9,5,0,Clear Sky
Delhi,India,2026-09-10,05:00:00,27.2,32.0,80,0.0,0.0,6.5,251,981.9,23,1,Mainly Clear
Delhi,India,2026-09-10,06:00:00,26.6,31.1,82,0.0,0.0,8.4,250,982.7,22,1,Mainly Clear
Delhi,India,2026-09-10,07:00:00,27.7,32.1,77,0.0,0.0,8.5,266,983.5,20,1,Mainly Clear
Delhi,India,2026-09-10,08:00:00,29.4,34.0,71,0.0,0.0,9.0,275,984.1,13,0,Clear Sky
Delhi,India,2026-09-10,09:00:00,30.5,34.7,66,0.0,0.0,10.8,285,984.4,0,0,Clear Sky
Delhi,India,2026-09-10,10:00:00,31.7,36.7,62,0.0,0.0,10.0,293,984.8,39,1,Mainly Clear
Delhi,India,2026-09-10,11:00:00,32.8,38.4,58,0.0,0.0,9.8,301,984.6,66,2,Partly Cloudy
Delhi,India,2026-09-10,12:00:00,33.7,39.1,53,0.0,0.0,10.2,307,983.6,27,1,Mainly Clear
Delhi,India,2026-09-10,13:00:00,34.1,39.2,50,0.0,0.0,9.9,307,982.5,30,1,Mainly Clear
Delhi,India,2026-09-10,14:00:00,34.3,38.6,49,0.0,0.0,10.5,305,981.1,29,1,Mainly Clear
Delhi,India,2026-09-10,15:00:00,34.0,37.4,50,0.0,0.0,11.1,310,980.4,63,2,Partly Cloudy
Delhi,India,2026-09-10,16:00:00,33.4,37.4,54,0.0,0.0,9.4,313,980.4,62,2,Partly Cloudy
Delhi,India,2026-09-10,17:00:00,32.3,37.1,60,0.0,0.0,7.1,317,980.6,69,2,Partly Cloudy
Delhi,India,2026-09-10,18:00:00,30.8,36.6,69,0.0,0.0,3.9,317,981.1,48,1,Mainly Clear
Delhi,India,2026-09-10,19:00:00,30.6,36.6,69,0.0,0.0,1.9,299,981.8,12,0,Clear Sky
Delhi,India,2026-09-10,20:00:00,30.3,36.2,70,0.0,0.0,1.8,323,982.4,2,0,Clear Sky
Delhi,India,2026-09-10,21:00:00,29.8,35.6,72,0.0,0.0,2.4,9,982.8,1,0,Clear Sky
Delhi,India,2026-09-10,22:00:00,29.5,35.2,73,0.0,0.0,2.4,42,983.0,20,1,Mainly Clear
Delhi,India,2026-09-10,23:00:00,29.2,34.6,73,0.0,0.0,3.9,53,983.3,13,0,Clear Sky
Hyderabad,India,2026-08-11,00:00:00,24.4,27.5,83,0.0,0.0,9.5,260,950.1,98,3,Overcast
Hyderabad,India,2026-08-11,01:00:00,24.6,27.7,83,0.0,0.0,10.7,261,949.7,99,3,Overcast
Hyderabad,India,2026-08-11,02:00:00,24.4,27.4,84,0.0,0.0,11.0,267,949.3,99,3,Overcast
Hyderabad,India,2026-08-11,03:00:00,24.1,26.9,85,0.0,0.0,11.5,272,949.0,95,3,Overcast
Hyderabad,India,2026-08-11,04:00:00,23.8,26.4,84,0.0,0.0,11.5,274,948.9,96,3,Overcast
Hyderabad,India,2026-08-11,05:00:00,23.6,26.4,87,0.0,0.0,11.5,270,949.0,92,3,Overcast
Hyderabad,India,2026-08-11,06:00:00,23.5,26.0,85,0.0,0.0,11.9,270,949.5,23,1,Mainly Clear
Hyderabad,India,2026-08-11,07:00:00,24.3,26.8,81,0.0,0.0,11.2,273,950.1,25,1,Mainly Clear
Hyderabad,India,2026-08-11,08:00:00,25.5,27.8,74,0.0,0.0,12.9,276,950.5,8,0,Clear Sky
Hyderabad,India,2026-08-11,09:00:00,27.0,29.3,68,0.0,0.0,14.3,285,951.0,27,1,Mainly Clear
Hyderabad,India,2026-08-11,10:00:00,28.3,30.8,61,0.0,0.0,16.1,286,951.0,48,1,Mainly Clear
Hyderabad,India,2026-08-11,11:00:00,28.2,30.3,59,0.0,0.0,16.2,274,950.9,70,2,Partly Cloudy
Hyderabad,India,2026-08-11,12:00:00,29.0,31.3,56,0.0,0.0,15.5,279,950.2,73,2,Partly Cloudy
Hyderabad,India,2026-08-11,13:00:00,29.3,31.2,57,0.0,0.0,16.9,279,949.2,36,1,Mainly Clear
Hyderabad,India,2026-08-11,14:00:00,29.7,32.8,57,0.1,0.1,14.1,274,948.1,17,51,Light Drizzle
Hyderabad,India,2026-08-11,15:00:00,30.0,32.8,56,0.1,0.1,13.5,274,947.3,10,51,Light Drizzle
Hyderabad,India,2026-08-11,16:00:00,29.8,31.7,57,0.1,0.1,14.1,277,946.7,21,51,Light Drizzle
Hyderabad,India,2026-08-11,17:00:00,28.9,31.1,59,0.2,0.2,12.3,267,947.3,23,51,Light Drizzle
Hyderabad,India,2026-08-11,18:00:00,28.0,31.3,67,0.0,0.0,8.7,253,947.9,27,1,Mainly Clear
Hyderabad,India,2026-08-11,19:00:00,27.2,30.8,72,0.0,0.0,8.2,244,948.5,27,1,Mainly Clear
Hyderabad,India,2026-08-11,20:00:00,26.6,30.0,74,0.0,0.0,8.8,237,949.4,75,2,Partly Cloudy
Hyderabad,India,2026-08-11,21:00:00,26.0,29.0,76,0.0,0.0,10.8,246,950.4,65,2,Partly Cloudy
Hyderabad,India,2026-08-11,22:00:00,25.6,28.3,77,0.0,0.0,12.4,246,951.1,55,2,Partly Cloudy
Hyderabad,India,2026-08-11,23:00:00,24.6,27.1,81,0.1,0.1,13.5,251,950.6,78,51,Light Drizzle
Hyderabad,India,2026-08-12,00:00:00,24.3,26.8,83,0.0,0.0,13.1,257,950.0,96,3,Overcast
Hyderabad,India,2026-08-12,01:00:00,24.2,26.7,83,0.0,0.0,12.9,255,949.7,99,3,Overcast
Hyderabad,India,2026-08-12,02:00:00,24.2,26.7,84,0.0,0.0,13.2,259,949.5,99,3,Overcast
Hyderabad,India,2026-08-12,03:00:00,24.0,26.4,85,0.1,0.1,14.8,260,949.4,97,51,Light Drizzle
Hyderabad,India,2026-08-12,04:00:00,23.2,25.4,91,0.8,0.8,17.4,264,949.3,97,53,Moderate Drizzle
Hyderabad,India,2026-08-12,05:00:00,23.5,25.9,88,0.9,0.4,14.8,261,949.6,90,53,Moderate Drizzle
Hyderabad,India,2026-08-12,06:00:00,23.6,26.1,87,0.0,0.0,14.4,260,949.7,100,3,Overcast
Hyderabad,India,2026-08-12,07:00:00,24.1,26.9,86,0.0,0.0,12.9,264,950.4,100,3,Overcast
Hyderabad,India,2026-08-12,08:00:00,25.2,27.1,79,0.0,0.0,18.0,268,950.7,99,3,Overcast
Hyderabad,India,2026-08-12,09:00:00,27.0,28.7,70,0.0,0.0,18.4,272,951.1,96,3,Overcast
Hyderabad,India,2026-08-12,10:00:00,27.7,29.4,68,0.1,0.0,18.8,276,951.3,98,51,Light Drizzle
Hyderabad,India,2026-08-12,11:00:00,28.0,30.6,66,0.2,0.2,19.0,277,951.5,99,51,Light Drizzle
Hyderabad,India,2026-08-12,12:00:00,28.4,31.4,65,0.3,0.2,18.6,273,950.8,99,51,Light Drizzle
Hyderabad,India,2026-08-12,13:00:00,28.4,30.9,66,0.1,0.1,16.8,275,950.4,100,51,Light Drizzle
Hyderabad,India,2026-08-12,14:00:00,28.9,31.2,63,0.0,0.0,16.2,274,949.7,100,3,Overcast
Hyderabad,India,2026-08-12,15:00:00,29.0,31.2,61,0.0,0.0,14.1,275,949.2,91,3,Overcast
Hyderabad,India,2026-08-12,16:00:00,29.0,31.6,63,0.4,0.2,13.3,270,948.5,99,51,Light Drizzle
Hyderabad,India,2026-08-12,17:00:00,28.3,31.2,67,0.4,0.3,11.9,270,949.9,93,51,Light Drizzle
Hyderabad,India,2026-08-12,18:00:00,27.1,30.5,74,0.1,0.1,10.7,282,950.9,100,51,Light Drizzle
Hyderabad,India,2026-08-12,19:00:00,25.6,28.6,82,0.1,0.1,13.7,289,951.6,100,51,Light Drizzle
Hyderabad,India,2026-08-12,20:00:00,24.5,28.5,89,0.1,0.1,8.6,282,951.6,99,51,Light Drizzle
Hyderabad,India,2026-08-12,21:00:00,24.5,28.5,90,0.0,0.0,9.1,260,952.9,95,3,Overcast
Hyderabad,India,2026-08-12,22:00:00,24.5,28.3,91,0.0,0.0,10.6,260,953.2,97,3,Overcast
Hyderabad,India,2026-08-12,23:00:00,25.1,28.8,87,0.0,0.0,11.8,263,953.0,100,3,Overcast
Hyderabad,India,2026-08-13,00:00:00,24.7,28.1,87,0.0,0.0,11.7,267,952.2,98,3,Overcast
Hyderabad,India,2026-08-13,01:00:00,24.3,27.8,89,0.0,0.0,11.4,265,952.1,100,3,Overcast
Hyderabad,India,2026-08-13,02:00:00,24.0,27.5,91,0.0,0.0,11.1,263,951.4,98,3,Overcast
Hyderabad,India,2026-08-13,03:00:00,23.9,27.3,91,0.0,0.0,10.9,263,951.4,100,3,Overcast
Hyderabad,India,2026-08-13,04:00:00,23.7,26.9,90,0.0,0.0,11.7,267,951.6,77,2,Partly Cloudy
Hyderabad,India,2026-08-13,05:00:00,23.5,26.7,92,0.0,0.0,12.2,271,951.9,80,3,Overcast
Hyderabad,India,2026-08-13,06:00:00,23.5,26.5,91,0.0,0.0,12.5,274,952.4,84,3,Overcast
Hyderabad,India,2026-08-13,07:00:00,24.4,27.2,86,0.0,0.0,14.1,276,952.7,97,3,Overcast
Hyderabad,India,2026-08-13,08:00:00,25.6,28.0,79,0.0,0.0,15.6,281,952.9,92,3,Overcast
Hyderabad,India,2026-08-13,09:00:00,26.9,28.9,71,0.0,0.0,16.3,284,953.3,98,3,Overcast
Hyderabad,India,2026-08-13,10:00:00,27.8,30.3,66,0.2,0.1,15.9,282,953.5,100,51,Light Drizzle
Hyderabad,India,2026-08-13,11:00:00,26.9,29.7,68,0.2,0.2,16.6,274,953.2,100,51,Light Drizzle
Hyderabad,India,2026-08-13,12:00:00,27.2,28.9,66,0.0,0.0,15.9,280,952.8,100,3,Overcast
Hyderabad,India,2026-08-13,13:00:00,27.9,29.6,63,0.0,0.0,14.6,283,951.9,100,3,Overcast
Hyderabad,India,2026-08-13,14:00:00,28.6,30.9,61,0.0,0.0,11.4,296,950.8,100,3,Overcast
Hyderabad,India,2026-08-13,15:00:00,30.0,31.9,56,0.0,0.0,14.3,288,950.4,96,3,Overcast
Hyderabad,India,2026-08-13,16:00:00,30.0,32.0,56,0.0,0.0,12.8,287,949.7,100,3,Overcast
Hyderabad,India,2026-08-13,17:00:00,29.1,31.6,60,0.1,0.1,11.2,274,950.8,100,51,Light Drizzle
Hyderabad,India,2026-08-13,18:00:00,27.8,30.8,68,0.0,0.0,10.2,263,950.8,100,3,Overcast
Hyderabad,India,2026-08-13,19:00:00,26.9,30.1,73,0.0,0.0,9.9,254,951.4,99,3,Overcast
Hyderabad,India,2026-08-13,20:00:00,26.5,29.7,76,0.0,0.0,10.7,276,952.1,100,3,Overcast
Hyderabad,India,2026-08-13,21:00:00,25.8,29.1,80,0.1,0.1,10.7,286,952.5,100,51,Light Drizzle
Hyderabad,India,2026-08-13,22:00:00,25.3,28.7,81,0.0,0.0,9.2,263,952.7,100,3,Overcast
Hyderabad,India,2026-08-13,23:00:00,25.4,27.7,76,0.0,0.0,13.5,278,952.6,82,3,Overcast
Hyderabad,India,2026-08-14,00:00:00,24.9,27.3,79,0.0,0.0,13.4,281,952.5,88,3,Overcast
Hyderabad,India,2026-08-14,01:00:00,24.6,26.9,79,0.0,0.0,13.2,280,952.2,81,3,Overcast
Hyderabad,India,2026-08-14,02:00:00,24.2,26.3,80,0.0,0.0,13.4,281,951.8,98,3,Overcast
Hyderabad,India,2026-08-14,03:00:00,24.0,26.1,81,0.0,0.0,13.5,280,951.2,100,3,Overcast
Hyderabad,India,2026-08-14,04:00:00,23.8,26.0,83,0.0,0.0,13.0,281,951.2,100,3,Overcast
Hyderabad,India,2026-08-14,05:00:00,23.5,25.7,84,0.0,0.0,13.7,275,951.6,91,3,Overcast
Hyderabad,India,2026-08-14,06:00:00,23.4,25.5,85,0.0,0.0,14.3,277,952.0,84,3,Overcast
Hyderabad,India,2026-08-14,07:00:00,24.2,26.6,82,0.0,0.0,13.0,275,952.7,83,3,Overcast
Hyderabad,India,2026-08-14,08:00:00,25.4,27.0,75,0.0,0.0,17.7,279,952.6,98,3,Overcast
Hyderabad,India,2026-08-14,09:00:00,26.9,28.0,67,0.0,0.0,19.2,280,952.7,87,3,Overcast
Hyderabad,India,2026-08-14,10:00:00,28.0,29.8,63,0.0,0.0,18.1,281,952.7,100,3,Overcast
Hyderabad,India,2026-08-14,11:00:00,28.0,29.0,63,0.0,0.0,19.8,282,952.9,100,3,Overcast
Hyderabad,India,2026-08-14,12:00:00,28.2,29.3,61,0.0,0.0,19.6,281,952.5,100,3,Overcast
Hyderabad,India,2026-08-14,13:00:00,29.2,31.0,58,0.0,0.0,18.9,281,951.6,100,3,Overcast
Hyderabad,India,2026-08-14,14:00:00,30.0,31.6,54,0.0,0.0,18.7,281,950.6,100,3,Overcast
Hyderabad,India,2026-08-14,15:00:00,30.1,31.5,54,0.1,0.1,17.7,274,950.2,100,51,Light Drizzle
Hyderabad,India,2026-08-14,16:00:00,29.4,31.0,58,0.1,0.1,15.8,271,949.3,100,51,Light Drizzle
Hyderabad,India,2026-08-14,17:00:00,28.6,31.5,64,0.1,0.1,10.6,271,950.1,100,51,Light Drizzle
Hyderabad,India,2026-08-14,18:00:00,27.4,31.3,73,0.2,0.2,7.9,267,950.5,97,51,Light Drizzle
Hyderabad,India,2026-08-14,19:00:00,23.9,27.3,92,2.2,1.4,12.0,294,951.4,100,80,Light Rain Showers
Hyderabad,India,2026-08-14,20:00:00,24.0,27.5,91,0.6,0.6,11.0,285,951.6,98,53,Moderate Drizzle
Hyderabad,India,2026-08-14,21:00:00,24.1,27.4,90,0.1,0.1,11.6,274,952.3,99,51,Light Drizzle
Hyderabad,India,2026-08-14,22:00:00,23.9,27.4,91,0.0,0.0,11.0,272,952.5,98,3,Overcast
Hyderabad,India,2026-08-14,23:00:00,24.3,27.4,88,0.0,0.0,12.8,274,952.0,97,3,Overcast
Hyderabad,India,2026-08-15,00:00:00,24.4,27.5,87,0.0,0.0,12.5,275,951.2,98,3,Overcast
Hyderabad,India,2026-08-15,01:00:00,24.5,27.4,85,0.0,0.0,13.0,273,951.3,99,3,Overcast
Hyderabad,India,2026-08-15,02:00:00,24.3,26.9,84,0.0,0.0,14.0,271,951.1,100,3,Overcast
Hyderabad,India,2026-08-15,03:00:00,24.1,26.5,84,0.0,0.0,14.7,276,950.9,98,3,Overcast
Hyderabad,India,2026-08-15,04:00:00,23.9,26.1,84,0.0,0.0,14.4,280,951.0,89,3,Overcast
Hyderabad,India,2026-08-15,05:00:00,24.0,26.1,82,0.0,0.0,15.0,274,951.6,98,3,Overcast
Hyderabad,India,2026-08-15,06:00:00,23.8,25.8,83,0.0,0.0,14.8,275,951.9,100,3,Overcast
Hyderabad,India,2026-08-15,07:00:00,24.2,26.4,81,0.0,0.0,14.4,274,952.5,100,3,Overcast
Hyderabad,India,2026-08-15,08:00:00,25.4,27.2,76,0.0,0.0,16.2,274,952.6,100,3,Overcast
Hyderabad,India,2026-08-15,09:00:00,26.7,28.1,69,0.0,0.0,18.7,281,953.3,95,3,Overcast
Hyderabad,India,2026-08-15,10:00:00,27.9,29.6,64,0.2,0.2,19.3,282,953.0,92,51,Light Drizzle
Hyderabad,India,2026-08-15,11:00:00,28.3,30.2,60,0.1,0.1,19.4,277,953.2,96,51,Light Drizzle
Hyderabad,India,2026-08-15,12:00:00,29.3,31.6,56,0.0,0.0,19.2,278,952.4,96,3,Overcast
Hyderabad,India,2026-08-15,13:00:00,30.0,32.1,53,0.1,0.1,19.4,280,951.6,100,51,Light Drizzle
Hyderabad,India,2026-08-15,14:00:00,30.3,32.1,52,0.1,0.1,18.3,283,950.3,94,51,Light Drizzle
Hyderabad,India,2026-08-15,15:00:00,30.2,31.4,53,0.2,0.2,18.2,282,949.9,65,51,Light Drizzle
Hyderabad,India,2026-08-15,16:00:00,30.1,31.2,53,0.2,0.2,16.9,277,949.2,61,51,Light Drizzle
Hyderabad,India,2026-08-15,17:00:00,29.3,30.9,57,0.0,0.0,15.1,278,950.0,81,3,Overcast
Hyderabad,India,2026-08-15,18:00:00,28.1,30.5,64,0.1,0.1,11.9,280,950.6,76,51,Light Drizzle
Hyderabad,India,2026-08-15,19:00:00,26.9,30.4,73,0.0,0.0,8.5,295,951.3,83,3,Overcast
Hyderabad,India,2026-08-15,20:00:00,26.2,29.9,78,0.0,0.0,7.9,271,952.0,91,3,Overcast
Hyderabad,India,2026-08-15,21:00:00,25.6,28.7,77,0.0,0.0,9.8,252,952.4,91,3,Overcast
Hyderabad,India,2026-08-15,22:00:00,25.1,27.9,78,0.0,0.0,10.0,261,952.6,96,3,Overcast
Hyderabad,India,2026-08-15,23:00:00,25.6,27.9,77,0.0,0.0,14.8,260,952.0,97,3,Overcast
Hyderabad,India,2026-08-16,00:00:00,25.3,27.4,78,0.0,0.0,15.7,267,951.9,99,3,Overcast
Hyderabad,India,2026-08-16,01:00:00,24.8,26.8,79,0.0,0.0,15.8,263,951.3,76,2,Partly Cloudy
Hyderabad,India,2026-08-16,02:00:00,24.4,26.4,81,0.0,0.0,15.5,267,950.9,88,3,Overcast
Hyderabad,India,2026-08-16,03:00:00,24.1,26.2,82,0.0,0.0,14.2,271,950.9,94,3,Overcast
Hyderabad,India,2026-08-16,04:00:00,23.9,26.1,83,0.0,0.0,13.5,274,951.0,94,3,Overcast
Hyderabad,India,2026-08-16,05:00:00,23.9,26.3,85,0.0,0.0,13.9,273,950.9,99,3,Overcast
Hyderabad,India,2026-08-16,06:00:00,23.8,26.3,85,0.0,0.0,13.5,270,951.5,100,3,Overcast
Hyderabad,India,2026-08-16,07:00:00,24.2,26.9,84,0.0,0.0,12.6,267,952.3,100,3,Overcast
Hyderabad,India,2026-08-16,08:00:00,24.6,27.2,82,0.0,0.0,13.3,271,952.5,100,3,Overcast
Hyderabad,India,2026-08-16,09:00:00,26.0,28.0,74,0.0,0.0,15.9,280,952.7,100,3,Overcast
Hyderabad,India,2026-08-16,10:00:00,26.4,28.2,71,0.2,0.0,16.1,284,952.5,100,51,Light Drizzle
Hyderabad,India,2026-08-16,11:00:00,28.3,30.1,62,0.0,0.0,15.3,279,952.7,100,3,Overcast
Hyderabad,India,2026-08-16,12:00:00,28.4,30.1,61,0.0,0.0,14.7,284,952.1,100,3,Overcast
Hyderabad,India,2026-08-16,13:00:00,28.5,30.1,60,0.0,0.0,15.2,289,951.6,100,3,Overcast
Hyderabad,India,2026-08-16,14:00:00,27.7,29.4,64,0.2,0.0,15.4,284,950.8,95,51,Light Drizzle
Hyderabad,India,2026-08-16,15:00:00,27.3,30.4,71,0.3,0.1,11.3,287,950.2,59,51,Light Drizzle
Hyderabad,India,2026-08-16,16:00:00,28.4,31.1,65,0.2,0.0,11.9,292,950.2,88,51,Light Drizzle
Hyderabad,India,2026-08-16,17:00:00,28.6,31.0,62,0.1,0.1,11.4,281,950.6,99,51,Light Drizzle
Hyderabad,India,2026-08-16,18:00:00,27.9,31.1,66,0.0,0.0,8.0,275,950.9,98,3,Overcast
Hyderabad,India,2026-08-16,19:00:00,27.3,30.6,70,0.0,0.0,8.3,259,951.2,100,3,Overcast
Hyderabad,India,2026-08-16,20:00:00,26.9,30.3,72,0.0,0.0,7.6,248,951.8,100,3,Overcast
Hyderabad,India,2026-08-16,21:00:00,26.4,29.9,74,0.0,0.0,7.2,252,952.4,97,3,Overcast
Hyderabad,India,2026-08-16,22:00:00,26.0,29.3,74,0.0,0.0,7.6,262,952.9,91,3,Overcast
Hyderabad,India,2026-08-16,23:00:00,26.3,29.6,75,0.0,0.0,9.5,245,952.6,99,3,Overcast
Hyderabad,India,2026-08-17,00:00:00,25.8,28.6,77,0.0,0.0,11.8,250,952.3,100,3,Overcast
Hyderabad,India,2026-08-17,01:00:00,25.4,27.6,77,0.0,0.0,14.9,255,952.0,100,3,Overcast
Hyderabad,India,2026-08-17,02:00:00,24.8,27.0,78,0.0,0.0,14.1,259,951.9,100,3,Overcast
Hyderabad,India,2026-08-17,03:00:00,24.6,27.0,80,0.0,0.0,13.5,260,951.8,95,3,Overcast
Hyderabad,India,2026-08-17,04:00:00,24.3,26.7,82,0.0,0.0,13.3,262,952.0,87,3,Overcast
Hyderabad,India,2026-08-17,05:00:00,24.2,26.4,82,0.0,0.0,14.4,261,952.1,88,3,Overcast
Hyderabad,India,2026-08-17,06:00:00,23.7,25.9,84,0.0,0.0,14.5,264,952.6,74,2,Partly Cloudy
Hyderabad,India,2026-08-17,07:00:00,24.6,26.8,80,0.0,0.0,14.4,270,953.2,84,3,Overcast
Hyderabad,India,2026-08-17,08:00:00,26.2,27.7,72,0.0,0.0,17.9,276,953.5,99,3,Overcast
Hyderabad,India,2026-08-17,09:00:00,27.8,29.2,64,0.0,0.0,18.0,274,954.0,98,3,Overcast
Hyderabad,India,2026-08-17,10:00:00,28.6,30.5,61,0.0,0.0,17.5,273,954.3,96,3,Overcast
Hyderabad,India,2026-08-17,11:00:00,29.6,32.1,55,0.0,0.0,18.4,272,954.2,64,2,Partly Cloudy
Hyderabad,India,2026-08-17,12:00:00,30.0,32.2,53,0.1,0.1,19.4,270,953.7,95,51,Light Drizzle
Hyderabad,India,2026-08-17,13:00:00,29.8,31.4,55,0.1,0.1,19.1,267,953.0,89,51,Light Drizzle
Hyderabad,India,2026-08-17,14:00:00,30.1,32.3,56,0.1,0.1,18.0,267,952.0,55,51,Light Drizzle
Hyderabad,India,2026-08-17,15:00:00,30.2,32.2,55,0.0,0.0,16.0,269,951.5,65,2,Partly Cloudy
Hyderabad,India,2026-08-17,16:00:00,30.0,31.6,55,0.2,0.1,15.1,269,951.2,94,51,Light Drizzle
Hyderabad,India,2026-08-17,17:00:00,29.5,30.9,57,0.3,0.3,16.6,275,951.8,92,51,Light Drizzle
Hyderabad,India,2026-08-17,18:00:00,28.5,30.1,60,0.1,0.1,15.4,276,952.5,100,51,Light Drizzle
Hyderabad,India,2026-08-17,19:00:00,27.6,29.9,66,0.0,0.0,12.6,272,953.1,100,3,Overcast
Hyderabad,India,2026-08-17,20:00:00,27.0,29.4,68,0.0,0.0,11.7,267,953.7,100,3,Overcast
Hyderabad,India,2026-08-17,21:00:00,26.6,29.0,70,0.0,0.0,11.9,273,954.2,100,3,Overcast
Hyderabad,India,2026-08-17,22:00:00,26.5,28.8,69,0.0,0.0,12.2,270,954.4,100,3,Overcast
Hyderabad,India,2026-08-17,23:00:00,26.2,27.9,69,0.0,0.0,14.1,268,953.9,100,3,Overcast
Hyderabad,India,2026-08-18,00:00:00,25.6,27.5,71,0.0,0.0,12.8,268,953.6,98,3,Overcast
Hyderabad,India,2026-08-18,01:00:00,25.1,27.2,74,0.0,0.0,12.5,266,953.2,97,3,Overcast
Hyderabad,India,2026-08-18,02:00:00,24.7,27.1,76,0.0,0.0,10.8,267,952.8,100,3,Overcast
Hyderabad,India,2026-08-18,03:00:00,24.6,27.0,77,0.0,0.0,10.6,266,952.9,100,3,Overcast
Hyderabad,India,2026-08-18,04:00:00,24.5,26.7,77,0.0,0.0,12.1,267,952.9,100,3,Overcast
Hyderabad,India,2026-08-18,05:00:00,24.2,26.2,79,0.0,0.0,13.5,268,953.4,98,3,Overcast
Hyderabad,India,2026-08-18,06:00:00,23.9,25.9,81,0.0,0.0,13.7,268,953.5,98,3,Overcast
Hyderabad,India,2026-08-18,07:00:00,24.4,26.1,78,0.0,0.0,15.8,272,954.1,100,3,Overcast
Hyderabad,India,2026-08-18,08:00:00,25.6,26.9,71,0.0,0.0,17.4,276,954.3,100,3,Overcast
Hyderabad,India,2026-08-18,09:00:00,26.9,27.8,64,0.0,0.0,18.7,281,954.8,99,3,Overcast
Hyderabad,India,2026-08-18,10:00:00,28.3,29.3,58,0.0,0.0,17.1,282,955.1,100,3,Overcast
Hyderabad,India,2026-08-18,11:00:00,29.3,30.4,53,0.0,0.0,16.1,281,954.9,93,3,Overcast
Hyderabad,India,2026-08-18,12:00:00,30.7,33.0,47,0.1,0.1,16.6,287,954.3,89,51,Light Drizzle
Hyderabad,India,2026-08-18,13:00:00,31.2,33.1,46,0.4,0.3,15.9,286,953.1,96,51,Light Drizzle
Hyderabad,India,2026-08-18,14:00:00,31.0,32.1,47,0.4,0.4,16.3,276,952.1,93,51,Light Drizzle
Hyderabad,India,2026-08-18,15:00:00,30.4,31.5,51,0.3,0.2,15.5,280,951.4,85,51,Light Drizzle
Hyderabad,India,2026-08-18,16:00:00,28.3,30.6,66,0.4,0.2,14.8,284,951.3,98,51,Light Drizzle
Hyderabad,India,2026-08-18,17:00:00,27.7,30.6,69,0.0,0.0,10.9,278,951.5,100,3,Overcast
Hyderabad,India,2026-08-18,18:00:00,26.9,30.4,74,0.0,0.0,8.7,266,952.3,100,3,Overcast
Hyderabad,India,2026-08-18,19:00:00,26.2,29.4,78,0.0,0.0,12.1,271,952.8,100,3,Overcast
Hyderabad,India,2026-08-18,20:00:00,25.5,28.9,80,0.0,0.0,8.7,262,953.0,100,3,Overcast
Hyderabad,India,2026-08-18,21:00:00,25.2,28.9,82,0.0,0.0,8.1,258,953.6,100,3,Overcast
Hyderabad,India,2026-08-18,22:00:00,25.2,28.8,83,0.0,0.0,8.8,259,953.6,100,3,Overcast
Hyderabad,India,2026-08-18,23:00:00,25.4,28.2,80,0.0,0.0,13.2,256,953.2,100,3,Overcast
Hyderabad,India,2026-08-19,00:00:00,24.7,27.4,82,0.2,0.2,12.1,255,952.9,100,51,Light Drizzle
Hyderabad,India,2026-08-19,01:00:00,23.9,26.7,85,0.3,0.3,11.9,270,952.5,100,51,Light Drizzle
Hyderabad,India,2026-08-19,02:00:00,24.0,26.7,86,0.1,0.1,13.0,270,952.0,98,51,Light Drizzle
Hyderabad,India,2026-08-19,03:00:00,23.9,26.7,86,0.0,0.0,12.4,271,952.0,100,3,Overcast
Hyderabad,India,2026-08-19,04:00:00,23.9,26.6,86,0.0,0.0,12.9,277,951.9,99,3,Overcast
Hyderabad,India,2026-08-19,05:00:00,24.3,26.4,81,0.0,0.0,14.5,282,952.1,98,3,Overcast
Hyderabad,India,2026-08-19,06:00:00,24.2,26.4,80,0.0,0.0,13.6,278,952.8,98,3,Overcast
Hyderabad,India,2026-08-19,07:00:00,24.8,26.8,78,0.0,0.0,14.3,281,953.4,100,3,Overcast
Hyderabad,India,2026-08-19,08:00:00,25.5,27.2,74,0.0,0.0,16.6,289,953.6,100,3,Overcast
Hyderabad,India,2026-08-19,09:00:00,26.7,28.3,67,0.0,0.0,15.8,293,954.1,100,3,Overcast
Hyderabad,India,2026-08-19,10:00:00,27.3,28.9,64,0.0,0.0,14.8,294,954.2,100,3,Overcast
Hyderabad,India,2026-08-19,11:00:00,28.2,30.5,59,0.1,0.1,14.9,292,954.0,100,51,Light Drizzle
Hyderabad,India,2026-08-19,12:00:00,28.7,30.4,56,0.1,0.1,14.8,291,953.7,100,51,Light Drizzle
Hyderabad,India,2026-08-19,13:00:00,29.3,31.0,53,0.1,0.1,15.9,290,952.9,100,51,Light Drizzle
Hyderabad,India,2026-08-19,14:00:00,29.2,29.7,51,0.3,0.3,16.6,301,952.0,100,51,Light Drizzle
Hyderabad,India,2026-08-19,15:00:00,26.9,29.1,68,1.1,0.1,13.3,318,951.6,80,55,Heavy Drizzle
Hyderabad,India,2026-08-19,16:00:00,27.4,30.5,68,0.4,0.0,8.6,303,951.4,100,51,Light Drizzle
Hyderabad,India,2026-08-19,17:00:00,27.7,29.3,62,0.0,0.0,14.2,297,951.7,100,3,Overcast
Hyderabad,India,2026-08-19,18:00:00,26.7,29.1,68,0.0,0.0,10.8,296,952.1,100,3,Overcast
Hyderabad,India,2026-08-19,19:00:00,25.8,28.5,73,0.0,0.0,10.2,284,952.7,100,3,Overcast
Hyderabad,India,2026-08-19,20:00:00,25.1,28.2,79,0.2,0.0,9.0,270,953.1,77,51,Light Drizzle
Hyderabad,India,2026-08-19,21:00:00,24.7,28.0,83,0.1,0.0,8.9,262,953.5,100,51,Light Drizzle
Hyderabad,India,2026-08-19,22:00:00,24.7,28.2,83,0.0,0.0,8.6,268,953.7,95,3,Overcast
Hyderabad,India,2026-08-19,23:00:00,25.1,29.1,84,0.0,0.0,7.0,260,953.2,98,3,Overcast
Hyderabad,India,2026-08-20,00:00:00,24.4,28.4,88,0.1,0.1,7.2,284,952.7,98,51,Light Drizzle
Hyderabad,India,2026-08-20,01:00:00,24.0,27.4,89,0.3,0.3,10.0,285,952.7,100,51,Light Drizzle
Hyderabad,India,2026-08-20,02:00:00,23.0,26.2,91,0.6,0.6,8.9,249,952.0,99,53,Moderate Drizzle
Hyderabad,India,2026-08-20,03:00:00,23.3,26.5,90,0.1,0.1,9.9,270,951.9,71,51,Light Drizzle
Hyderabad,India,2026-08-20,04:00:00,23.6,26.6,89,0.0,0.0,11.4,282,951.9,23,1,Mainly Clear
Hyderabad,India,2026-08-20,05:00:00,23.4,26.1,89,0.0,0.0,13.8,285,952.1,35,1,Mainly Clear
Hyderabad,India,2026-08-20,06:00:00,23.4,25.7,87,0.0,0.0,14.5,290,952.4,39,1,Mainly Clear
Hyderabad,India,2026-08-20,07:00:00,24.4,26.9,82,0.0,0.0,12.9,290,953.1,35,1,Mainly Clear
Hyderabad,India,2026-08-20,08:00:00,25.5,27.2,75,0.0,0.0,17.6,296,953.6,74,2,Partly Cloudy
Hyderabad,India,2026-08-20,09:00:00,26.9,28.5,68,0.0,0.0,16.9,301,954.1,73,2,Partly Cloudy
Hyderabad,India,2026-08-20,10:00:00,28.1,30.4,61,0.0,0.0,16.6,301,953.9,40,1,Mainly Clear
Hyderabad,India,2026-08-20,11:00:00,28.6,31.5,58,0.0,0.0,15.4,303,953.9,48,1,Mainly Clear
Hyderabad,India,2026-08-20,12:00:00,29.4,32.1,54,0.0,0.0,15.9,297,953.1,41,1,Mainly Clear
Hyderabad,India,2026-08-20,13:00:00,30.0,32.3,50,0.0,0.0,16.4,294,952.3,52,2,Partly Cloudy
Hyderabad,India,2026-08-20,14:00:00,30.0,31.7,50,0.0,0.0,16.1,295,951.4,61,2,Partly Cloudy
Hyderabad,India,2026-08-20,15:00:00,30.0,31.3,51,0.0,0.0,14.7,298,951.0,20,1,Mainly Clear
Hyderabad,India,2026-08-20,16:00:00,30.3,31.2,50,0.0,0.0,15.4,300,950.5,38,1,Mainly Clear
Hyderabad,India,2026-08-20,17:00:00,28.7,30.3,58,0.0,0.0,14.9,285,950.8,28,1,Mainly Clear
Hyderabad,India,2026-08-20,18:00:00,27.4,30.1,67,0.0,0.0,10.2,296,951.2,18,0,Clear Sky
Hyderabad,India,2026-08-20,19:00:00,26.6,29.7,72,0.0,0.0,9.9,302,951.6,43,1,Mainly Clear
Hyderabad,India,2026-08-20,20:00:00,26.2,29.5,74,0.0,0.0,8.0,290,951.9,16,0,Clear Sky
Hyderabad,India,2026-08-20,21:00:00,25.7,29.1,77,0.0,0.0,7.8,274,952.6,18,0,Clear Sky
Hyderabad,India,2026-08-20,22:00:00,25.4,28.8,79,0.0,0.0,7.7,271,952.9,9,0,Clear Sky
Hyderabad,India,2026-08-20,23:00:00,25.6,29.3,79,0.0,0.0,6.8,268,952.8,16,0,Clear Sky
Hyderabad,India,2026-08-21,00:00:00,25.4,28.5,78,0.0,0.0,9.7,272,952.6,36,1,Mainly Clear
Hyderabad,India,2026-08-21,01:00:00,25.4,27.9,75,0.0,0.0,11.2,281,952.0,23,1,Mainly Clear
Hyderabad,India,2026-08-21,02:00:00,25.2,27.5,75,0.0,0.0,11.9,280,951.6,18,0,Clear Sky
Hyderabad,India,2026-08-21,03:00:00,24.9,27.1,76,0.0,0.0,12.5,285,951.3,24,1,Mainly Clear
Hyderabad,India,2026-08-21,04:00:00,24.4,26.5,79,0.0,0.0,13.0,289,951.3,8,0,Clear Sky
Hyderabad,India,2026-08-21,05:00:00,24.2,26.1,80,0.0,0.0,15.1,288,951.8,5,0,Clear Sky
Hyderabad,India,2026-08-21,06:00:00,23.9,25.8,81,0.0,0.0,14.3,289,952.4,2,0,Clear Sky
Hyderabad,India,2026-08-21,07:00:00,24.6,26.4,77,0.0,0.0,14.2,290,952.7,0,0,Clear Sky
Hyderabad,India,2026-08-21,08:00:00,25.7,27.2,70,0.0,0.0,15.6,292,953.1,40,1,Mainly Clear
Hyderabad,India,2026-08-21,09:00:00,27.0,28.8,65,0.0,0.0,15.2,293,953.6,7,0,Clear Sky
Hyderabad,India,2026-08-21,10:00:00,28.5,30.7,58,0.0,0.0,17.4,296,953.3,32,1,Mainly Clear
Hyderabad,India,2026-08-21,11:00:00,29.6,32.0,53,0.0,0.0,16.8,300,953.1,46,1,Mainly Clear
Hyderabad,India,2026-08-21,12:00:00,30.1,31.8,49,0.0,0.0,17.5,297,952.6,61,2,Partly Cloudy
Hyderabad,India,2026-08-21,13:00:00,30.6,31.7,46,0.0,0.0,18.1,298,951.5,64,2,Partly Cloudy
Hyderabad,India,2026-08-21,14:00:00,30.9,31.5,46,0.0,0.0,18.5,297,950.8,52,2,Partly Cloudy
Hyderabad,India,2026-08-21,15:00:00,30.9,31.6,46,0.0,0.0,16.9,298,950.1,100,3,Overcast
Hyderabad,India,2026-08-21,16:00:00,30.6,31.2,48,0.0,0.0,15.9,296,949.7,72,2,Partly Cloudy
Hyderabad,India,2026-08-21,17:00:00,30.6,32.0,48,0.0,0.0,11.6,306,949.9,21,1,Mainly Clear
Hyderabad,India,2026-08-21,18:00:00,29.4,31.9,55,0.0,0.0,7.4,328,950.5,19,0,Clear Sky
Hyderabad,India,2026-08-21,19:00:00,28.3,31.5,62,0.0,0.0,6.1,341,951.2,96,3,Overcast
Hyderabad,India,2026-08-21,20:00:00,27.9,31.4,65,0.0,0.0,4.9,231,951.9,92,3,Overcast
Hyderabad,India,2026-08-21,21:00:00,27.1,30.6,71,0.1,0.1,6.5,270,952.4,98,51,Light Drizzle
Hyderabad,India,2026-08-21,22:00:00,26.4,30.0,74,0.1,0.1,6.7,273,952.6,95,51,Light Drizzle
Hyderabad,India,2026-08-21,23:00:00,26.0,29.5,77,0.0,0.0,8.1,291,952.2,94,3,Overcast
Hyderabad,India,2026-08-22,00:00:00,25.7,28.5,76,0.0,0.0,11.0,268,951.7,86,3,Overcast
Hyderabad,India,2026-08-22,01:00:00,25.4,27.2,73,0.0,0.0,14.3,275,951.3,58,2,Partly Cloudy
Hyderabad,India,2026-08-22,02:00:00,25.1,26.6,73,0.0,0.0,15.9,274,951.1,63,2,Partly Cloudy
Hyderabad,India,2026-08-22,03:00:00,24.8,26.4,74,0.0,0.0,15.1,279,951.0,50,2,Partly Cloudy
Hyderabad,India,2026-08-22,04:00:00,24.4,26.2,76,0.0,0.0,13.7,280,951.3,59,2,Partly Cloudy
Hyderabad,India,2026-08-22,05:00:00,24.5,26.2,77,0.0,0.0,14.7,278,951.5,66,2,Partly Cloudy
Hyderabad,India,2026-08-22,06:00:00,24.2,26.1,78,0.0,0.0,13.9,276,951.8,45,1,Mainly Clear
Hyderabad,India,2026-08-22,07:00:00,25.1,26.8,75,0.0,0.0,15.6,277,952.4,52,2,Partly Cloudy
Hyderabad,India,2026-08-22,08:00:00,26.4,27.6,69,0.0,0.0,18.5,283,952.8,92,3,Overcast
Hyderabad,India,2026-08-22,09:00:00,27.7,29.1,63,0.0,0.0,17.3,283,952.9,98,3,Overcast
Hyderabad,India,2026-08-22,10:00:00,29.0,31.2,58,0.0,0.0,17.1,285,953.0,76,2,Partly Cloudy
Hyderabad,India,2026-08-22,11:00:00,30.2,32.7,51,0.0,0.0,17.6,288,952.7,96,3,Overcast
Hyderabad,India,2026-08-22,12:00:00,31.0,33.4,47,0.0,0.0,17.7,294,952.0,98,3,Overcast
Hyderabad,India,2026-08-22,13:00:00,31.2,33.0,46,0.0,0.0,17.4,296,951.3,99,3,Overcast
Hyderabad,India,2026-08-22,14:00:00,31.4,32.9,46,0.0,0.0,15.6,296,950.3,97,3,Overcast
Hyderabad,India,2026-08-22,15:00:00,31.5,33.0,46,0.0,0.0,14.8,297,949.7,98,3,Overcast
Hyderabad,India,2026-08-22,16:00:00,31.0,32.0,47,0.0,0.0,14.4,301,949.1,62,2,Partly Cloudy
Hyderabad,India,2026-08-22,17:00:00,30.4,32.1,50,0.0,0.0,11.2,302,949.4,60,2,Partly Cloudy
Hyderabad,India,2026-08-22,18:00:00,29.9,31.8,52,0.0,0.0,9.0,300,950.3,88,3,Overcast
Hyderabad,India,2026-08-22,19:00:00,28.9,31.2,57,0.2,0.2,9.1,292,951.0,91,51,Light Drizzle
Hyderabad,India,2026-08-22,20:00:00,27.7,30.7,66,0.2,0.2,8.5,282,951.6,98,51,Light Drizzle
Hyderabad,India,2026-08-22,21:00:00,26.9,30.0,70,0.0,0.0,8.7,276,952.3,96,3,Overcast
Hyderabad,India,2026-08-22,22:00:00,26.2,29.2,73,0.0,0.0,9.5,270,952.5,93,3,Overcast
Hyderabad,India,2026-08-22,23:00:00,25.6,28.4,77,0.0,0.0,11.0,272,952.3,77,2,Partly Cloudy
Hyderabad,India,2026-08-23,00:00:00,25.1,28.3,82,0.1,0.1,10.3,273,951.7,81,51,Light Drizzle
Hyderabad,India,2026-08-23,01:00:00,24.9,27.9,82,0.0,0.0,11.2,276,951.2,76,2,Partly Cloudy
Hyderabad,India,2026-08-23,02:00:00,24.3,27.4,83,0.0,0.0,10.2,277,950.6,60,2,Partly Cloudy
Hyderabad,India,2026-08-23,03:00:00,23.9,27.1,85,0.0,0.0,9.3,278,949.9,72,2,Partly Cloudy
Hyderabad,India,2026-08-23,04:00:00,23.9,26.9,85,0.0,0.0,9.7,274,950.0,100,3,Overcast
Hyderabad,India,2026-08-23,05:00:00,24.0,27.1,88,0.0,0.0,11.3,280,950.7,99,3,Overcast
Hyderabad,India,2026-08-23,06:00:00,23.9,27.0,88,0.1,0.1,11.9,275,951.1,92,51,Light Drizzle
Hyderabad,India,2026-08-23,07:00:00,24.8,27.3,83,0.0,0.0,14.7,277,951.7,99,3,Overcast
Hyderabad,India,2026-08-23,08:00:00,25.9,27.9,76,0.0,0.0,17.3,281,952.0,99,3,Overcast
Hyderabad,India,2026-08-23,09:00:00,27.0,28.9,70,0.1,0.1,16.8,287,952.7,100,51,Light Drizzle
Hyderabad,India,2026-08-23,10:00:00,27.8,29.5,65,0.2,0.2,16.2,291,952.9,100,51,Light Drizzle
Hyderabad,India,2026-08-23,11:00:00,28.2,30.8,62,0.2,0.2,16.1,286,952.5,100,51,Light Drizzle
Hyderabad,India,2026-08-23,12:00:00,27.6,29.4,65,0.3,0.3,14.8,288,951.8,100,51,Light Drizzle
Hyderabad,India,2026-08-23,13:00:00,27.0,29.3,69,0.9,0.8,13.5,289,951.2,100,53,Moderate Drizzle
Hyderabad,India,2026-08-23,14:00:00,26.4,29.8,77,0.9,0.5,9.7,274,950.5,100,53,Moderate Drizzle
Hyderabad,India,2026-08-23,15:00:00,26.3,30.2,78,0.4,0.3,7.6,277,950.1,100,51,Light Drizzle
Hyderabad,India,2026-08-23,16:00:00,26.2,30.5,80,0.5,0.3,6.0,287,949.9,100,53,Moderate Drizzle
Hyderabad,India,2026-08-23,17:00:00,25.2,28.9,84,0.8,0.7,9.3,299,950.3,100,53,Moderate Drizzle
Hyderabad,India,2026-08-23,18:00:00,25.0,29.1,87,0.3,0.3,7.6,308,950.9,100,51,Light Drizzle
Hyderabad,India,2026-08-23,19:00:00,24.7,28.8,90,1.1,0.2,8.7,300,951.4,100,55,Heavy Drizzle
Hyderabad,India,2026-08-23,20:00:00,24.3,28.6,93,0.9,0.9,8.0,284,951.8,100,53,Moderate Drizzle
Hyderabad,India,2026-08-23,21:00:00,24.1,28.4,94,1.7,0.8,8.5,268,952.6,100,80,Light Rain Showers
Hyderabad,India,2026-08-23,22:00:00,24.0,28.5,95,1.4,1.4,7.4,264,952.6,100,80,Light Rain Showers
Hyderabad,India,2026-08-23,23:00:00,24.0,28.4,94,1.1,1.1,7.1,254,952.1,100,55,Heavy Drizzle
Hyderabad,India,2026-08-24,00:00:00,23.7,27.5,95,0.4,0.4,10.4,253,951.4,100,51,Light Drizzle
Hyderabad,India,2026-08-24,01:00:00,23.5,27.0,94,0.1,0.1,11.6,257,951.0,100,51,Light Drizzle
Hyderabad,India,2026-08-24,02:00:00,23.4,26.7,93,0.0,0.0,11.5,269,950.6,100,3,Overcast
Hyderabad,India,2026-08-24,03:00:00,23.2,26.2,92,0.1,0.1,13.0,270,950.4,100,51,Light Drizzle
Hyderabad,India,2026-08-24,04:00:00,23.3,26.3,93,0.1,0.1,12.8,272,950.4,100,51,Light Drizzle
Hyderabad,India,2026-08-24,05:00:00,23.3,25.9,92,0.4,0.2,15.4,284,950.5,100,51,Light Drizzle
Hyderabad,India,2026-08-24,06:00:00,23.2,25.9,92,0.3,0.3,14.7,288,950.9,100,51,Light Drizzle
Hyderabad,India,2026-08-24,07:00:00,23.7,26.7,91,0.2,0.2,13.3,286,951.7,100,51,Light Drizzle
Hyderabad,India,2026-08-24,08:00:00,24.0,26.9,89,0.2,0.2,13.3,286,952.0,100,51,Light Drizzle
Hyderabad,India,2026-08-24,09:00:00,24.8,27.1,83,0.2,0.2,16.5,292,952.6,100,51,Light Drizzle
Hyderabad,India,2026-08-24,10:00:00,25.2,27.5,80,0.1,0.1,16.4,296,952.6,100,51,Light Drizzle
Hyderabad,India,2026-08-24,11:00:00,24.3,27.0,86,0.1,0.1,14.3,290,952.6,100,51,Light Drizzle
Hyderabad,India,2026-08-24,12:00:00,24.9,27.8,83,0.5,0.2,12.6,290,952.3,100,53,Moderate Drizzle
Hyderabad,India,2026-08-24,13:00:00,25.7,28.9,79,0.2,0.2,11.1,295,951.7,100,51,Light Drizzle
Hyderabad,India,2026-08-24,14:00:00,26.7,29.7,74,0.0,0.0,11.1,293,950.4,100,3,Overcast
Hyderabad,India,2026-08-24,15:00:00,27.4,30.4,71,0.0,0.0,11.1,286,950.1,98,3,Overcast
Hyderabad,India,2026-08-24,16:00:00,27.3,30.3,70,0.0,0.0,11.1,277,949.7,100,3,Overcast
Hyderabad,India,2026-08-24,17:00:00,26.4,30.0,77,0.0,0.0,8.3,281,949.6,100,3,Overcast
Hyderabad,India,2026-08-24,18:00:00,25.9,29.9,80,0.0,0.0,6.5,273,950.5,99,3,Overcast
Hyderabad,India,2026-08-24,19:00:00,25.4,29.4,83,0.0,0.0,6.9,255,951.1,100,3,Overcast
Hyderabad,India,2026-08-24,20:00:00,25.2,29.3,84,0.0,0.0,6.9,242,951.7,100,3,Overcast
Hyderabad,India,2026-08-24,21:00:00,25.2,28.9,83,0.0,0.0,8.4,239,952.5,100,3,Overcast
Hyderabad,India,2026-08-24,22:00:00,24.9,28.5,84,0.0,0.0,8.5,245,952.4,100,3,Overcast
Hyderabad,India,2026-08-24,23:00:00,25.4,28.6,81,0.0,0.0,10.6,247,952.0,99,3,Overcast
Hyderabad,India,2026-08-25,00:00:00,25.0,27.9,81,0.2,0.2,11.7,259,951.5,100,51,Light Drizzle
Hyderabad,India,2026-08-25,01:00:00,24.3,27.6,85,0.4,0.3,9.4,270,951.6,100,51,Light Drizzle
Hyderabad,India,2026-08-25,02:00:00,23.3,26.4,90,0.4,0.4,11.1,293,950.6,100,51,Light Drizzle
Hyderabad,India,2026-08-25,03:00:00,23.5,26.5,89,0.0,0.0,12.0,278,950.4,100,3,Overcast
Hyderabad,India,2026-08-25,04:00:00,23.9,26.7,87,0.0,0.0,12.8,281,950.4,100,3,Overcast
Hyderabad,India,2026-08-25,05:00:00,23.9,26.1,84,0.0,0.0,14.2,282,950.7,99,3,Overcast
Hyderabad,India,2026-08-25,06:00:00,23.7,26.3,85,0.0,0.0,12.2,287,951.2,100,3,Overcast
Hyderabad,India,2026-08-25,07:00:00,24.5,27.3,83,0.0,0.0,12.0,286,952.4,99,3,Overcast
Hyderabad,India,2026-08-25,08:00:00,25.4,27.6,78,0.1,0.1,15.7,287,952.4,99,51,Light Drizzle
Hyderabad,India,2026-08-25,09:00:00,26.5,28.7,73,0.0,0.0,15.5,290,953.0,99,3,Overcast
Hyderabad,India,2026-08-25,10:00:00,27.4,30.3,69,0.0,0.0,14.1,293,953.2,86,3,Overcast
Hyderabad,India,2026-08-25,11:00:00,27.8,31.9,68,0.6,0.4,13.5,291,953.6,100,53,Moderate Drizzle
Hyderabad,India,2026-08-25,12:00:00,27.2,30.0,70,0.4,0.2,11.7,280,952.7,88,51,Light Drizzle
Hyderabad,India,2026-08-25,13:00:00,27.8,30.8,67,0.3,0.2,13.3,288,951.7,66,51,Light Drizzle
Hyderabad,India,2026-08-25,14:00:00,28.6,31.9,64,0.4,0.2,13.5,280,950.8,48,51,Light Drizzle
Hyderabad,India,2026-08-25,15:00:00,29.0,31.4,60,0.1,0.1,15.0,280,950.1,30,51,Light Drizzle
Hyderabad,India,2026-08-25,16:00:00,28.9,30.7,60,0.1,0.1,14.9,282,950.0,26,51,Light Drizzle
Hyderabad,India,2026-08-25,17:00:00,28.0,30.9,68,0.2,0.2,11.9,272,950.2,34,51,Light Drizzle
Hyderabad,India,2026-08-25,18:00:00,27.0,29.8,72,0.0,0.0,12.1,265,950.8,39,1,Mainly Clear
Hyderabad,India,2026-08-25,19:00:00,26.3,29.2,74,0.0,0.0,11.7,267,951.6,41,1,Mainly Clear
Hyderabad,India,2026-08-25,20:00:00,25.8,28.9,77,0.0,0.0,10.1,264,952.1,21,1,Mainly Clear
Hyderabad,India,2026-08-25,21:00:00,25.3,28.6,80,0.0,0.0,9.2,271,952.8,25,1,Mainly Clear
Hyderabad,India,2026-08-25,22:00:00,25.1,28.2,80,0.0,0.0,9.5,270,953.1,45,1,Mainly Clear
Hyderabad,India,2026-08-25,23:00:00,25.4,27.9,76,0.0,0.0,12.1,269,952.7,10,0,Clear Sky
Hyderabad,India,2026-08-26,00:00:00,25.3,27.6,76,0.0,0.0,12.8,270,952.6,13,0,Clear Sky
Hyderabad,India,2026-08-26,01:00:00,24.9,27.0,77,0.0,0.0,13.9,269,952.1,6,0,Clear Sky
Hyderabad,India,2026-08-26,02:00:00,24.5,26.6,79,0.0,0.0,13.5,269,951.6,6,0,Clear Sky
Hyderabad,India,2026-08-26,03:00:00,24.2,26.3,80,0.0,0.0,13.3,270,951.4,18,0,Clear Sky
Hyderabad,India,2026-08-26,04:00:00,23.7,25.9,82,0.0,0.0,13.2,272,951.7,21,1,Mainly Clear
Hyderabad,India,2026-08-26,05:00:00,23.5,25.8,86,0.0,0.0,13.9,276,952.1,100,3,Overcast
Hyderabad,India,2026-08-26,06:00:00,23.7,25.8,84,0.0,0.0,15.4,280,952.3,88,3,Overcast
Hyderabad,India,2026-08-26,07:00:00,24.2,26.5,82,0.0,0.0,14.1,284,952.6,18,0,Clear Sky
Hyderabad,India,2026-08-26,08:00:00,25.6,27.2,76,0.0,0.0,18.4,287,953.2,39,1,Mainly Clear
Hyderabad,India,2026-08-26,09:00:00,26.9,28.3,68,0.0,0.0,19.1,293,953.7,42,1,Mainly Clear
Hyderabad,India,2026-08-26,10:00:00,27.8,29.9,64,0.0,0.0,17.7,293,953.6,42,1,Mainly Clear
Hyderabad,India,2026-08-26,11:00:00,28.4,31.0,60,0.1,0.1,16.7,290,953.7,29,51,Light Drizzle
Hyderabad,India,2026-08-26,12:00:00,29.1,32.1,57,0.1,0.1,16.4,287,953.0,35,51,Light Drizzle
Hyderabad,India,2026-08-26,13:00:00,29.7,32.5,54,0.1,0.1,16.6,285,951.8,24,51,Light Drizzle
Hyderabad,India,2026-08-26,14:00:00,30.0,32.4,53,0.2,0.2,17.2,285,950.8,35,51,Light Drizzle
Hyderabad,India,2026-08-26,15:00:00,30.1,31.7,52,0.1,0.1,16.5,284,950.2,43,51,Light Drizzle
Hyderabad,India,2026-08-26,16:00:00,29.8,30.7,53,0.0,0.0,17.2,275,949.6,53,2,Partly Cloudy
Hyderabad,India,2026-08-26,17:00:00,28.3,30.5,62,0.1,0.1,11.8,283,950.3,20,51,Light Drizzle
Hyderabad,India,2026-08-26,18:00:00,27.1,30.0,70,0.0,0.0,9.8,298,950.9,31,1,Mainly Clear
Hyderabad,India,2026-08-26,19:00:00,26.2,29.8,75,0.0,0.0,6.6,307,951.8,45,1,Mainly Clear
Hyderabad,India,2026-08-26,20:00:00,25.7,29.4,78,0.0,0.0,6.5,298,952.4,100,3,Overcast
Hyderabad,India,2026-08-26,21:00:00,25.7,29.2,78,0.0,0.0,7.7,306,953.2,100,3,Overcast
Hyderabad,India,2026-08-26,22:00:00,25.8,28.9,76,0.0,0.0,9.2,296,953.6,100,3,Overcast
Hyderabad,India,2026-08-26,23:00:00,26.1,28.7,73,0.0,0.0,11.6,276,953.0,73,2,Partly Cloudy
Hyderabad,India,2026-08-27,00:00:00,25.9,28.3,73,0.0,0.0,12.2,268,952.4,70,2,Partly Cloudy
Hyderabad,India,2026-08-27,01:00:00,25.6,27.8,75,0.0,0.0,13.9,272,952.3,100,3,Overcast
Hyderabad,India,2026-08-27,02:00:00,25.4,27.2,75,0.0,0.0,15.3,279,951.9,72,2,Partly Cloudy
Hyderabad,India,2026-08-27,03:00:00,24.8,26.8,78,0.0,0.0,14.5,278,951.2,95,3,Overcast
Hyderabad,India,2026-08-27,04:00:00,24.6,26.6,78,0.0,0.0,14.2,279,951.5,100,3,Overcast
Hyderabad,India,2026-08-27,05:00:00,24.2,25.8,78,0.0,0.0,16.1,284,952.0,67,2,Partly Cloudy
Hyderabad,India,2026-08-27,06:00:00,23.9,25.4,79,0.0,0.0,15.9,282,952.1,99,3,Overcast
Hyderabad,India,2026-08-27,07:00:00,24.4,26.4,78,0.0,0.0,14.0,282,952.8,90,3,Overcast
Hyderabad,India,2026-08-27,08:00:00,25.5,26.8,73,0.0,0.0,19.0,288,953.3,78,2,Partly Cloudy
Hyderabad,India,2026-08-27,09:00:00,27.0,27.9,66,0.0,0.0,20.1,288,953.6,95,3,Overcast
Hyderabad,India,2026-08-27,10:00:00,27.4,28.4,64,0.0,0.0,19.5,289,953.6,99,3,Overcast
Hyderabad,India,2026-08-27,11:00:00,27.9,28.6,61,0.0,0.0,20.1,288,953.5,95,3,Overcast
Hyderabad,India,2026-08-27,12:00:00,28.7,29.7,58,0.0,0.0,19.8,289,952.9,99,3,Overcast
Hyderabad,India,2026-08-27,13:00:00,28.8,29.9,58,0.0,0.0,18.0,291,952.2,98,3,Overcast
Hyderabad,India,2026-08-27,14:00:00,29.1,30.2,56,0.0,0.0,16.6,287,951.2,86,3,Overcast
Hyderabad,India,2026-08-27,15:00:00,29.3,30.6,56,0.0,0.0,16.1,281,950.7,71,2,Partly Cloudy
Hyderabad,India,2026-08-27,16:00:00,29.3,30.7,57,0.0,0.0,16.0,279,949.7,63,2,Partly Cloudy
Hyderabad,India,2026-08-27,17:00:00,29.3,31.5,57,0.0,0.0,11.1,287,950.3,38,1,Mainly Clear
Hyderabad,India,2026-08-27,18:00:00,28.0,30.9,64,0.0,0.0,8.1,291,951.2,32,1,Mainly Clear
Hyderabad,India,2026-08-27,19:00:00,27.1,30.6,71,0.0,0.0,6.5,293,951.9,50,2,Partly Cloudy
Hyderabad,India,2026-08-27,20:00:00,26.4,30.0,74,0.0,0.0,6.6,279,952.4,34,1,Mainly Clear
Hyderabad,India,2026-08-27,21:00:00,25.8,29.6,77,0.0,0.0,6.3,265,953.1,30,1,Mainly Clear
Hyderabad,India,2026-08-27,22:00:00,25.5,29.0,79,0.0,0.0,7.6,252,953.2,98,3,Overcast
Hyderabad,India,2026-08-27,23:00:00,25.6,28.9,78,0.0,0.0,8.6,248,952.9,98,3,Overcast
Hyderabad,India,2026-08-28,00:00:00,25.3,28.2,78,0.1,0.1,9.8,262,952.3,94,51,Light Drizzle
Hyderabad,India,2026-08-28,01:00:00,25.1,27.3,76,0.0,0.0,13.2,263,952.0,61,2,Partly Cloudy
Hyderabad,India,2026-08-28,02:00:00,24.5,26.6,78,0.0,0.0,13.3,268,951.4,88,3,Overcast
Hyderabad,India,2026-08-28,03:00:00,24.3,26.3,79,0.0,0.0,13.5,269,951.1,92,3,Overcast
Hyderabad,India,2026-08-28,04:00:00,23.8,25.9,81,0.0,0.0,13.2,274,951.0,92,3,Overcast
Hyderabad,India,2026-08-28,05:00:00,23.7,25.6,80,0.0,0.0,13.4,276,951.9,3,0,Clear Sky
Hyderabad,India,2026-08-28,06:00:00,23.5,25.3,81,0.0,0.0,13.7,280,952.4,7,0,Clear Sky
Hyderabad,India,2026-08-28,07:00:00,24.2,26.1,78,0.0,0.0,14.3,282,953.1,46,1,Mainly Clear
Hyderabad,India,2026-08-28,08:00:00,25.5,26.5,72,0.0,0.0,19.5,290,953.5,92,3,Overcast
Hyderabad,India,2026-08-28,09:00:00,26.7,27.6,65,0.0,0.0,19.0,292,953.4,97,3,Overcast
Hyderabad,India,2026-08-28,10:00:00,27.9,28.8,59,0.0,0.0,18.7,290,953.2,99,3,Overcast
Hyderabad,India,2026-08-28,11:00:00,28.3,29.7,56,0.0,0.0,18.1,290,953.2,97,3,Overcast
Hyderabad,India,2026-08-28,12:00:00,29.0,30.0,54,0.0,0.0,17.2,293,952.7,75,2,Partly Cloudy
Hyderabad,India,2026-08-28,13:00:00,29.8,31.7,51,0.1,0.1,17.4,291,951.7,36,51,Light Drizzle
Hyderabad,India,2026-08-28,14:00:00,30.1,31.9,50,0.1,0.1,17.0,292,950.7,40,51,Light Drizzle
Hyderabad,India,2026-08-28,15:00:00,30.4,31.7,49,0.1,0.1,16.7,294,950.2,45,51,Light Drizzle
Hyderabad,India,2026-08-28,16:00:00,30.1,30.9,50,0.1,0.1,16.0,293,950.1,97,51,Light Drizzle
Hyderabad,India,2026-08-28,17:00:00,29.3,30.8,53,0.0,0.0,12.0,289,950.5,53,2,Partly Cloudy
Hyderabad,India,2026-08-28,18:00:00,28.4,30.6,59,0.0,0.0,10.0,284,951.0,73,2,Partly Cloudy
Hyderabad,India,2026-08-28,19:00:00,27.6,30.3,64,0.0,0.0,8.4,277,951.5,76,2,Partly Cloudy
Hyderabad,India,2026-08-28,20:00:00,26.9,29.7,69,0.0,0.0,8.8,258,952.1,100,3,Overcast
Hyderabad,India,2026-08-28,21:00:00,26.4,28.7,70,0.0,0.0,12.7,259,953.1,96,3,Overcast
Hyderabad,India,2026-08-28,22:00:00,25.9,28.3,73,0.0,0.0,12.1,258,953.3,99,3,Overcast
Hyderabad,India,2026-08-28,23:00:00,25.7,27.4,71,0.0,0.0,15.1,271,952.8,100,3,Overcast
Hyderabad,India,2026-08-29,00:00:00,25.1,27.0,75,0.0,0.0,14.6,271,952.5,95,3,Overcast
Hyderabad,India,2026-08-29,01:00:00,24.7,26.7,77,0.0,0.0,14.1,274,952.0,99,3,Overcast
Hyderabad,India,2026-08-29,02:00:00,24.5,26.3,77,0.0,0.0,14.1,277,951.5,98,3,Overcast
Hyderabad,India,2026-08-29,03:00:00,24.2,25.8,77,0.0,0.0,14.4,280,951.3,100,3,Overcast
Hyderabad,India,2026-08-29,04:00:00,23.8,25.4,78,0.0,0.0,14.9,281,951.3,98,3,Overcast
Hyderabad,India,2026-08-29,05:00:00,24.0,25.5,79,0.0,0.0,16.1,277,951.9,99,3,Overcast
Hyderabad,India,2026-08-29,06:00:00,23.7,25.1,80,0.0,0.0,16.5,278,952.4,99,3,Overcast
Hyderabad,India,2026-08-29,07:00:00,24.2,25.7,78,0.0,0.0,16.5,277,952.7,100,3,Overcast
Hyderabad,India,2026-08-29,08:00:00,25.4,26.3,72,0.0,0.0,19.5,284,953.2,98,3,Overcast
Hyderabad,India,2026-08-29,09:00:00,26.8,27.6,65,0.0,0.0,19.5,284,953.3,98,3,Overcast
Hyderabad,India,2026-08-29,10:00:00,28.3,29.0,57,0.0,0.0,21.5,289,953.4,100,3,Overcast
Hyderabad,India,2026-08-29,11:00:00,28.7,29.0,55,0.0,0.0,21.5,293,953.5,100,3,Overcast
Hyderabad,India,2026-08-29,12:00:00,29.1,30.2,53,0.1,0.1,20.7,293,952.8,98,51,Light Drizzle
Hyderabad,India,2026-08-29,13:00:00,29.5,31.0,52,0.1,0.1,19.4,293,952.0,100,51,Light Drizzle
Hyderabad,India,2026-08-29,14:00:00,29.9,30.8,50,0.1,0.1,19.2,294,951.0,74,51,Light Drizzle
Hyderabad,India,2026-08-29,15:00:00,30.1,30.6,49,0.0,0.0,19.1,292,950.4,71,2,Partly Cloudy
Hyderabad,India,2026-08-29,16:00:00,29.8,30.0,50,0.1,0.1,18.8,292,950.0,85,51,Light Drizzle
Hyderabad,India,2026-08-29,17:00:00,28.5,29.7,58,0.1,0.1,16.0,291,950.8,98,51,Light Drizzle
Hyderabad,India,2026-08-29,18:00:00,26.9,29.1,68,0.0,0.0,13.2,267,951.2,99,3,Overcast
Hyderabad,India,2026-08-29,19:00:00,25.9,28.5,76,0.1,0.1,13.2,263,951.6,99,51,Light Drizzle
Hyderabad,India,2026-08-29,20:00:00,25.6,27.9,76,0.0,0.0,14.1,260,952.2,98,3,Overcast
Hyderabad,India,2026-08-29,21:00:00,24.9,27.2,78,0.0,0.0,13.6,265,952.7,100,3,Overcast
Hyderabad,India,2026-08-29,22:00:00,24.7,26.9,77,0.0,0.0,13.2,272,953.0,100,3,Overcast
Hyderabad,India,2026-08-29,23:00:00,24.4,26.2,80,0.0,0.0,16.4,269,952.5,100,3,Overcast
Hyderabad,India,2026-08-30,00:00:00,24.1,25.9,81,0.0,0.0,15.9,275,952.2,100,3,Overcast
Hyderabad,India,2026-08-30,01:00:00,23.8,25.5,81,0.0,0.0,15.3,274,951.7,100,3,Overcast
Hyderabad,India,2026-08-30,02:00:00,23.6,25.2,81,0.0,0.0,15.8,277,951.2,100,3,Overcast
Hyderabad,India,2026-08-30,03:00:00,23.5,25.0,81,0.0,0.0,16.0,279,951.0,100,3,Overcast
Hyderabad,India,2026-08-30,04:00:00,23.4,24.9,81,0.0,0.0,15.8,281,951.0,100,3,Overcast
Hyderabad,India,2026-08-30,05:00:00,23.8,25.0,78,0.0,0.0,17.4,286,951.6,100,3,Overcast
Hyderabad,India,2026-08-30,06:00:00,23.6,24.7,79,0.0,0.0,18.1,287,951.9,100,3,Overcast
Hyderabad,India,2026-08-30,07:00:00,23.7,24.9,78,0.0,0.0,16.7,287,952.4,100,3,Overcast
Hyderabad,India,2026-08-30,08:00:00,24.2,25.0,75,0.0,0.0,19.1,289,953.0,100,3,Overcast
Hyderabad,India,2026-08-30,09:00:00,25.3,25.8,69,0.0,0.0,20.3,292,953.3,100,3,Overcast
Hyderabad,India,2026-08-30,10:00:00,26.5,26.7,63,0.0,0.0,20.5,294,953.5,100,3,Overcast
Hyderabad,India,2026-08-30,11:00:00,27.3,27.6,59,0.0,0.0,19.6,292,953.8,99,3,Overcast
Hyderabad,India,2026-08-30,12:00:00,27.7,28.5,57,0.0,0.0,19.0,297,953.6,94,3,Overcast
Hyderabad,India,2026-08-30,13:00:00,27.3,27.8,59,0.3,0.0,17.5,290,952.9,96,51,Light Drizzle
Hyderabad,India,2026-08-30,14:00:00,27.9,28.8,56,0.0,0.0,17.2,297,952.2,95,3,Overcast
Hyderabad,India,2026-08-30,15:00:00,27.8,28.4,57,0.0,0.0,16.6,300,951.9,100,3,Overcast
Hyderabad,India,2026-08-30,16:00:00,26.7,28.3,62,0.0,0.0,11.8,295,951.5,100,3,Overcast
Hyderabad,India,2026-08-30,17:00:00,24.8,27.4,79,0.1,0.1,12.1,310,951.7,100,51,Light Drizzle
Hyderabad,India,2026-08-30,18:00:00,24.6,27.5,81,0.3,0.3,10.0,293,952.0,100,51,Light Drizzle
Hyderabad,India,2026-08-30,19:00:00,24.1,27.2,84,0.8,0.8,9.8,284,952.0,100,53,Moderate Drizzle
Hyderabad,India,2026-08-30,20:00:00,23.8,27.1,88,0.8,0.8,9.4,275,952.4,100,53,Moderate Drizzle
Hyderabad,India,2026-08-30,21:00:00,23.9,27.7,88,0.1,0.1,6.9,275,953.1,100,51,Light Drizzle
Hyderabad,India,2026-08-30,22:00:00,24.0,27.6,88,0.0,0.0,8.5,266,952.9,100,3,Overcast
Hyderabad,India,2026-08-30,23:00:00,24.5,28.0,86,0.1,0.0,9.5,249,952.5,100,51,Light Drizzle
Hyderabad,India,2026-08-31,00:00:00,24.2,27.4,86,0.1,0.0,10.5,262,952.3,100,51,Light Drizzle
Hyderabad,India,2026-08-31,01:00:00,24.2,27.2,85,0.0,0.0,10.6,271,952.0,100,3,Overcast
Hyderabad,India,2026-08-31,02:00:00,24.3,26.7,81,0.0,0.0,13.2,280,952.0,100,3,Overcast
Hyderabad,India,2026-08-31,03:00:00,24.2,26.2,79,0.0,0.0,13.1,283,951.9,100,3,Overcast
Hyderabad,India,2026-08-31,04:00:00,23.9,25.7,79,0.0,0.0,13.7,286,952.1,100,3,Overcast
Hyderabad,India,2026-08-31,05:00:00,23.7,25.0,79,0.0,0.0,16.0,289,952.6,100,3,Overcast
Hyderabad,India,2026-08-31,06:00:00,23.3,24.7,80,0.0,0.0,16.2,291,952.8,100,3,Overcast
Hyderabad,India,2026-08-31,07:00:00,23.5,25.1,80,0.0,0.0,15.5,288,953.1,100,3,Overcast
Hyderabad,India,2026-08-31,08:00:00,23.8,25.6,81,0.0,0.0,14.5,287,953.6,100,3,Overcast
Hyderabad,India,2026-08-31,09:00:00,24.3,25.5,78,0.0,0.0,18.8,295,953.8,100,3,Overcast
Hyderabad,India,2026-08-31,10:00:00,25.4,26.4,73,0.0,0.0,19.7,295,953.9,100,3,Overcast
Hyderabad,India,2026-08-31,11:00:00,26.0,27.3,71,0.0,0.0,17.9,295,954.2,100,3,Overcast
Hyderabad,India,2026-08-31,12:00:00,26.1,27.4,68,0.0,0.0,17.1,296,953.5,100,3,Overcast
Hyderabad,India,2026-08-31,13:00:00,26.3,27.4,67,0.0,0.0,17.1,297,952.7,100,3,Overcast
Hyderabad,India,2026-08-31,14:00:00,27.2,28.2,62,0.0,0.0,16.9,299,951.9,100,3,Overcast
Hyderabad,India,2026-08-31,15:00:00,27.3,28.5,61,0.0,0.0,15.1,297,951.3,100,3,Overcast
Hyderabad,India,2026-08-31,16:00:00,27.4,28.9,61,0.0,0.0,13.1,291,950.6,98,3,Overcast
Hyderabad,India,2026-08-31,17:00:00,28.0,30.3,61,0.0,0.0,9.8,301,951.3,100,3,Overcast
Hyderabad,India,2026-08-31,18:00:00,26.7,29.6,68,0.0,0.0,7.6,285,951.6,100,3,Overcast
Hyderabad,India,2026-08-31,19:00:00,26.1,29.4,74,0.0,0.0,6.7,273,952.1,100,3,Overcast
Hyderabad,India,2026-08-31,20:00:00,25.6,29.1,77,0.0,0.0,6.6,254,952.5,100,3,Overcast
Hyderabad,India,2026-08-31,21:00:00,25.3,28.9,80,0.0,0.0,6.4,254,953.1,99,3,Overcast
Hyderabad,India,2026-08-31,22:00:00,24.8,28.3,81,0.0,0.0,7.6,266,953.0,97,3,Overcast
Hyderabad,India,2026-08-31,23:00:00,25.4,28.4,79,0.0,0.0,11.3,248,952.6,100,3,Overcast
Hyderabad,India,2026-09-01,00:00:00,25.1,27.7,80,0.0,0.0,12.8,259,952.1,100,3,Overcast
Hyderabad,India,2026-09-01,01:00:00,25.0,27.9,80,0.0,0.0,11.4,275,951.8,98,3,Overcast
Hyderabad,India,2026-09-01,02:00:00,24.4,27.3,83,0.0,0.0,11.5,279,951.2,99,3,Overcast
Hyderabad,India,2026-09-01,03:00:00,24.3,26.6,81,0.0,0.0,12.9,286,951.1,95,3,Overcast
Hyderabad,India,2026-09-01,04:00:00,23.9,26.1,80,0.0,0.0,11.8,289,951.3,99,3,Overcast
Hyderabad,India,2026-09-01,05:00:00,23.8,26.3,80,0.0,0.0,9.6,296,952.1,99,3,Overcast
Hyderabad,India,2026-09-01,06:00:00,23.5,25.9,82,0.0,0.0,10.3,289,952.6,95,3,Overcast
Hyderabad,India,2026-09-01,07:00:00,24.4,26.8,78,0.0,0.0,11.1,292,953.5,99,3,Overcast
Hyderabad,India,2026-09-01,08:00:00,25.5,27.1,73,0.0,0.0,16.0,303,954.3,99,3,Overcast
Hyderabad,India,2026-09-01,09:00:00,26.2,27.8,70,0.0,0.0,15.3,301,954.5,98,3,Overcast
Hyderabad,India,2026-09-01,10:00:00,27.5,29.5,63,0.0,0.0,15.7,300,954.4,97,3,Overcast
Hyderabad,India,2026-09-01,11:00:00,28.5,31.4,58,0.0,0.0,13.4,310,954.4,100,3,Overcast
Hyderabad,India,2026-09-01,12:00:00,29.2,32.2,54,0.0,0.0,13.1,306,953.8,84,3,Overcast
Hyderabad,India,2026-09-01,13:00:00,29.8,32.9,51,0.1,0.1,14.1,305,953.0,99,51,Light Drizzle
Hyderabad,India,2026-09-01,14:00:00,29.8,31.9,51,0.1,0.1,13.6,302,952.3,98,51,Light Drizzle
Hyderabad,India,2026-09-01,15:00:00,29.8,31.8,51,0.1,0.1,12.7,299,951.7,95,51,Light Drizzle
Hyderabad,India,2026-09-01,16:00:00,29.6,31.2,53,0.0,0.0,11.4,298,951.5,91,3,Overcast
Hyderabad,India,2026-09-01,17:00:00,29.2,31.1,54,0.0,0.0,9.1,309,952.1,90,3,Overcast
Hyderabad,India,2026-09-01,18:00:00,28.5,30.7,56,0.0,0.0,7.5,312,952.7,96,3,Overcast
Hyderabad,India,2026-09-01,19:00:00,27.9,30.6,61,0.0,0.0,6.1,317,953.3,99,3,Overcast
Hyderabad,India,2026-09-01,20:00:00,27.4,30.2,63,0.0,0.0,6.1,293,953.9,99,3,Overcast
Hyderabad,India,2026-09-01,21:00:00,26.7,29.5,67,0.0,0.0,7.1,276,954.4,99,3,Overcast
Hyderabad,India,2026-09-01,22:00:00,26.2,29.0,70,0.0,0.0,8.0,284,954.6,98,3,Overcast
Hyderabad,India,2026-09-01,23:00:00,26.3,29.4,69,0.0,0.0,4.8,335,954.1,100,3,Overcast
Hyderabad,India,2026-09-02,00:00:00,25.7,29.2,72,0.0,0.0,3.1,301,953.5,100,3,Overcast
Hyderabad,India,2026-09-02,01:00:00,25.4,28.9,73,0.0,0.0,3.2,267,953.1,100,3,Overcast
Hyderabad,India,2026-09-02,02:00:00,25.3,28.5,75,0.0,0.0,5.9,252,953.1,100,3,Overcast
Hyderabad,India,2026-09-02,03:00:00,24.9,28.3,78,0.0,0.0,5.2,256,952.9,99,3,Overcast
Hyderabad,India,2026-09-02,04:00:00,24.6,28.0,79,0.0,0.0,5.2,254,952.6,99,3,Overcast
Hyderabad,India,2026-09-02,05:00:00,24.6,27.7,77,0.0,0.0,5.8,263,953.2,100,3,Overcast
Hyderabad,India,2026-09-02,06:00:00,24.4,27.3,78,0.0,0.0,7.2,271,953.6,100,3,Overcast
Hyderabad,India,2026-09-02,07:00:00,24.4,27.2,80,0.2,0.2,9.1,278,954.2,100,51,Light Drizzle
Hyderabad,India,2026-09-02,08:00:00,25.4,28.0,76,0.0,0.0,11.4,283,954.6,100,3,Overcast
Hyderabad,India,2026-09-02,09:00:00,27.5,29.4,65,0.0,0.0,13.6,294,955.0,98,3,Overcast
Hyderabad,India,2026-09-02,10:00:00,29.1,31.6,56,0.0,0.0,14.0,298,955.0,95,3,Overcast
Hyderabad,India,2026-09-02,11:00:00,30.2,33.3,52,0.0,0.0,13.7,291,954.8,83,3,Overcast
Hyderabad,India,2026-09-02,12:00:00,31.0,34.0,48,0.0,0.0,14.3,288,954.3,45,1,Mainly Clear
Hyderabad,India,2026-09-02,13:00:00,31.3,33.9,46,0.0,0.0,15.4,288,953.4,96,3,Overcast
Hyderabad,India,2026-09-02,14:00:00,31.2,33.2,46,0.0,0.0,14.5,291,952.5,92,3,Overcast
Hyderabad,India,2026-09-02,15:00:00,30.4,31.4,48,0.0,0.0,13.6,299,951.8,96,3,Overcast
Hyderabad,India,2026-09-02,16:00:00,29.5,31.0,52,0.3,0.0,11.4,308,951.5,82,51,Light Drizzle
Hyderabad,India,2026-09-02,17:00:00,30.1,31.2,49,0.0,0.0,13.2,301,951.9,97,3,Overcast
Hyderabad,India,2026-09-02,18:00:00,29.1,30.8,54,0.0,0.0,10.4,306,952.5,99,3,Overcast
Hyderabad,India,2026-09-02,19:00:00,28.1,30.3,60,0.0,0.0,8.9,335,953.5,98,3,Overcast
Hyderabad,India,2026-09-02,20:00:00,27.4,30.2,61,0.0,0.0,4.6,339,954.0,97,3,Overcast
Hyderabad,India,2026-09-02,21:00:00,27.3,30.3,61,0.0,0.0,3.0,303,954.7,99,3,Overcast
Hyderabad,India,2026-09-02,22:00:00,26.8,29.5,64,0.0,0.0,5.7,257,954.9,99,3,Overcast
Hyderabad,India,2026-09-02,23:00:00,24.6,27.5,81,0.0,0.0,10.3,271,954.4,100,3,Overcast
Hyderabad,India,2026-09-03,00:00:00,24.6,27.9,82,0.2,0.2,8.5,276,953.6,100,51,Light Drizzle
Hyderabad,India,2026-09-03,01:00:00,24.7,27.6,81,0.0,0.0,10.6,260,953.4,99,3,Overcast
Hyderabad,India,2026-09-03,02:00:00,24.0,27.0,83,0.0,0.0,9.2,266,952.7,99,3,Overcast
Hyderabad,India,2026-09-03,03:00:00,23.7,26.7,84,0.0,0.0,9.2,268,952.5,100,3,Overcast
Hyderabad,India,2026-09-03,04:00:00,23.7,26.7,85,0.0,0.0,9.5,271,952.4,100,3,Overcast
Hyderabad,India,2026-09-03,05:00:00,23.8,26.6,84,0.0,0.0,10.3,267,952.7,100,3,Overcast
Hyderabad,India,2026-09-03,06:00:00,23.8,26.6,84,0.0,0.0,10.5,273,952.9,100,3,Overcast
Hyderabad,India,2026-09-03,07:00:00,24.6,27.0,80,0.0,0.0,12.6,280,953.5,100,3,Overcast
Hyderabad,India,2026-09-03,08:00:00,25.7,27.9,73,0.1,0.1,13.3,289,954.0,100,51,Light Drizzle
Hyderabad,India,2026-09-03,09:00:00,26.3,28.6,70,0.1,0.1,11.9,295,954.6,100,51,Light Drizzle
Hyderabad,India,2026-09-03,10:00:00,27.4,29.7,65,0.0,0.0,10.6,294,954.5,100,3,Overcast
Hyderabad,India,2026-09-03,11:00:00,28.0,29.7,60,0.0,0.0,12.5,290,954.3,100,3,Overcast
Hyderabad,India,2026-09-03,12:00:00,28.2,29.8,59,0.0,0.0,13.0,289,953.8,100,3,Overcast
Hyderabad,India,2026-09-03,13:00:00,28.1,29.5,58,0.0,0.0,13.6,285,953.1,100,3,Overcast
Hyderabad,India,2026-09-03,14:00:00,28.4,29.9,57,0.0,0.0,13.3,283,951.9,100,3,Overcast
Hyderabad,India,2026-09-03,15:00:00,27.8,29.6,61,0.0,0.0,12.5,282,951.3,100,3,Overcast
Hyderabad,India,2026-09-03,16:00:00,27.3,29.5,64,0.0,0.0,10.2,283,950.9,98,3,Overcast
Hyderabad,India,2026-09-03,17:00:00,27.9,29.0,59,0.0,0.0,15.3,285,951.4,99,3,Overcast
Hyderabad,India,2026-09-03,18:00:00,27.0,29.1,64,0.0,0.0,10.3,272,952.0,84,3,Overcast
Hyderabad,India,2026-09-03,19:00:00,26.4,29.1,69,0.0,0.0,8.2,262,952.5,99,3,Overcast
Hyderabad,India,2026-09-03,20:00:00,26.0,29.1,72,0.0,0.0,7.0,257,952.8,99,3,Overcast
Hyderabad,India,2026-09-03,21:00:00,25.6,28.5,74,0.0,0.0,8.2,241,953.3,98,3,Overcast
Hyderabad,India,2026-09-03,22:00:00,25.2,28.0,76,0.0,0.0,9.1,236,953.7,100,3,Overcast
Hyderabad,India,2026-09-03,23:00:00,25.3,28.4,79,0.0,0.0,9.6,233,953.5,100,3,Overcast
Hyderabad,India,2026-09-04,00:00:00,25.0,28.3,81,0.0,0.0,9.2,242,953.0,100,3,Overcast
Hyderabad,India,2026-09-04,01:00:00,25.0,28.2,81,0.0,0.0,9.5,251,952.6,99,3,Overcast
Hyderabad,India,2026-09-04,02:00:00,24.9,27.8,80,0.0,0.0,10.7,263,952.0,96,3,Overcast
Hyderabad,India,2026-09-04,03:00:00,24.6,27.4,81,0.0,0.0,11.0,267,951.6,86,3,Overcast
Hyderabad,India,2026-09-04,04:00:00,24.3,27.2,82,0.0,0.0,10.8,266,951.7,64,2,Partly Cloudy
Hyderabad,India,2026-09-04,05:00:00,24.7,27.3,79,0.0,0.0,10.9,279,952.1,55,2,Partly Cloudy
Hyderabad,India,2026-09-04,06:00:00,24.5,27.2,80,0.0,0.0,10.2,278,952.6,67,2,Partly Cloudy
Hyderabad,India,2026-09-04,07:00:00,25.5,28.0,74,0.0,0.0,10.9,278,953.6,92,3,Overcast
Hyderabad,India,2026-09-04,08:00:00,26.7,29.0,68,0.0,0.0,11.9,281,954.6,84,3,Overcast
Hyderabad,India,2026-09-04,09:00:00,27.9,30.2,63,0.0,0.0,11.4,286,955.3,88,3,Overcast
Hyderabad,India,2026-09-04,10:00:00,29.2,32.3,57,0.0,0.0,11.8,282,955.2,72,2,Partly Cloudy
Hyderabad,India,2026-09-04,11:00:00,30.2,33.8,52,0.0,0.0,11.8,279,955.2,92,3,Overcast
Hyderabad,India,2026-09-04,12:00:00,30.9,34.4,48,0.0,0.0,12.4,279,954.6,100,3,Overcast
Hyderabad,India,2026-09-04,13:00:00,30.6,32.5,48,0.0,0.0,13.1,291,953.9,100,3,Overcast
Hyderabad,India,2026-09-04,14:00:00,30.4,32.2,49,0.0,0.0,11.5,295,953.1,100,3,Overcast
Hyderabad,India,2026-09-04,15:00:00,30.4,32.0,49,0.0,0.0,11.1,290,952.6,99,3,Overcast
Hyderabad,India,2026-09-04,16:00:00,30.0,31.7,51,0.0,0.0,10.8,285,952.1,98,3,Overcast
Hyderabad,India,2026-09-04,17:00:00,30.0,31.7,50,0.0,0.0,9.7,272,952.5,70,2,Partly Cloudy
Hyderabad,India,2026-09-04,18:00:00,29.3,31.1,52,0.0,0.0,9.1,263,953.0,82,3,Overcast
Hyderabad,India,2026-09-04,19:00:00,28.9,31.1,54,0.0,0.0,6.8,270,953.8,56,2,Partly Cloudy
Hyderabad,India,2026-09-04,20:00:00,28.3,31.1,58,0.0,0.0,4.7,288,954.4,38,1,Mainly Clear
Hyderabad,India,2026-09-04,21:00:00,27.9,31.2,61,0.0,0.0,2.9,266,955.1,48,1,Mainly Clear
Hyderabad,India,2026-09-04,22:00:00,27.3,30.4,64,0.0,0.0,4.6,234,955.3,96,3,Overcast
Hyderabad,India,2026-09-04,23:00:00,26.8,29.7,67,0.0,0.0,6.6,235,954.8,45,1,Mainly Clear
Hyderabad,India,2026-09-05,00:00:00,26.0,29.2,70,0.1,0.1,5.0,235,954.6,18,51,Light Drizzle
Hyderabad,India,2026-09-05,01:00:00,25.6,28.9,72,0.0,0.0,4.3,237,954.3,25,1,Mainly Clear
Hyderabad,India,2026-09-05,02:00:00,25.3,28.3,74,0.0,0.0,6.8,248,953.7,27,1,Mainly Clear
Hyderabad,India,2026-09-05,03:00:00,25.1,28.0,75,0.0,0.0,7.4,270,953.6,13,0,Clear Sky
Hyderabad,India,2026-09-05,04:00:00,24.7,27.6,77,0.0,0.0,7.5,287,953.7,1,0,Clear Sky
Hyderabad,India,2026-09-05,05:00:00,24.8,27.7,78,0.0,0.0,8.3,294,954.7,11,0,Clear Sky
Hyderabad,India,2026-09-05,06:00:00,24.5,27.4,79,0.0,0.0,8.3,294,955.0,3,0,Clear Sky
Hyderabad,India,2026-09-05,07:00:00,25.6,28.3,73,0.0,0.0,9.4,301,955.8,5,0,Clear Sky
Hyderabad,India,2026-09-05,08:00:00,27.1,29.4,66,0.0,0.0,10.6,309,956.3,13,0,Clear Sky
Hyderabad,India,2026-09-05,09:00:00,28.6,30.9,59,0.0,0.0,10.3,301,956.4,20,1,Mainly Clear
Hyderabad,India,2026-09-05,10:00:00,29.9,32.7,53,0.1,0.1,11.0,288,956.4,23,51,Light Drizzle
Hyderabad,India,2026-09-05,11:00:00,30.5,33.9,49,0.2,0.2,9.8,276,956.6,33,51,Light Drizzle
Hyderabad,India,2026-09-05,12:00:00,30.8,33.9,48,0.3,0.3,11.4,275,955.8,30,51,Light Drizzle
Hyderabad,India,2026-09-05,13:00:00,31.0,34.1,48,0.5,0.4,12.6,273,954.9,33,53,Moderate Drizzle
Hyderabad,India,2026-09-05,14:00:00,31.2,33.9,48,0.5,0.5,12.2,278,953.6,24,53,Moderate Drizzle
Hyderabad,India,2026-09-05,15:00:00,31.2,32.9,47,0.3,0.2,12.3,282,953.3,27,51,Light Drizzle
Hyderabad,India,2026-09-05,16:00:00,31.0,32.4,47,0.2,0.2,11.9,280,952.9,19,51,Light Drizzle
Hyderabad,India,2026-09-05,17:00:00,30.9,32.7,47,0.0,0.0,8.8,281,953.1,5,0,Clear Sky
Hyderabad,India,2026-09-05,18:00:00,30.4,32.2,48,0.0,0.0,8.0,279,953.9,8,0,Clear Sky
Hyderabad,India,2026-09-05,19:00:00,30.1,32.1,49,0.0,0.0,6.6,279,954.4,4,0,Clear Sky
Hyderabad,India,2026-09-05,20:00:00,29.6,31.9,51,0.0,0.0,5.6,274,954.7,8,0,Clear Sky
Hyderabad,India,2026-09-05,21:00:00,28.9,31.6,56,0.0,0.0,5.1,260,955.5,7,0,Clear Sky
Hyderabad,India,2026-09-05,22:00:00,28.2,31.3,61,0.0,0.0,4.6,261,955.7,13,0,Clear Sky
Hyderabad,India,2026-09-05,23:00:00,28.0,31.3,63,0.0,0.0,4.2,200,955.5,45,1,Mainly Clear
Hyderabad,India,2026-09-06,00:00:00,25.2,27.5,77,0.4,0.3,13.3,291,955.5,79,51,Light Drizzle
Hyderabad,India,2026-09-06,01:00:00,25.1,28.1,75,0.2,0.2,7.0,271,955.1,60,51,Light Drizzle
Hyderabad,India,2026-09-06,02:00:00,24.8,27.8,76,0.1,0.1,6.7,275,954.3,26,51,Light Drizzle
Hyderabad,India,2026-09-06,03:00:00,24.7,27.8,77,0.0,0.0,6.1,275,954.1,9,0,Clear Sky
Hyderabad,India,2026-09-06,04:00:00,24.7,28.0,79,0.0,0.0,6.1,272,954.0,4,0,Clear Sky
Hyderabad,India,2026-09-06,05:00:00,25.0,28.0,75,0.0,0.0,6.6,311,954.7,1,0,Clear Sky
Hyderabad,India,2026-09-06,06:00:00,24.8,27.7,76,0.0,0.0,7.1,306,955.4,6,0,Clear Sky
Hyderabad,India,2026-09-06,07:00:00,25.7,28.5,73,0.0,0.0,9.0,316,956.0,1,0,Clear Sky
Hyderabad,India,2026-09-06,08:00:00,27.5,30.0,64,0.0,0.0,9.8,316,956.6,0,0,Clear Sky
Hyderabad,India,2026-09-06,09:00:00,29.1,31.6,56,0.0,0.0,9.3,307,957.1,37,1,Mainly Clear
Hyderabad,India,2026-09-06,10:00:00,30.4,33.5,51,0.1,0.1,9.8,290,957.0,25,51,Light Drizzle
Hyderabad,India,2026-09-06,11:00:00,31.4,35.3,48,0.1,0.0,9.3,280,956.5,20,51,Light Drizzle
Hyderabad,India,2026-09-06,12:00:00,32.0,35.8,46,0.2,0.1,10.3,274,956.1,30,51,Light Drizzle
Hyderabad,India,2026-09-06,13:00:00,31.8,35.0,47,0.3,0.2,11.4,273,955.1,46,51,Light Drizzle
Hyderabad,India,2026-09-06,14:00:00,31.5,34.6,50,0.8,0.4,11.9,272,954.1,66,53,Moderate Drizzle
Hyderabad,India,2026-09-06,15:00:00,31.7,34.4,51,0.4,0.2,10.6,266,953.6,40,51,Light Drizzle
Hyderabad,India,2026-09-06,16:00:00,31.1,32.7,48,0.3,0.1,11.7,266,953.4,61,51,Light Drizzle
Hyderabad,India,2026-09-06,17:00:00,30.6,32.6,51,0.1,0.1,10.0,283,953.8,27,51,Light Drizzle
Hyderabad,India,2026-09-06,18:00:00,30.0,32.3,53,0.0,0.0,8.4,277,954.6,17,0,Clear Sky
Hyderabad,India,2026-09-06,19:00:00,29.8,32.7,55,0.0,0.0,5.4,290,955.6,48,1,Mainly Clear
Hyderabad,India,2026-09-06,20:00:00,29.6,32.6,56,0.0,0.0,5.4,278,956.1,29,1,Mainly Clear
Hyderabad,India,2026-09-06,21:00:00,26.8,29.5,70,0.5,0.3,11.2,272,957.1,60,53,Moderate Drizzle
Hyderabad,India,2026-09-06,22:00:00,25.8,29.6,74,0.9,0.6,3.3,216,957.2,92,53,Moderate Drizzle
Hyderabad,India,2026-09-06,23:00:00,26.9,30.4,68,0.9,0.7,4.5,254,956.0,27,53,Moderate Drizzle
Hyderabad,India,2026-09-07,00:00:00,25.9,29.0,74,0.0,0.0,7.7,295,955.8,72,2,Partly Cloudy
Hyderabad,India,2026-09-07,01:00:00,23.5,26.0,85,1.3,0.6,11.7,324,955.5,100,80,Light Rain Showers
Hyderabad,India,2026-09-07,02:00:00,22.0,25.4,97,7.4,2.5,8.5,288,955.0,100,81,Moderate Rain Showers
Hyderabad,India,2026-09-07,03:00:00,22.8,27.0,96,2.7,1.9,4.7,252,954.6,100,81,Moderate Rain Showers
Hyderabad,India,2026-09-07,04:00:00,23.3,27.5,94,0.1,0.1,5.9,258,954.6,98,51,Light Drizzle
Hyderabad,India,2026-09-07,05:00:00,23.7,27.7,87,0.0,0.0,3.7,247,955.2,15,0,Clear Sky
Hyderabad,India,2026-09-07,06:00:00,23.9,27.6,87,0.0,0.0,6.3,270,955.4,13,0,Clear Sky
Hyderabad,India,2026-09-07,07:00:00,25.3,28.9,80,0.0,0.0,7.5,285,956.1,22,1,Mainly Clear
Hyderabad,India,2026-09-07,08:00:00,27.0,30.0,71,0.0,0.0,10.6,314,956.9,34,1,Mainly Clear
Hyderabad,India,2026-09-07,09:00:00,28.1,31.0,65,0.0,0.0,9.5,316,957.2,74,2,Partly Cloudy
Hyderabad,India,2026-09-07,10:00:00,28.8,31.7,62,0.0,0.0,8.4,305,956.9,92,3,Overcast
Hyderabad,India,2026-09-07,11:00:00,28.0,31.6,62,0.0,0.0,7.2,298,956.7,93,3,Overcast
Hyderabad,India,2026-09-07,12:00:00,30.5,33.6,53,0.0,0.0,8.6,292,955.9,28,1,Mainly Clear
Hyderabad,India,2026-09-07,13:00:00,31.7,35.6,50,0.0,0.0,10.8,285,954.9,17,0,Clear Sky
Hyderabad,India,2026-09-07,14:00:00,31.8,35.4,50,0.0,0.0,11.4,281,953.6,24,1,Mainly Clear
Hyderabad,India,2026-09-07,15:00:00,31.5,34.0,51,0.0,0.0,10.9,279,953.1,17,0,Clear Sky
Hyderabad,India,2026-09-07,16:00:00,31.1,33.7,53,0.0,0.0,10.3,273,952.6,30,1,Mainly Clear
Hyderabad,India,2026-09-07,17:00:00,29.6,32.2,57,0.2,0.0,9.2,277,953.1,19,51,Light Drizzle
Hyderabad,India,2026-09-07,18:00:00,28.9,31.9,61,0.0,0.0,8.1,274,954.1,34,1,Mainly Clear
Hyderabad,India,2026-09-07,19:00:00,28.6,32.0,64,0.0,0.0,6.5,284,955.1,34,1,Mainly Clear
Hyderabad,India,2026-09-07,20:00:00,28.5,32.3,64,0.0,0.0,3.8,281,955.4,30,1,Mainly Clear
Hyderabad,India,2026-09-07,21:00:00,28.3,32.0,65,0.0,0.0,4.0,262,955.9,39,1,Mainly Clear
Hyderabad,India,2026-09-07,22:00:00,27.9,31.7,67,0.0,0.0,4.5,247,956.2,40,1,Mainly Clear
Hyderabad,India,2026-09-07,23:00:00,28.2,32.1,66,0.0,0.0,4.6,222,955.8,38,1,Mainly Clear
Hyderabad,India,2026-09-08,00:00:00,27.1,31.2,75,0.0,0.0,5.9,223,955.3,30,1,Mainly Clear
Hyderabad,India,2026-09-08,01:00:00,26.3,30.4,78,0.0,0.0,6.3,257,954.6,5,0,Clear Sky
Hyderabad,India,2026-09-08,02:00:00,25.8,29.2,78,0.0,0.0,8.1,264,954.1,25,1,Mainly Clear
Hyderabad,India,2026-09-08,03:00:00,25.4,28.6,77,0.0,0.0,8.2,279,953.9,4,0,Clear Sky
Hyderabad,India,2026-09-08,04:00:00,24.9,28.1,79,0.0,0.0,7.9,271,953.9,4,0,Clear Sky
Hyderabad,India,2026-09-08,05:00:00,25.3,28.7,78,0.0,0.0,7.3,301,954.4,31,1,Mainly Clear
Hyderabad,India,2026-09-08,06:00:00,25.2,28.5,79,0.0,0.0,8.2,296,955.3,41,1,Mainly Clear
Hyderabad,India,2026-09-08,07:00:00,26.2,28.7,71,0.0,0.0,11.1,310,956.2,27,1,Mainly Clear
Hyderabad,India,2026-09-08,08:00:00,27.7,29.4,63,0.0,0.0,14.2,310,956.6,16,0,Clear Sky
Hyderabad,India,2026-09-08,09:00:00,28.9,30.9,58,0.0,0.0,12.1,307,957.1,27,1,Mainly Clear
Hyderabad,India,2026-09-08,10:00:00,30.1,33.1,54,0.1,0.1,11.6,306,957.0,29,51,Light Drizzle
Hyderabad,India,2026-09-08,11:00:00,30.5,34.2,53,0.0,0.0,12.2,295,956.8,36,1,Mainly Clear
Hyderabad,India,2026-09-08,12:00:00,31.4,35.1,50,0.1,0.0,12.6,298,955.7,51,51,Light Drizzle
Hyderabad,India,2026-09-08,13:00:00,32.0,35.5,47,0.0,0.0,13.2,287,954.7,94,3,Overcast
Hyderabad,India,2026-09-08,14:00:00,31.7,33.9,48,0.1,0.1,12.6,284,953.4,97,51,Light Drizzle
Hyderabad,India,2026-09-08,15:00:00,32.1,33.6,45,0.0,0.0,13.0,284,953.0,95,3,Overcast
Hyderabad,India,2026-09-08,16:00:00,31.5,32.5,46,0.0,0.0,13.8,287,952.4,91,3,Overcast
Hyderabad,India,2026-09-08,17:00:00,31.1,32.5,47,0.0,0.0,11.5,284,952.5,93,3,Overcast
Hyderabad,India,2026-09-08,18:00:00,30.2,31.9,49,0.0,0.0,9.6,283,952.8,30,1,Mainly Clear
Hyderabad,India,2026-09-08,19:00:00,29.8,31.7,52,0.0,0.0,8.7,278,953.6,19,0,Clear Sky
Hyderabad,India,2026-09-08,20:00:00,29.3,31.8,55,0.0,0.0,6.9,279,954.7,16,0,Clear Sky
Hyderabad,India,2026-09-08,21:00:00,28.8,31.8,58,0.0,0.0,5.2,272,955.7,12,0,Clear Sky
Hyderabad,India,2026-09-08,22:00:00,28.1,31.2,62,0.0,0.0,6.1,284,955.9,23,1,Mainly Clear
Hyderabad,India,2026-09-08,23:00:00,27.9,31.1,62,0.0,0.0,4.3,272,955.4,87,3,Overcast
Hyderabad,India,2026-09-09,00:00:00,27.1,30.6,67,0.0,0.0,4.3,248,954.7,100,3,Overcast
Hyderabad,India,2026-09-09,01:00:00,26.5,29.9,72,0.0,0.0,5.9,252,954.0,100,3,Overcast
Hyderabad,India,2026-09-09,02:00:00,25.9,29.3,74,0.0,0.0,6.2,258,953.4,99,3,Overcast
Hyderabad,India,2026-09-09,03:00:00,25.4,28.6,76,0.0,0.0,6.8,268,953.1,80,3,Overcast
Hyderabad,India,2026-09-09,04:00:00,25.1,28.2,76,0.0,0.0,7.1,294,953.3,79,2,Partly Cloudy
Hyderabad,India,2026-09-09,05:00:00,25.6,28.1,72,0.0,0.0,10.0,311,953.9,34,1,Mainly Clear
Hyderabad,India,2026-09-09,06:00:00,25.2,27.5,74,0.0,0.0,10.9,310,954.1,41,1,Mainly Clear
Hyderabad,India,2026-09-09,07:00:00,26.0,27.9,70,0.0,0.0,13.5,317,954.8,27,1,Mainly Clear
Hyderabad,India,2026-09-09,08:00:00,27.3,29.1,64,0.0,0.0,13.6,321,955.5,23,1,Mainly Clear
Hyderabad,India,2026-09-09,09:00:00,28.9,30.8,57,0.0,0.0,12.3,320,955.9,70,2,Partly Cloudy
Hyderabad,India,2026-09-09,10:00:00,30.1,33.2,54,0.1,0.1,11.4,321,955.9,86,51,Light Drizzle
Hyderabad,India,2026-09-09,11:00:00,31.1,34.8,50,0.1,0.0,11.2,314,955.8,80,51,Light Drizzle
Hyderabad,India,2026-09-09,12:00:00,31.7,35.7,48,0.2,0.1,10.2,306,954.9,95,51,Light Drizzle
Hyderabad,India,2026-09-09,13:00:00,32.2,36.1,48,0.0,0.0,12.3,293,953.7,95,3,Overcast
Hyderabad,India,2026-09-09,14:00:00,32.2,35.5,49,0.0,0.0,13.1,293,952.5,94,3,Overcast
Hyderabad,India,2026-09-09,15:00:00,29.9,31.3,54,1.2,0.2,14.6,315,952.3,93,55,Heavy Drizzle
Hyderabad,India,2026-09-09,16:00:00,30.2,32.6,56,0.5,0.1,10.8,313,952.0,95,53,Moderate Drizzle
Hyderabad,India,2026-09-09,17:00:00,30.1,32.4,55,0.5,0.2,10.3,305,952.6,100,53,Moderate Drizzle
Hyderabad,India,2026-09-09,18:00:00,29.2,31.9,60,0.0,0.0,9.7,310,953.0,100,3,Overcast
Hyderabad,India,2026-09-09,19:00:00,28.8,31.7,61,0.0,0.0,8.6,311,953.5,99,3,Overcast
Hyderabad,India,2026-09-09,20:00:00,28.5,31.7,63,0.0,0.0,6.4,315,954.0,100,3,Overcast
Hyderabad,India,2026-09-09,21:00:00,28.0,31.3,65,0.0,0.0,7.0,325,954.8,100,3,Overcast
Hyderabad,India,2026-09-09,22:00:00,27.5,30.9,68,0.0,0.0,7.0,316,954.8,100,3,Overcast
Hyderabad,India,2026-09-09,23:00:00,27.5,30.9,68,0.0,0.0,6.3,325,954.3,98,3,Overcast
Hyderabad,India,2026-09-10,00:00:00,27.0,30.3,69,0.0,0.0,6.6,327,953.7,99,3,Overcast
Hyderabad,India,2026-09-10,01:00:00,26.6,29.9,70,0.0,0.0,6.1,310,953.0,91,3,Overcast
Hyderabad,India,2026-09-10,02:00:00,26.2,29.5,72,0.0,0.0,6.4,297,952.7,96,3,Overcast
Hyderabad,India,2026-09-10,03:00:00,25.8,29.0,74,0.0,0.0,7.1,294,952.5,88,3,Overcast
Hyderabad,India,2026-09-10,04:00:00,25.4,28.6,76,0.0,0.0,7.6,295,952.6,70,2,Partly Cloudy
Hyderabad,India,2026-09-10,05:00:00,25.6,29.0,77,0.0,0.0,7.8,308,953.2,67,2,Partly Cloudy
Hyderabad,India,2026-09-10,06:00:00,25.2,28.5,79,0.0,0.0,7.9,313,953.5,32,1,Mainly Clear
Hyderabad,India,2026-09-10,07:00:00,26.3,29.2,73,0.0,0.0,10.2,326,954.3,100,3,Overcast
Hyderabad,India,2026-09-10,08:00:00,27.4,29.3,65,0.0,0.0,14.1,329,955.0,100,3,Overcast
Hyderabad,India,2026-09-10,09:00:00,28.3,29.9,61,0.1,0.1,15.3,332,955.1,98,51,Light Drizzle
Hyderabad,India,2026-09-10,10:00:00,29.6,31.7,56,0.1,0.1,14.1,332,955.3,100,51,Light Drizzle
Hyderabad,India,2026-09-10,11:00:00,30.6,33.3,53,0.1,0.0,12.9,332,954.8,100,51,Light Drizzle
Hyderabad,India,2026-09-10,12:00:00,31.0,33.8,52,0.1,0.1,12.7,328,953.8,73,51,Light Drizzle
Hyderabad,India,2026-09-10,13:00:00,31.9,35.7,50,0.1,0.1,13.3,322,952.5,64,51,Light Drizzle
Hyderabad,India,2026-09-10,14:00:00,31.5,34.3,52,0.1,0.1,14.1,318,951.4,65,51,Light Drizzle
Hyderabad,India,2026-09-10,15:00:00,31.5,33.8,51,0.0,0.0,14.1,312,950.9,91,3,Overcast
Hyderabad,India,2026-09-10,16:00:00,30.7,32.3,52,0.0,0.0,14.4,310,950.9,96,3,Overcast
Hyderabad,India,2026-09-10,17:00:00,29.8,31.7,56,0.5,0.3,13.5,315,951.3,88,53,Moderate Drizzle
Hyderabad,India,2026-09-10,18:00:00,29.2,31.6,60,0.0,0.0,11.4,321,952.1,77,2,Partly Cloudy
Hyderabad,India,2026-09-10,19:00:00,28.9,31.6,62,0.0,0.0,10.3,320,952.9,98,3,Overcast
Hyderabad,India,2026-09-10,20:00:00,28.5,31.3,63,0.0,0.0,9.7,320,953.3,98,3,Overcast
Hyderabad,India,2026-09-10,21:00:00,28.1,31.2,65,0.0,0.0,8.8,317,953.6,99,3,Overcast
Hyderabad,India,2026-09-10,22:00:00,27.6,30.9,68,0.0,0.0,8.0,308,953.6,98,3,Overcast
Hyderabad,India,2026-09-10,23:00:00,27.0,30.4,71,0.0,0.0,7.9,303,953.0,100,3,Overcast
Jaipur,India,2026-08-11,00:00:00,27.0,33.3,91,0.0,0.0,4.8,124,953.9,99,3,Overcast
Jaipur,India,2026-08-11,01:00:00,26.4,32.9,93,0.7,0.0,2.0,185,953.8,100,95,Thunderstorm
Jaipur,India,2026-08-11,02:00:00,26.1,32.7,97,0.5,0.3,3.4,276,953.3,98,95,Thunderstorm
Jaipur,India,2026-08-11,03:00:00,25.9,32.7,98,0.1,0.1,1.9,304,953.2,96,51,Light Drizzle
Jaipur,India,2026-08-11,04:00:00,26.0,33.0,97,0.0,0.0,0.9,11,953.1,98,3,Overcast
Jaipur,India,2026-08-11,05:00:00,26.2,32.6,98,0.0,0.0,5.6,50,953.5,95,3,Overcast
Jaipur,India,2026-08-11,06:00:00,26.0,32.8,98,0.0,0.0,2.4,27,954.0,92,3,Overcast
Jaipur,India,2026-08-11,07:00:00,26.8,33.4,94,0.0,0.0,4.0,39,954.5,98,3,Overcast
Jaipur,India,2026-08-11,08:00:00,28.0,34.4,88,0.1,0.0,5.4,21,955.2,72,51,Light Drizzle
Jaipur,India,2026-08-11,09:00:00,29.4,36.3,81,0.1,0.0,3.1,332,955.6,93,51,Light Drizzle
Jaipur,India,2026-08-11,10:00:00,30.4,37.6,78,0.2,0.0,3.8,319,955.5,95,95,Thunderstorm
Jaipur,India,2026-08-11,11:00:00,31.8,39.7,70,0.2,0.0,3.1,336,955.1,100,95,Thunderstorm
Jaipur,India,2026-08-11,12:00:00,31.9,39.0,69,0.1,0.0,3.9,347,954.5,89,95,Thunderstorm
Jaipur,India,2026-08-11,13:00:00,32.5,40.1,66,0.1,0.0,5.2,356,953.9,100,95,Thunderstorm
Jaipur,India,2026-08-11,14:00:00,31.5,37.7,70,0.2,0.0,7.0,334,952.4,100,95,Thunderstorm
Jaipur,India,2026-08-11,15:00:00,27.5,32.0,86,4.2,0.1,15.6,22,952.4,100,96,Thunderstorm with Hail
Jaipur,India,2026-08-11,16:00:00,27.1,33.1,92,2.1,0.8,7.9,39,952.6,97,96,Thunderstorm with Hail
Jaipur,India,2026-08-11,17:00:00,27.2,33.0,93,0.3,0.3,10.3,65,952.6,98,51,Light Drizzle
Jaipur,India,2026-08-11,18:00:00,27.5,34.2,92,0.4,0.4,4.2,70,953.9,99,51,Light Drizzle
Jaipur,India,2026-08-11,19:00:00,27.1,34.0,93,0.0,0.0,2.9,317,954.0,99,3,Overcast
Jaipur,India,2026-08-11,20:00:00,27.0,33.9,95,0.2,0.1,4.0,8,954.3,100,51,Light Drizzle
Jaipur,India,2026-08-11,21:00:00,27.0,34.5,96,0.5,0.1,0.9,143,954.9,100,95,Thunderstorm
Jaipur,India,2026-08-11,22:00:00,26.8,34.1,97,0.2,0.2,2.2,114,955.1,100,51,Light Drizzle
Jaipur,India,2026-08-11,23:00:00,27.2,34.2,98,0.4,0.0,6.3,105,955.1,100,95,Thunderstorm
Jaipur,India,2026-08-12,00:00:00,26.2,31.9,94,1.5,0.7,7.8,136,955.0,100,95,Thunderstorm
Jaipur,India,2026-08-12,01:00:00,26.1,32.6,97,0.8,0.5,4.0,60,954.5,66,95,Thunderstorm
Jaipur,India,2026-08-12,02:00:00,25.9,32.3,98,0.0,0.0,4.4,38,954.1,29,1,Mainly Clear
Jaipur,India,2026-08-12,03:00:00,25.8,32.2,99,0.0,0.0,4.2,59,954.2,21,1,Mainly Clear
Jaipur,India,2026-08-12,04:00:00,25.8,31.9,96,0.0,0.0,4.6,39,954.2,41,1,Mainly Clear
Jaipur,India,2026-08-12,05:00:00,25.9,32.8,99,0.3,0.1,1.6,354,954.2,27,51,Light Drizzle
Jaipur,India,2026-08-12,06:00:00,25.7,31.7,99,0.2,0.2,6.7,16,954.7,16,51,Light Drizzle
Jaipur,India,2026-08-12,07:00:00,26.5,32.9,96,0.0,0.0,6.4,344,955.4,8,0,Clear Sky
Jaipur,India,2026-08-12,08:00:00,28.1,34.9,88,0.0,0.0,3.2,344,955.9,22,1,Mainly Clear
Jaipur,India,2026-08-12,09:00:00,29.4,35.8,78,0.2,0.1,2.4,347,956.3,32,51,Light Drizzle
Jaipur,India,2026-08-12,10:00:00,30.6,37.4,73,0.2,0.0,3.0,346,956.3,41,51,Light Drizzle
Jaipur,India,2026-08-12,11:00:00,31.9,38.7,65,0.2,0.0,5.0,15,956.0,97,95,Thunderstorm
Jaipur,India,2026-08-12,12:00:00,31.8,37.5,64,0.0,0.0,5.4,21,955.5,97,3,Overcast
Jaipur,India,2026-08-12,13:00:00,31.7,37.3,64,0.1,0.1,3.4,43,954.9,99,51,Light Drizzle
Jaipur,India,2026-08-12,14:00:00,31.4,37.1,66,0.2,0.1,3.7,349,954.4,98,51,Light Drizzle
Jaipur,India,2026-08-12,15:00:00,31.3,37.7,69,0.3,0.1,1.9,319,954.2,63,95,Thunderstorm
Jaipur,India,2026-08-12,16:00:00,29.3,35.7,81,2.4,0.2,5.7,156,953.4,73,96,Thunderstorm with Hail
Jaipur,India,2026-08-12,17:00:00,29.7,36.0,77,0.3,0.3,3.9,202,953.9,91,51,Light Drizzle
Jaipur,India,2026-08-12,18:00:00,28.9,35.1,81,0.0,0.0,5.1,203,954.6,85,3,Overcast
Jaipur,India,2026-08-12,19:00:00,27.9,33.8,87,0.0,0.0,7.5,294,955.4,96,3,Overcast
Jaipur,India,2026-08-12,20:00:00,26.4,31.7,86,0.0,0.0,5.0,339,956.0,100,3,Overcast
Jaipur,India,2026-08-12,21:00:00,26.0,31.5,88,0.0,0.0,3.7,349,956.7,98,3,Overcast
Jaipur,India,2026-08-12,22:00:00,25.7,31.5,91,0.0,0.0,2.2,312,956.5,98,3,Overcast
Jaipur,India,2026-08-12,23:00:00,26.5,32.4,90,0.0,0.0,4.5,320,956.6,98,3,Overcast
Jaipur,India,2026-08-13,00:00:00,26.1,31.9,92,0.0,0.0,4.6,342,956.4,99,3,Overcast
Jaipur,India,2026-08-13,01:00:00,25.8,31.6,92,0.0,0.0,4.2,353,955.9,99,3,Overcast
Jaipur,India,2026-08-13,02:00:00,25.6,31.6,94,0.0,0.0,2.2,9,955.5,99,3,Overcast
Jaipur,India,2026-08-13,03:00:00,25.5,31.7,94,0.0,0.0,1.4,310,955.3,100,3,Overcast
Jaipur,India,2026-08-13,04:00:00,25.5,31.4,95,0.0,0.0,3.7,299,955.2,73,2,Partly Cloudy
Jaipur,India,2026-08-13,05:00:00,25.8,32.2,100,0.0,0.0,5.3,308,955.1,99,3,Overcast
Jaipur,India,2026-08-13,06:00:00,25.5,31.6,100,0.0,0.0,5.9,301,955.3,100,3,Overcast
Jaipur,India,2026-08-13,07:00:00,26.7,33.5,95,0.0,0.0,3.5,294,955.7,9,0,Clear Sky
Jaipur,India,2026-08-13,08:00:00,28.5,34.9,82,0.0,0.0,3.1,283,956.3,9,0,Clear Sky
Jaipur,India,2026-08-13,09:00:00,29.8,35.6,73,0.1,0.0,3.3,283,956.6,16,51,Light Drizzle
Jaipur,India,2026-08-13,10:00:00,30.9,36.8,65,0.1,0.1,3.7,247,956.7,43,51,Light Drizzle
Jaipur,India,2026-08-13,11:00:00,31.2,37.8,66,0.1,0.1,6.2,285,957.1,30,51,Light Drizzle
Jaipur,India,2026-08-13,12:00:00,32.0,39.3,63,0.1,0.1,4.9,260,956.6,61,51,Light Drizzle
Jaipur,India,2026-08-13,13:00:00,32.3,39.0,60,0.1,0.1,7.6,270,955.6,93,51,Light Drizzle
Jaipur,India,2026-08-13,14:00:00,32.5,38.6,58,0.1,0.1,7.7,279,955.1,74,51,Light Drizzle
Jaipur,India,2026-08-13,15:00:00,32.3,37.4,58,0.1,0.1,7.9,291,954.3,55,51,Light Drizzle
Jaipur,India,2026-08-13,16:00:00,30.7,35.8,69,0.6,0.4,8.0,308,954.0,71,95,Thunderstorm
Jaipur,India,2026-08-13,17:00:00,31.1,36.2,66,0.1,0.1,6.9,300,954.2,95,51,Light Drizzle
Jaipur,India,2026-08-13,18:00:00,30.3,36.6,73,0.0,0.0,3.2,313,954.6,99,3,Overcast
Jaipur,India,2026-08-13,19:00:00,29.5,36.5,80,0.0,0.0,1.5,291,954.8,95,3,Overcast
Jaipur,India,2026-08-13,20:00:00,29.0,35.9,83,0.0,0.0,2.2,215,955.8,97,3,Overcast
Jaipur,India,2026-08-13,21:00:00,28.6,34.9,83,0.0,0.0,4.8,248,956.2,99,3,Overcast
Jaipur,India,2026-08-13,22:00:00,28.2,33.6,80,0.0,0.0,6.9,261,956.2,100,3,Overcast
Jaipur,India,2026-08-13,23:00:00,28.0,33.9,85,0.0,0.0,6.5,265,955.7,91,3,Overcast
Jaipur,India,2026-08-14,00:00:00,27.5,33.1,86,0.0,0.0,6.9,255,955.4,96,3,Overcast
Jaipur,India,2026-08-14,01:00:00,27.3,32.4,84,0.0,0.0,8.3,254,955.0,79,2,Partly Cloudy
Jaipur,India,2026-08-14,02:00:00,26.9,32.1,86,0.0,0.0,7.6,256,954.9,100,3,Overcast
Jaipur,India,2026-08-14,03:00:00,26.6,31.6,87,0.0,0.0,8.4,259,954.6,99,3,Overcast
Jaipur,India,2026-08-14,04:00:00,26.4,31.2,87,0.0,0.0,8.7,265,954.8,88,3,Overcast
Jaipur,India,2026-08-14,05:00:00,26.6,31.4,88,0.0,0.0,10.9,276,954.9,98,3,Overcast
Jaipur,India,2026-08-14,06:00:00,26.4,31.2,89,0.0,0.0,10.9,279,955.3,98,3,Overcast
Jaipur,India,2026-08-14,07:00:00,27.2,32.1,86,0.0,0.0,10.6,284,955.9,91,3,Overcast
Jaipur,India,2026-08-14,08:00:00,28.1,33.2,82,0.0,0.0,10.2,294,956.6,85,3,Overcast
Jaipur,India,2026-08-14,09:00:00,29.3,34.8,78,0.0,0.0,8.8,301,956.9,80,3,Overcast
Jaipur,India,2026-08-14,10:00:00,30.0,35.8,75,0.1,0.0,9.3,278,956.5,96,51,Light Drizzle
Jaipur,India,2026-08-14,11:00:00,30.5,36.5,69,0.3,0.1,5.2,290,957.0,99,95,Thunderstorm
Jaipur,India,2026-08-14,12:00:00,31.1,37.7,67,0.2,0.1,4.3,303,957.0,97,51,Light Drizzle
Jaipur,India,2026-08-14,13:00:00,31.8,38.5,63,0.0,0.0,4.2,275,956.6,100,3,Overcast
Jaipur,India,2026-08-14,14:00:00,31.8,37.3,62,0.0,0.0,5.1,264,955.9,100,3,Overcast
Jaipur,India,2026-08-14,15:00:00,31.5,36.8,65,0.0,0.0,5.4,307,955.2,100,3,Overcast
Jaipur,India,2026-08-14,16:00:00,28.8,34.6,81,0.5,0.4,7.1,36,954.4,100,53,Moderate Drizzle
Jaipur,India,2026-08-14,17:00:00,29.4,35.2,78,0.5,0.1,6.8,305,954.7,100,95,Thunderstorm
Jaipur,India,2026-08-14,18:00:00,29.0,35.6,82,0.0,0.0,3.0,253,954.9,99,3,Overcast
Jaipur,India,2026-08-14,19:00:00,28.5,35.6,86,0.0,0.0,0.9,11,955.2,97,3,Overcast
Jaipur,India,2026-08-14,20:00:00,28.2,35.5,88,0.0,0.0,0.2,270,956.0,98,3,Overcast
Jaipur,India,2026-08-14,21:00:00,28.1,35.3,89,0.0,0.0,1.0,121,956.5,100,3,Overcast
Jaipur,India,2026-08-14,22:00:00,27.7,34.7,91,0.0,0.0,3.1,156,956.5,98,3,Overcast
Jaipur,India,2026-08-14,23:00:00,27.7,34.2,90,0.0,0.0,5.5,203,956.2,100,3,Overcast
Jaipur,India,2026-08-15,00:00:00,27.1,33.4,91,0.0,0.0,5.1,222,955.5,100,3,Overcast
Jaipur,India,2026-08-15,01:00:00,27.0,33.1,89,0.0,0.0,4.9,234,955.7,98,3,Overcast
Jaipur,India,2026-08-15,02:00:00,26.8,32.8,89,0.0,0.0,4.7,242,955.6,100,3,Overcast
Jaipur,India,2026-08-15,03:00:00,26.7,32.4,90,0.2,0.2,5.9,250,955.5,82,51,Light Drizzle
Jaipur,India,2026-08-15,04:00:00,26.5,32.2,91,0.0,0.0,6.1,256,955.5,43,1,Mainly Clear
Jaipur,India,2026-08-15,05:00:00,26.1,31.0,91,0.0,0.0,9.6,286,955.6,98,3,Overcast
Jaipur,India,2026-08-15,06:00:00,25.9,30.5,89,0.0,0.0,10.1,290,956.5,98,3,Overcast
Jaipur,India,2026-08-15,07:00:00,26.8,31.3,84,0.0,0.0,9.7,289,956.8,91,3,Overcast
Jaipur,India,2026-08-15,08:00:00,28.1,32.5,78,0.0,0.0,10.9,289,957.3,95,3,Overcast
Jaipur,India,2026-08-15,09:00:00,28.9,33.3,74,0.0,0.0,10.7,292,957.7,95,3,Overcast
Jaipur,India,2026-08-15,10:00:00,29.6,34.2,71,0.1,0.0,9.9,305,957.7,98,51,Light Drizzle
Jaipur,India,2026-08-15,11:00:00,30.7,36.4,66,0.4,0.3,9.5,306,957.6,98,51,Light Drizzle
Jaipur,India,2026-08-15,12:00:00,31.5,37.6,65,0.0,0.0,8.9,306,956.8,98,3,Overcast
Jaipur,India,2026-08-15,13:00:00,32.1,38.6,63,0.0,0.0,7.7,309,956.5,100,3,Overcast
Jaipur,India,2026-08-15,14:00:00,32.1,37.8,62,0.0,0.0,8.5,298,955.6,100,3,Overcast
Jaipur,India,2026-08-15,15:00:00,29.8,34.9,74,0.4,0.0,9.6,337,954.8,98,95,Thunderstorm
Jaipur,India,2026-08-15,16:00:00,27.2,33.6,92,3.6,0.8,5.9,128,954.6,100,96,Thunderstorm with Hail
Jaipur,India,2026-08-15,17:00:00,28.1,34.5,84,0.8,0.8,3.1,357,955.0,100,53,Moderate Drizzle
Jaipur,India,2026-08-15,18:00:00,27.0,33.6,93,1.0,1.0,4.4,258,954.8,100,55,Heavy Drizzle
Jaipur,India,2026-08-15,19:00:00,26.9,33.9,94,0.5,0.5,2.1,211,955.2,100,53,Moderate Drizzle
Jaipur,India,2026-08-15,20:00:00,26.7,33.4,95,1.0,0.4,3.3,209,955.7,100,55,Heavy Drizzle
Jaipur,India,2026-08-15,21:00:00,26.5,32.9,95,1.0,0.4,4.8,233,956.1,100,55,Heavy Drizzle
Jaipur,India,2026-08-15,22:00:00,26.1,32.1,95,0.9,0.5,6.1,220,956.4,100,53,Moderate Drizzle
Jaipur,India,2026-08-15,23:00:00,26.5,32.8,97,0.9,0.8,7.0,224,955.8,100,53,Moderate Drizzle
Jaipur,India,2026-08-16,00:00:00,26.5,32.6,96,0.1,0.1,8.0,252,955.7,100,51,Light Drizzle
Jaipur,India,2026-08-16,01:00:00,26.3,32.1,96,0.1,0.1,9.0,276,954.9,100,51,Light Drizzle
Jaipur,India,2026-08-16,02:00:00,26.1,31.2,93,0.1,0.1,9.9,272,954.4,95,51,Light Drizzle
Jaipur,India,2026-08-16,03:00:00,25.8,30.5,92,0.0,0.0,10.5,263,954.4,81,3,Overcast
Jaipur,India,2026-08-16,04:00:00,25.5,29.7,89,0.0,0.0,10.5,262,954.7,94,3,Overcast
Jaipur,India,2026-08-16,05:00:00,26.0,29.5,83,0.0,0.0,13.2,277,954.0,94,3,Overcast
Jaipur,India,2026-08-16,06:00:00,25.9,29.4,82,0.0,0.0,11.9,276,954.8,98,3,Overcast
Jaipur,India,2026-08-16,07:00:00,26.6,30.4,80,0.0,0.0,10.5,276,955.3,100,3,Overcast
Jaipur,India,2026-08-16,08:00:00,27.2,30.8,77,0.0,0.0,12.0,282,956.0,96,3,Overcast
Jaipur,India,2026-08-16,09:00:00,28.0,31.8,75,0.0,0.0,11.8,281,956.5,98,3,Overcast
Jaipur,India,2026-08-16,10:00:00,29.1,33.1,71,0.0,0.0,11.7,284,956.6,100,3,Overcast
Jaipur,India,2026-08-16,11:00:00,30.0,33.9,67,0.0,0.0,11.1,277,956.3,89,3,Overcast
Jaipur,India,2026-08-16,12:00:00,30.9,35.9,64,0.1,0.0,8.5,282,956.0,63,51,Light Drizzle
Jaipur,India,2026-08-16,13:00:00,31.7,37.6,62,0.0,0.0,7.7,269,955.5,28,1,Mainly Clear
Jaipur,India,2026-08-16,14:00:00,32.0,37.9,62,0.0,0.0,8.6,262,954.7,45,1,Mainly Clear
Jaipur,India,2026-08-16,15:00:00,32.0,37.3,61,0.0,0.0,8.3,254,954.2,27,1,Mainly Clear
Jaipur,India,2026-08-16,16:00:00,31.8,36.3,62,0.0,0.0,8.7,249,953.8,40,1,Mainly Clear
Jaipur,India,2026-08-16,17:00:00,31.2,35.7,64,0.0,0.0,9.0,247,954.2,89,3,Overcast
Jaipur,India,2026-08-16,18:00:00,29.9,34.9,70,0.0,0.0,7.3,240,954.2,96,3,Overcast
Jaipur,India,2026-08-16,19:00:00,28.7,34.1,77,0.0,0.0,5.9,239,954.7,96,3,Overcast
Jaipur,India,2026-08-16,20:00:00,28.2,33.7,80,0.0,0.0,5.3,235,955.3,77,2,Partly Cloudy
Jaipur,India,2026-08-16,21:00:00,27.7,33.0,82,0.0,0.0,6.7,239,956.0,95,3,Overcast
Jaipur,India,2026-08-16,22:00:00,27.5,32.2,81,0.0,0.0,8.9,251,956.1,90,3,Overcast
Jaipur,India,2026-08-16,23:00:00,27.7,32.3,81,0.0,0.0,10.4,261,955.6,92,3,Overcast
Jaipur,India,2026-08-17,00:00:00,27.3,31.9,81,0.0,0.0,8.7,262,955.6,100,3,Overcast
Jaipur,India,2026-08-17,01:00:00,27.3,31.8,80,0.0,0.0,8.8,261,955.3,100,3,Overcast
Jaipur,India,2026-08-17,02:00:00,27.1,31.3,79,0.0,0.0,9.9,258,955.0,100,3,Overcast
Jaipur,India,2026-08-17,03:00:00,26.9,30.9,79,0.0,0.0,10.1,260,954.9,99,3,Overcast
Jaipur,India,2026-08-17,04:00:00,26.6,30.5,80,0.0,0.0,10.0,264,955.0,95,3,Overcast
Jaipur,India,2026-08-17,05:00:00,26.5,30.1,82,0.0,0.0,12.8,272,954.9,100,3,Overcast
Jaipur,India,2026-08-17,06:00:00,26.2,30.1,83,0.0,0.0,11.1,277,955.7,99,3,Overcast
Jaipur,India,2026-08-17,07:00:00,26.4,30.3,82,0.0,0.0,11.7,274,956.2,98,3,Overcast
Jaipur,India,2026-08-17,08:00:00,27.0,30.5,79,0.0,0.0,13.2,274,956.5,94,3,Overcast
Jaipur,India,2026-08-17,09:00:00,27.7,31.3,76,0.0,0.0,12.9,276,957.0,95,3,Overcast
Jaipur,India,2026-08-17,10:00:00,29.0,32.7,70,0.0,0.0,11.7,266,957.4,100,3,Overcast
Jaipur,India,2026-08-17,11:00:00,29.2,32.9,69,0.0,0.0,11.5,256,957.4,100,3,Overcast
Jaipur,India,2026-08-17,12:00:00,29.7,33.6,66,0.0,0.0,9.8,252,957.0,98,3,Overcast
Jaipur,India,2026-08-17,13:00:00,31.0,35.2,61,0.0,0.0,10.3,248,956.4,100,3,Overcast
Jaipur,India,2026-08-17,14:00:00,30.9,34.8,62,0.0,0.0,10.3,248,955.6,98,3,Overcast
Jaipur,India,2026-08-17,15:00:00,31.1,35.3,62,0.2,0.2,11.0,247,955.3,95,51,Light Drizzle
Jaipur,India,2026-08-17,16:00:00,31.0,34.8,62,0.1,0.1,10.8,249,954.7,96,51,Light Drizzle
Jaipur,India,2026-08-17,17:00:00,30.5,34.7,66,0.0,0.0,10.7,243,954.5,80,3,Overcast
Jaipur,India,2026-08-17,18:00:00,29.6,34.5,71,0.0,0.0,7.1,234,954.8,60,2,Partly Cloudy
Jaipur,India,2026-08-17,19:00:00,28.4,33.2,77,0.0,0.0,8.1,231,955.2,75,2,Partly Cloudy
Jaipur,India,2026-08-17,20:00:00,27.7,32.6,80,0.0,0.0,7.5,228,955.9,88,3,Overcast
Jaipur,India,2026-08-17,21:00:00,27.4,32.4,81,0.0,0.0,6.9,221,956.6,21,1,Mainly Clear
Jaipur,India,2026-08-17,22:00:00,27.1,32.1,82,0.0,0.0,6.4,234,957.1,51,2,Partly Cloudy
Jaipur,India,2026-08-17,23:00:00,27.7,32.2,79,0.0,0.0,9.2,249,956.8,82,3,Overcast
Jaipur,India,2026-08-18,00:00:00,27.3,31.1,77,0.0,0.0,11.4,258,956.7,94,3,Overcast
Jaipur,India,2026-08-18,01:00:00,26.9,30.4,76,0.0,0.0,11.5,262,956.3,86,3,Overcast
Jaipur,India,2026-08-18,02:00:00,26.4,30.0,78,0.0,0.0,9.9,269,956.0,41,1,Mainly Clear
Jaipur,India,2026-08-18,03:00:00,25.9,29.8,81,0.0,0.0,8.1,273,955.6,1,0,Clear Sky
Jaipur,India,2026-08-18,04:00:00,25.4,29.4,83,0.0,0.0,7.2,271,955.9,0,0,Clear Sky
Jaipur,India,2026-08-18,05:00:00,25.6,29.5,84,0.0,0.0,9.5,271,956.0,55,2,Partly Cloudy
Jaipur,India,2026-08-18,06:00:00,25.5,29.3,84,0.0,0.0,9.9,267,956.5,85,3,Overcast
Jaipur,India,2026-08-18,07:00:00,26.3,30.4,82,0.0,0.0,8.9,262,957.0,68,2,Partly Cloudy
Jaipur,India,2026-08-18,08:00:00,27.4,31.1,77,0.0,0.0,12.3,267,957.6,70,2,Partly Cloudy
Jaipur,India,2026-08-18,09:00:00,28.7,32.3,71,0.0,0.0,12.1,273,958.0,68,2,Partly Cloudy
Jaipur,India,2026-08-18,10:00:00,29.7,34.0,67,0.0,0.0,9.4,269,958.3,88,3,Overcast
Jaipur,India,2026-08-18,11:00:00,30.6,35.7,62,0.0,0.0,8.6,258,958.5,100,3,Overcast
Jaipur,India,2026-08-18,12:00:00,31.0,36.0,60,0.0,0.0,8.1,252,958.1,88,3,Overcast
Jaipur,India,2026-08-18,13:00:00,31.6,36.9,58,0.0,0.0,7.6,251,957.4,48,1,Mainly Clear
Jaipur,India,2026-08-18,14:00:00,31.9,36.4,56,0.0,0.0,7.9,246,956.5,79,2,Partly Cloudy
Jaipur,India,2026-08-18,15:00:00,31.8,35.2,55,0.0,0.0,9.2,244,955.9,100,3,Overcast
Jaipur,India,2026-08-18,16:00:00,31.4,34.9,58,0.0,0.0,9.5,249,955.5,41,1,Mainly Clear
Jaipur,India,2026-08-18,17:00:00,30.9,34.9,62,0.0,0.0,9.1,232,955.0,40,1,Mainly Clear
Jaipur,India,2026-08-18,18:00:00,29.9,35.1,69,0.0,0.0,4.8,233,955.6,67,2,Partly Cloudy
Jaipur,India,2026-08-18,19:00:00,28.9,34.3,75,0.0,0.0,4.7,252,956.1,70,2,Partly Cloudy
Jaipur,India,2026-08-18,20:00:00,28.3,33.9,78,0.0,0.0,4.4,263,956.7,73,2,Partly Cloudy
Jaipur,India,2026-08-18,21:00:00,27.8,33.6,82,0.0,0.0,3.5,255,957.4,69,2,Partly Cloudy
Jaipur,India,2026-08-18,22:00:00,27.5,32.7,81,0.0,0.0,6.1,256,957.5,55,2,Partly Cloudy
Jaipur,India,2026-08-18,23:00:00,27.5,31.6,77,0.0,0.0,9.2,272,957.2,57,2,Partly Cloudy
Jaipur,India,2026-08-19,00:00:00,26.9,30.7,76,0.0,0.0,8.8,281,956.8,90,3,Overcast
Jaipur,India,2026-08-19,01:00:00,26.3,29.9,77,0.0,0.0,8.5,274,956.4,95,3,Overcast
Jaipur,India,2026-08-19,02:00:00,25.8,29.3,78,0.0,0.0,8.0,275,956.1,48,1,Mainly Clear
Jaipur,India,2026-08-19,03:00:00,25.3,28.8,80,0.0,0.0,7.4,284,955.9,12,0,Clear Sky
Jaipur,India,2026-08-19,04:00:00,24.9,28.6,82,0.0,0.0,6.4,297,956.4,7,0,Clear Sky
Jaipur,India,2026-08-19,05:00:00,25.6,29.4,83,0.0,0.0,8.7,284,956.1,31,1,Mainly Clear
Jaipur,India,2026-08-19,06:00:00,25.5,29.6,84,0.0,0.0,8.0,286,956.8,42,1,Mainly Clear
Jaipur,India,2026-08-19,07:00:00,26.5,31.0,81,0.0,0.0,7.0,280,957.6,13,0,Clear Sky
Jaipur,India,2026-08-19,08:00:00,27.6,31.8,76,0.0,0.0,9.2,273,958.2,6,0,Clear Sky
Jaipur,India,2026-08-19,09:00:00,28.9,33.0,71,0.0,0.0,9.9,285,958.7,52,2,Partly Cloudy
Jaipur,India,2026-08-19,10:00:00,30.0,35.0,66,0.0,0.0,6.8,282,958.5,39,1,Mainly Clear
Jaipur,India,2026-08-19,11:00:00,30.7,36.4,61,0.0,0.0,6.2,253,958.7,30,1,Mainly Clear
Jaipur,India,2026-08-19,12:00:00,31.2,37.1,59,0.0,0.0,6.8,235,958.1,30,1,Mainly Clear
Jaipur,India,2026-08-19,13:00:00,31.6,37.3,56,0.0,0.0,6.9,237,957.6,42,1,Mainly Clear
Jaipur,India,2026-08-19,14:00:00,32.1,37.3,54,0.0,0.0,7.2,238,956.8,20,1,Mainly Clear
Jaipur,India,2026-08-19,15:00:00,32.1,36.4,53,0.0,0.0,7.9,240,956.3,7,0,Clear Sky
Jaipur,India,2026-08-19,16:00:00,31.8,35.1,54,0.0,0.0,7.9,240,955.8,16,0,Clear Sky
Jaipur,India,2026-08-19,17:00:00,31.5,35.3,57,0.0,0.0,7.2,245,956.0,89,3,Overcast
Jaipur,India,2026-08-19,18:00:00,30.2,34.9,66,0.0,0.0,5.8,240,956.0,100,3,Overcast
Jaipur,India,2026-08-19,19:00:00,29.0,34.2,73,0.0,0.0,4.1,247,956.5,99,3,Overcast
Jaipur,India,2026-08-19,20:00:00,28.5,33.3,74,0.0,0.0,5.9,250,957.1,100,3,Overcast
Jaipur,India,2026-08-19,21:00:00,28.0,32.8,75,0.0,0.0,6.1,251,957.8,96,3,Overcast
Jaipur,India,2026-08-19,22:00:00,27.8,32.4,76,0.0,0.0,6.4,262,957.9,95,3,Overcast
Jaipur,India,2026-08-19,23:00:00,27.5,31.4,75,0.0,0.0,9.6,284,957.7,82,3,Overcast
Jaipur,India,2026-08-20,00:00:00,26.9,30.9,76,0.0,0.0,7.5,287,957.5,72,2,Partly Cloudy
Jaipur,India,2026-08-20,01:00:00,26.5,30.4,77,0.0,0.0,7.5,291,957.3,66,2,Partly Cloudy
Jaipur,India,2026-08-20,02:00:00,26.1,29.8,78,0.0,0.0,8.4,286,956.8,55,2,Partly Cloudy
Jaipur,India,2026-08-20,03:00:00,25.9,29.4,79,0.0,0.0,9.0,285,956.6,56,2,Partly Cloudy
Jaipur,India,2026-08-20,04:00:00,25.6,29.1,80,0.0,0.0,9.0,290,956.9,35,1,Mainly Clear
Jaipur,India,2026-08-20,05:00:00,26.2,29.5,77,0.0,0.0,10.4,288,956.8,91,3,Overcast
Jaipur,India,2026-08-20,06:00:00,25.9,29.4,79,0.0,0.0,9.2,291,957.4,100,3,Overcast
Jaipur,India,2026-08-20,07:00:00,26.5,30.1,77,0.0,0.0,9.0,292,958.1,90,3,Overcast
Jaipur,India,2026-08-20,08:00:00,27.2,31.2,76,0.0,0.0,8.2,289,958.3,98,3,Overcast
Jaipur,India,2026-08-20,09:00:00,28.1,32.2,74,0.0,0.0,9.0,299,958.9,95,3,Overcast
Jaipur,India,2026-08-20,10:00:00,29.5,33.9,70,0.0,0.0,8.9,295,959.0,84,3,Overcast
Jaipur,India,2026-08-20,11:00:00,30.9,35.7,59,0.0,0.0,7.1,304,958.8,79,2,Partly Cloudy
Jaipur,India,2026-08-20,12:00:00,31.7,36.7,56,0.0,0.0,5.1,306,958.0,92,3,Overcast
Jaipur,India,2026-08-20,13:00:00,32.1,37.0,55,0.0,0.0,4.7,310,957.6,94,3,Overcast
Jaipur,India,2026-08-20,14:00:00,32.2,37.1,55,0.0,0.0,5.4,310,956.6,99,3,Overcast
Jaipur,India,2026-08-20,15:00:00,32.0,36.1,55,0.2,0.2,4.8,292,956.2,79,51,Light Drizzle
Jaipur,India,2026-08-20,16:00:00,31.8,36.0,57,0.2,0.2,5.6,263,955.7,95,51,Light Drizzle
Jaipur,India,2026-08-20,17:00:00,31.5,35.9,59,0.2,0.2,4.9,274,956.1,99,51,Light Drizzle
Jaipur,India,2026-08-20,18:00:00,30.1,35.2,65,0.1,0.1,2.4,9,956.3,99,51,Light Drizzle
Jaipur,India,2026-08-20,19:00:00,28.8,34.8,78,0.0,0.0,3.1,10,956.4,97,3,Overcast
Jaipur,India,2026-08-20,20:00:00,28.1,34.6,85,0.0,0.0,2.5,360,956.8,95,3,Overcast
Jaipur,India,2026-08-20,21:00:00,27.8,34.0,85,0.0,0.0,3.5,246,957.4,95,3,Overcast
Jaipur,India,2026-08-20,22:00:00,27.5,32.5,80,0.0,0.0,6.8,267,957.6,100,3,Overcast
Jaipur,India,2026-08-20,23:00:00,27.7,32.5,79,0.0,0.0,7.9,281,957.2,96,3,Overcast
Jaipur,India,2026-08-21,00:00:00,27.3,31.6,78,0.0,0.0,8.0,279,957.1,95,3,Overcast
Jaipur,India,2026-08-21,01:00:00,26.9,30.9,78,0.0,0.0,8.8,281,956.6,89,3,Overcast
Jaipur,India,2026-08-21,02:00:00,26.6,30.4,78,0.0,0.0,9.0,280,956.4,91,3,Overcast
Jaipur,India,2026-08-21,03:00:00,26.3,29.8,77,0.0,0.0,9.8,283,956.1,86,3,Overcast
Jaipur,India,2026-08-21,04:00:00,26.1,29.5,77,0.0,0.0,10.2,287,956.3,100,3,Overcast
Jaipur,India,2026-08-21,05:00:00,26.2,29.4,78,0.0,0.0,11.8,289,956.2,89,3,Overcast
Jaipur,India,2026-08-21,06:00:00,26.1,29.3,78,0.0,0.0,11.5,293,956.5,63,2,Partly Cloudy
Jaipur,India,2026-08-21,07:00:00,26.7,30.3,77,0.0,0.0,9.5,292,957.2,83,3,Overcast
Jaipur,India,2026-08-21,08:00:00,27.8,31.7,74,0.0,0.0,9.5,295,957.9,100,3,Overcast
Jaipur,India,2026-08-21,09:00:00,28.4,32.6,73,0.0,0.0,8.8,285,958.1,98,3,Overcast
Jaipur,India,2026-08-21,10:00:00,30.1,34.2,66,0.0,0.0,9.5,289,958.5,100,3,Overcast
Jaipur,India,2026-08-21,11:00:00,30.7,34.6,63,0.0,0.0,10.0,291,958.2,95,3,Overcast
Jaipur,India,2026-08-21,12:00:00,31.8,36.6,58,0.0,0.0,7.6,295,957.5,80,3,Overcast
Jaipur,India,2026-08-21,13:00:00,32.5,38.1,55,0.1,0.1,5.6,299,956.5,99,51,Light Drizzle
Jaipur,India,2026-08-21,14:00:00,33.0,38.5,53,0.1,0.1,4.2,288,955.9,100,51,Light Drizzle
Jaipur,India,2026-08-21,15:00:00,32.9,37.7,54,0.1,0.1,5.2,274,955.4,98,51,Light Drizzle
Jaipur,India,2026-08-21,16:00:00,30.1,34.1,66,0.7,0.5,10.1,264,955.1,99,53,Moderate Drizzle
Jaipur,India,2026-08-21,17:00:00,32.3,36.5,56,0.1,0.1,6.8,281,954.9,57,51,Light Drizzle
Jaipur,India,2026-08-21,18:00:00,30.4,36.1,71,0.4,0.2,4.6,257,955.2,93,51,Light Drizzle
Jaipur,India,2026-08-21,19:00:00,29.3,34.6,75,0.0,0.0,7.2,252,955.5,86,3,Overcast
Jaipur,India,2026-08-21,20:00:00,28.9,34.0,76,0.0,0.0,7.2,252,955.8,20,1,Mainly Clear
Jaipur,India,2026-08-21,21:00:00,28.6,33.7,76,0.0,0.0,6.9,253,956.2,22,1,Mainly Clear
Jaipur,India,2026-08-21,22:00:00,28.1,33.0,78,0.0,0.0,7.6,258,956.4,37,1,Mainly Clear
Jaipur,India,2026-08-21,23:00:00,28.0,32.3,77,0.0,0.0,9.7,266,955.9,89,3,Overcast
Jaipur,India,2026-08-22,00:00:00,27.7,31.5,74,0.0,0.0,10.3,274,955.8,99,3,Overcast
Jaipur,India,2026-08-22,01:00:00,27.3,30.8,74,0.0,0.0,9.8,278,955.7,98,3,Overcast
Jaipur,India,2026-08-22,02:00:00,26.7,30.2,75,0.0,0.0,9.6,279,955.5,93,3,Overcast
Jaipur,India,2026-08-22,03:00:00,26.3,29.7,77,0.0,0.0,10.2,279,955.5,100,3,Overcast
Jaipur,India,2026-08-22,04:00:00,26.0,29.2,79,0.0,0.0,11.7,274,955.6,84,3,Overcast
Jaipur,India,2026-08-22,05:00:00,26.4,29.5,78,0.0,0.0,12.6,280,955.6,1,0,Clear Sky
Jaipur,India,2026-08-22,06:00:00,26.2,29.4,78,0.0,0.0,11.7,280,956.3,12,0,Clear Sky
Jaipur,India,2026-08-22,07:00:00,26.9,30.5,76,0.0,0.0,10.3,289,957.1,2,0,Clear Sky
Jaipur,India,2026-08-22,08:00:00,27.9,31.3,72,0.0,0.0,11.9,280,957.3,1,0,Clear Sky
Jaipur,India,2026-08-22,09:00:00,29.1,32.6,68,0.0,0.0,11.6,282,958.2,9,0,Clear Sky
Jaipur,India,2026-08-22,10:00:00,30.2,34.8,65,0.0,0.0,10.3,283,958.4,17,0,Clear Sky
Jaipur,India,2026-08-22,11:00:00,31.4,36.7,59,0.0,0.0,9.7,272,958.1,37,1,Mainly Clear
Jaipur,India,2026-08-22,12:00:00,32.0,37.5,58,0.0,0.0,9.4,272,957.4,34,1,Mainly Clear
Jaipur,India,2026-08-22,13:00:00,32.7,38.8,56,0.0,0.0,8.1,269,956.6,19,0,Clear Sky
Jaipur,India,2026-08-22,14:00:00,32.9,38.6,56,0.0,0.0,8.5,266,955.7,75,2,Partly Cloudy
Jaipur,India,2026-08-22,15:00:00,32.7,37.7,57,0.0,0.0,8.1,269,955.1,59,2,Partly Cloudy
Jaipur,India,2026-08-22,16:00:00,32.4,36.5,57,0.0,0.0,8.6,278,954.3,35,1,Mainly Clear
Jaipur,India,2026-08-22,17:00:00,31.9,35.9,58,0.0,0.0,7.7,242,954.6,21,1,Mainly Clear
Jaipur,India,2026-08-22,18:00:00,30.8,35.6,64,0.1,0.1,5.8,231,955.2,27,51,Light Drizzle
Jaipur,India,2026-08-22,19:00:00,29.6,34.5,71,0.0,0.0,6.5,228,955.4,26,1,Mainly Clear
Jaipur,India,2026-08-22,20:00:00,29.1,33.7,71,0.0,0.0,7.4,238,955.7,34,1,Mainly Clear
Jaipur,India,2026-08-22,21:00:00,28.5,33.1,74,0.0,0.0,7.1,234,956.4,44,1,Mainly Clear
Jaipur,India,2026-08-22,22:00:00,28.0,32.7,76,0.0,0.0,6.8,267,956.7,51,2,Partly Cloudy
Jaipur,India,2026-08-22,23:00:00,28.1,33.0,78,0.0,0.0,7.3,286,956.5,6,0,Clear Sky
Jaipur,India,2026-08-23,00:00:00,27.5,32.4,80,0.0,0.0,6.6,296,956.4,18,0,Clear Sky
Jaipur,India,2026-08-23,01:00:00,27.2,31.7,80,0.0,0.0,7.7,298,956.2,8,0,Clear Sky
Jaipur,India,2026-08-23,02:00:00,26.8,31.6,81,0.0,0.0,5.9,288,955.8,21,1,Mainly Clear
Jaipur,India,2026-08-23,03:00:00,26.5,31.2,82,0.0,0.0,5.6,274,955.7,43,1,Mainly Clear
Jaipur,India,2026-08-23,04:00:00,26.2,30.6,83,0.0,0.0,6.9,284,955.7,21,1,Mainly Clear
Jaipur,India,2026-08-23,05:00:00,26.9,30.9,79,0.0,0.0,9.3,283,955.8,0,0,Clear Sky
Jaipur,India,2026-08-23,06:00:00,26.5,30.4,80,0.0,0.0,9.1,288,956.8,0,0,Clear Sky
Jaipur,India,2026-08-23,07:00:00,27.2,31.1,77,0.0,0.0,10.2,296,957.2,0,0,Clear Sky
Jaipur,India,2026-08-23,08:00:00,28.4,32.0,71,0.0,0.0,10.8,288,957.8,0,0,Clear Sky
Jaipur,India,2026-08-23,09:00:00,29.6,33.3,65,0.0,0.0,9.6,286,958.4,0,0,Clear Sky
Jaipur,India,2026-08-23,10:00:00,31.0,35.7,60,0.0,0.0,8.2,284,958.8,2,0,Clear Sky
Jaipur,India,2026-08-23,11:00:00,31.9,37.5,57,0.0,0.0,7.3,277,959.1,20,1,Mainly Clear
Jaipur,India,2026-08-23,12:00:00,32.4,38.3,56,0.0,0.0,7.4,274,958.5,11,0,Clear Sky
Jaipur,India,2026-08-23,13:00:00,33.0,39.3,54,0.0,0.0,6.2,282,957.6,19,0,Clear Sky
Jaipur,India,2026-08-23,14:00:00,33.1,38.9,54,0.0,0.0,5.4,274,956.7,31,1,Mainly Clear
Jaipur,India,2026-08-23,15:00:00,32.9,37.7,54,0.1,0.1,5.8,279,956.2,24,51,Light Drizzle
Jaipur,India,2026-08-23,16:00:00,32.6,36.7,54,0.1,0.1,6.1,282,955.6,13,51,Light Drizzle
Jaipur,India,2026-08-23,17:00:00,32.9,36.4,51,0.0,0.0,7.8,262,955.1,10,0,Clear Sky
Jaipur,India,2026-08-23,18:00:00,31.8,35.7,57,0.0,0.0,7.1,234,955.7,2,0,Clear Sky
Jaipur,India,2026-08-23,19:00:00,30.5,35.1,64,0.0,0.0,5.8,240,956.3,13,0,Clear Sky
Jaipur,India,2026-08-23,20:00:00,30.0,34.7,66,0.0,0.0,5.3,246,957.3,34,1,Mainly Clear
Jaipur,India,2026-08-23,21:00:00,29.4,34.5,70,0.0,0.0,3.6,198,958.0,48,1,Mainly Clear
Jaipur,India,2026-08-23,22:00:00,28.8,34.1,73,0.0,0.0,3.5,215,958.0,38,1,Mainly Clear
Jaipur,India,2026-08-23,23:00:00,28.7,33.2,72,0.0,0.0,8.0,288,957.6,41,1,Mainly Clear
Jaipur,India,2026-08-24,00:00:00,28.4,32.3,70,0.0,0.0,7.8,279,957.2,80,3,Overcast
Jaipur,India,2026-08-24,01:00:00,27.9,31.4,71,0.0,0.0,9.7,294,956.9,95,3,Overcast
Jaipur,India,2026-08-24,02:00:00,27.4,30.6,72,0.0,0.0,11.3,303,956.4,83,3,Overcast
Jaipur,India,2026-08-24,03:00:00,27.0,30.2,74,0.0,0.0,11.6,307,956.3,89,3,Overcast
Jaipur,India,2026-08-24,04:00:00,26.7,29.9,76,0.0,0.0,11.6,302,956.6,42,1,Mainly Clear
Jaipur,India,2026-08-24,05:00:00,26.9,30.0,75,0.0,0.0,13.2,294,956.9,27,1,Mainly Clear
Jaipur,India,2026-08-24,06:00:00,26.5,29.6,78,0.0,0.0,14.0,301,957.3,23,1,Mainly Clear
Jaipur,India,2026-08-24,07:00:00,27.0,30.5,77,0.0,0.0,12.6,299,957.6,16,0,Clear Sky
Jaipur,India,2026-08-24,08:00:00,28.3,31.6,72,0.0,0.0,13.4,299,957.9,4,0,Clear Sky
Jaipur,India,2026-08-24,09:00:00,29.8,33.1,66,0.0,0.0,13.6,306,958.6,6,0,Clear Sky
Jaipur,India,2026-08-24,10:00:00,31.2,35.2,61,0.0,0.0,14.1,310,958.5,4,0,Clear Sky
Jaipur,India,2026-08-24,11:00:00,32.2,37.0,56,0.0,0.0,11.8,316,958.5,90,3,Overcast
Jaipur,India,2026-08-24,12:00:00,32.2,36.2,56,0.1,0.1,9.1,324,957.8,97,51,Light Drizzle
Jaipur,India,2026-08-24,13:00:00,32.9,37.3,52,0.0,0.0,8.9,341,957.4,99,3,Overcast
Jaipur,India,2026-08-24,14:00:00,28.9,31.9,67,0.2,0.0,13.5,37,956.7,95,51,Light Drizzle
Jaipur,India,2026-08-24,15:00:00,27.1,32.6,84,1.8,1.6,4.9,54,956.5,100,80,Light Rain Showers
Jaipur,India,2026-08-24,16:00:00,28.0,33.1,77,0.0,0.0,4.5,88,956.1,66,2,Partly Cloudy
Jaipur,India,2026-08-24,17:00:00,30.0,35.3,68,0.0,0.0,3.9,146,955.4,98,3,Overcast
Jaipur,India,2026-08-24,18:00:00,29.6,35.2,72,0.0,0.0,3.3,186,956.0,94,3,Overcast
Jaipur,India,2026-08-24,19:00:00,28.8,34.8,78,0.0,0.0,3.6,150,956.6,100,3,Overcast
Jaipur,India,2026-08-24,20:00:00,28.5,34.6,81,0.0,0.0,3.8,175,957.1,100,3,Overcast
Jaipur,India,2026-08-24,21:00:00,28.1,34.1,83,0.0,0.0,4.4,128,957.5,99,3,Overcast
Jaipur,India,2026-08-24,22:00:00,24.2,29.5,99,3.3,1.3,5.0,142,958.3,100,81,Moderate Rain Showers
Jaipur,India,2026-08-24,23:00:00,26.6,32.0,88,0.8,0.8,5.6,149,957.3,62,53,Moderate Drizzle
Jaipur,India,2026-08-25,00:00:00,25.8,31.2,91,0.0,0.0,4.7,184,957.0,13,0,Clear Sky
Jaipur,India,2026-08-25,01:00:00,25.5,30.7,91,0.0,0.0,5.1,188,956.6,29,1,Mainly Clear
Jaipur,India,2026-08-25,02:00:00,25.3,30.6,92,0.0,0.0,5.2,168,956.1,93,3,Overcast
Jaipur,India,2026-08-25,03:00:00,25.3,31.3,93,0.0,0.0,0.5,45,956.2,98,3,Overcast
Jaipur,India,2026-08-25,04:00:00,24.2,28.5,96,0.4,0.4,10.6,118,956.6,100,51,Light Drizzle
Jaipur,India,2026-08-25,05:00:00,25.5,31.2,99,0.3,0.3,7.5,136,956.3,80,51,Light Drizzle
Jaipur,India,2026-08-25,06:00:00,24.8,30.5,99,0.0,0.0,5.3,168,956.7,93,3,Overcast
Jaipur,India,2026-08-25,07:00:00,23.9,28.9,99,1.7,0.7,6.2,136,957.9,100,80,Light Rain Showers
Jaipur,India,2026-08-25,08:00:00,24.5,30.0,96,2.1,2.1,3.2,196,958.0,84,61,Light Rain
Jaipur,India,2026-08-25,09:00:00,26.5,32.2,89,0.3,0.3,4.3,272,958.3,31,51,Light Drizzle
Jaipur,India,2026-08-25,10:00:00,28.9,34.5,76,0.0,0.0,6.4,288,958.6,57,2,Partly Cloudy
Jaipur,India,2026-08-25,11:00:00,28.7,35.1,77,0.0,0.0,7.6,292,958.4,78,2,Partly Cloudy
Jaipur,India,2026-08-25,12:00:00,30.5,35.8,65,0.1,0.1,7.9,357,958.1,100,51,Light Drizzle
Jaipur,India,2026-08-25,13:00:00,30.0,34.0,65,0.1,0.1,9.0,348,957.2,98,51,Light Drizzle
Jaipur,India,2026-08-25,14:00:00,30.5,34.7,64,0.0,0.0,8.4,351,956.5,65,2,Partly Cloudy
Jaipur,India,2026-08-25,15:00:00,31.3,35.0,59,0.0,0.0,9.9,9,956.2,57,2,Partly Cloudy
Jaipur,India,2026-08-25,16:00:00,30.8,34.3,59,0.0,0.0,9.4,11,955.8,100,3,Overcast
Jaipur,India,2026-08-25,17:00:00,30.9,35.7,63,0.0,0.0,4.4,78,956.1,100,3,Overcast
Jaipur,India,2026-08-25,18:00:00,29.8,35.4,71,0.0,0.0,2.2,85,956.4,100,3,Overcast
Jaipur,India,2026-08-25,19:00:00,28.5,34.9,82,0.1,0.1,2.9,274,956.8,100,51,Light Drizzle
Jaipur,India,2026-08-25,20:00:00,27.5,33.1,86,0.0,0.0,7.4,274,957.5,100,3,Overcast
Jaipur,India,2026-08-25,21:00:00,26.9,32.4,88,0.0,0.0,6.5,278,957.7,98,3,Overcast
Jaipur,India,2026-08-25,22:00:00,26.5,31.9,89,0.0,0.0,6.5,284,957.3,100,3,Overcast
Jaipur,India,2026-08-25,23:00:00,27.2,33.2,89,0.0,0.0,6.1,284,956.9,100,3,Overcast
Jaipur,India,2026-08-26,00:00:00,26.9,33.0,90,0.0,0.0,5.0,300,957.1,99,3,Overcast
Jaipur,India,2026-08-26,01:00:00,26.8,33.1,91,0.0,0.0,3.3,306,957.0,74,2,Partly Cloudy
Jaipur,India,2026-08-26,02:00:00,26.5,32.8,92,0.0,0.0,2.8,288,956.6,84,3,Overcast
Jaipur,India,2026-08-26,03:00:00,26.2,32.2,93,0.0,0.0,5.0,285,956.2,66,2,Partly Cloudy
Jaipur,India,2026-08-26,04:00:00,26.0,31.4,93,0.0,0.0,7.2,284,956.5,98,3,Overcast
Jaipur,India,2026-08-26,05:00:00,26.3,32.0,93,0.0,0.0,7.4,276,956.5,99,3,Overcast
Jaipur,India,2026-08-26,06:00:00,26.2,31.2,91,0.0,0.0,10.2,284,956.4,95,3,Overcast
Jaipur,India,2026-08-26,07:00:00,27.1,32.0,86,0.0,0.0,9.9,295,957.0,94,3,Overcast
Jaipur,India,2026-08-26,08:00:00,28.2,32.2,78,0.0,0.0,13.5,301,957.3,95,3,Overcast
Jaipur,India,2026-08-26,09:00:00,29.5,33.7,72,0.0,0.0,11.9,302,958.2,99,3,Overcast
Jaipur,India,2026-08-26,10:00:00,30.5,34.9,69,0.0,0.0,12.7,308,958.4,100,3,Overcast
Jaipur,India,2026-08-26,11:00:00,31.6,35.5,62,0.1,0.0,14.7,317,957.9,97,51,Light Drizzle
Jaipur,India,2026-08-26,12:00:00,32.3,37.0,58,0.1,0.1,12.2,327,957.6,96,51,Light Drizzle
Jaipur,India,2026-08-26,13:00:00,32.9,37.3,54,0.0,0.0,10.0,332,956.7,98,3,Overcast
Jaipur,India,2026-08-26,14:00:00,33.1,36.8,52,0.0,0.0,9.7,333,955.9,100,3,Overcast
Jaipur,India,2026-08-26,15:00:00,33.2,36.8,51,0.0,0.0,7.9,333,955.3,99,3,Overcast
Jaipur,India,2026-08-26,16:00:00,32.8,36.5,53,0.0,0.0,7.5,323,954.5,99,3,Overcast
Jaipur,India,2026-08-26,17:00:00,33.0,37.5,55,0.0,0.0,6.3,321,954.6,99,3,Overcast
Jaipur,India,2026-08-26,18:00:00,30.2,35.6,71,0.1,0.1,5.2,96,955.0,100,51,Light Drizzle
Jaipur,India,2026-08-26,19:00:00,28.3,34.0,82,0.0,0.0,6.9,95,955.4,99,3,Overcast
Jaipur,India,2026-08-26,20:00:00,27.4,33.1,87,0.0,0.0,6.2,131,955.9,98,3,Overcast
Jaipur,India,2026-08-26,21:00:00,27.2,32.8,87,0.0,0.0,6.0,170,956.3,99,3,Overcast
Jaipur,India,2026-08-26,22:00:00,27.3,33.0,86,0.0,0.0,5.4,195,956.6,100,3,Overcast
Jaipur,India,2026-08-26,23:00:00,27.4,33.0,86,0.0,0.0,6.3,185,956.5,97,3,Overcast
Jaipur,India,2026-08-27,00:00:00,26.8,32.8,89,0.0,0.0,4.3,204,956.2,80,3,Overcast
Jaipur,India,2026-08-27,01:00:00,26.9,32.5,88,0.0,0.0,6.1,251,955.7,59,2,Partly Cloudy
Jaipur,India,2026-08-27,02:00:00,27.5,31.6,77,0.0,0.0,10.5,273,955.4,79,2,Partly Cloudy
Jaipur,India,2026-08-27,03:00:00,27.3,30.8,75,0.0,0.0,11.6,277,955.2,66,2,Partly Cloudy
Jaipur,India,2026-08-27,04:00:00,26.9,30.1,77,0.0,0.0,13.2,282,955.2,81,3,Overcast
Jaipur,India,2026-08-27,05:00:00,27.1,30.2,78,0.0,0.0,15.5,283,955.7,82,3,Overcast
Jaipur,India,2026-08-27,06:00:00,26.8,29.7,78,0.0,0.0,15.7,287,956.0,59,2,Partly Cloudy
Jaipur,India,2026-08-27,07:00:00,27.1,29.9,77,0.0,0.0,16.9,290,956.4,95,3,Overcast
Jaipur,India,2026-08-27,08:00:00,28.1,31.1,74,0.0,0.0,16.7,291,956.7,75,2,Partly Cloudy
Jaipur,India,2026-08-27,09:00:00,29.1,32.6,72,0.0,0.0,15.8,291,957.3,80,3,Overcast
Jaipur,India,2026-08-27,10:00:00,30.6,34.7,67,0.0,0.0,15.5,292,957.6,65,2,Partly Cloudy
Jaipur,India,2026-08-27,11:00:00,31.9,36.7,60,0.0,0.0,14.2,297,957.3,59,2,Partly Cloudy
Jaipur,India,2026-08-27,12:00:00,32.6,37.7,56,0.0,0.0,12.0,306,957.0,82,3,Overcast
Jaipur,India,2026-08-27,13:00:00,32.8,37.4,54,0.0,0.0,10.2,314,956.3,100,3,Overcast
Jaipur,India,2026-08-27,14:00:00,32.6,36.3,54,0.0,0.0,7.9,305,955.7,100,3,Overcast
Jaipur,India,2026-08-27,15:00:00,32.5,36.7,55,0.0,0.0,6.0,286,955.0,100,3,Overcast
Jaipur,India,2026-08-27,16:00:00,32.3,36.5,56,0.0,0.0,6.7,290,954.5,100,3,Overcast
Jaipur,India,2026-08-27,17:00:00,32.7,36.7,54,0.0,0.0,6.2,260,954.3,28,1,Mainly Clear
Jaipur,India,2026-08-27,18:00:00,30.8,35.7,63,0.0,0.0,4.2,239,954.3,90,3,Overcast
Jaipur,India,2026-08-27,19:00:00,29.5,34.0,68,0.0,0.0,6.3,257,954.6,100,3,Overcast
Jaipur,India,2026-08-27,20:00:00,29.0,33.2,69,0.0,0.0,8.5,265,955.3,98,3,Overcast
Jaipur,India,2026-08-27,21:00:00,28.7,32.7,70,0.0,0.0,8.4,277,956.1,97,3,Overcast
Jaipur,India,2026-08-27,22:00:00,28.2,32.4,73,0.0,0.0,8.9,263,956.5,48,1,Mainly Clear
Jaipur,India,2026-08-27,23:00:00,28.2,32.3,75,0.0,0.0,11.0,251,956.2,30,1,Mainly Clear
Jaipur,India,2026-08-28,00:00:00,27.9,31.7,76,0.0,0.0,12.7,263,956.3,41,1,Mainly Clear
Jaipur,India,2026-08-28,01:00:00,27.6,30.9,76,0.0,0.0,14.4,267,956.0,39,1,Mainly Clear
Jaipur,India,2026-08-28,02:00:00,27.1,30.0,76,0.0,0.0,15.3,267,955.5,83,3,Overcast
Jaipur,India,2026-08-28,03:00:00,26.5,29.1,76,0.0,0.0,15.1,268,955.2,93,3,Overcast
Jaipur,India,2026-08-28,04:00:00,26.0,28.5,76,0.0,0.0,14.4,274,955.1,98,3,Overcast
Jaipur,India,2026-08-28,05:00:00,26.2,28.9,79,0.0,0.0,15.9,284,955.3,95,3,Overcast
Jaipur,India,2026-08-28,06:00:00,26.0,28.7,80,0.0,0.0,15.5,288,956.0,98,3,Overcast
Jaipur,India,2026-08-28,07:00:00,26.6,29.4,77,0.0,0.0,15.6,292,956.7,83,3,Overcast
Jaipur,India,2026-08-28,08:00:00,27.8,30.7,74,0.0,0.0,15.7,292,956.9,54,2,Partly Cloudy
Jaipur,India,2026-08-28,09:00:00,28.9,32.1,70,0.0,0.0,14.7,287,957.4,28,1,Mainly Clear
Jaipur,India,2026-08-28,10:00:00,30.1,34.4,67,0.0,0.0,14.0,285,957.6,55,2,Partly Cloudy
Jaipur,India,2026-08-28,11:00:00,31.4,36.6,62,0.0,0.0,13.2,284,957.4,22,1,Mainly Clear
Jaipur,India,2026-08-28,12:00:00,32.2,38.1,58,0.0,0.0,10.2,279,957.0,67,2,Partly Cloudy
Jaipur,India,2026-08-28,13:00:00,32.4,37.8,57,0.1,0.1,10.0,279,956.3,96,51,Light Drizzle
Jaipur,India,2026-08-28,14:00:00,32.5,37.4,56,0.1,0.1,9.6,275,955.6,70,51,Light Drizzle
Jaipur,India,2026-08-28,15:00:00,32.6,37.0,56,0.1,0.1,9.3,261,955.0,88,51,Light Drizzle
Jaipur,India,2026-08-28,16:00:00,32.4,36.1,57,0.0,0.0,10.7,253,954.5,95,3,Overcast
Jaipur,India,2026-08-28,17:00:00,32.0,36.3,60,0.0,0.0,9.3,245,954.2,51,2,Partly Cloudy
Jaipur,India,2026-08-28,18:00:00,30.8,35.8,67,0.0,0.0,6.3,235,954.6,62,2,Partly Cloudy
Jaipur,India,2026-08-28,19:00:00,29.5,34.7,73,0.0,0.0,6.2,237,954.8,77,2,Partly Cloudy
Jaipur,India,2026-08-28,20:00:00,28.8,33.7,76,0.0,0.0,8.4,239,955.5,68,2,Partly Cloudy
Jaipur,India,2026-08-28,21:00:00,28.4,32.8,76,0.0,0.0,10.2,253,956.3,30,1,Mainly Clear
Jaipur,India,2026-08-28,22:00:00,28.1,32.2,76,0.0,0.0,11.2,260,956.6,73,2,Partly Cloudy
Jaipur,India,2026-08-28,23:00:00,27.9,31.8,77,0.0,0.0,12.3,259,956.2,93,3,Overcast
Jaipur,India,2026-08-29,00:00:00,27.4,31.1,77,0.0,0.0,11.7,265,956.1,83,3,Overcast
Jaipur,India,2026-08-29,01:00:00,26.9,30.2,77,0.0,0.0,12.8,270,955.8,74,2,Partly Cloudy
Jaipur,India,2026-08-29,02:00:00,26.3,29.3,77,0.0,0.0,13.0,270,955.5,68,2,Partly Cloudy
Jaipur,India,2026-08-29,03:00:00,25.7,28.7,78,0.0,0.0,11.5,266,955.2,61,2,Partly Cloudy
Jaipur,India,2026-08-29,04:00:00,25.2,28.1,79,0.0,0.0,11.4,265,955.3,9,0,Clear Sky
Jaipur,India,2026-08-29,05:00:00,25.3,28.2,81,0.0,0.0,13.4,274,955.1,93,3,Overcast
Jaipur,India,2026-08-29,06:00:00,25.1,28.1,82,0.0,0.0,12.4,278,955.9,94,3,Overcast
Jaipur,India,2026-08-29,07:00:00,25.9,29.3,80,0.0,0.0,10.7,276,956.4,96,3,Overcast
Jaipur,India,2026-08-29,08:00:00,27.0,30.1,75,0.0,0.0,13.3,272,956.9,96,3,Overcast
Jaipur,India,2026-08-29,09:00:00,28.1,31.4,72,0.0,0.0,13.0,265,957.4,63,2,Partly Cloudy
Jaipur,India,2026-08-29,10:00:00,29.3,33.5,67,0.0,0.0,13.0,265,957.7,78,2,Partly Cloudy
Jaipur,India,2026-08-29,11:00:00,30.7,35.6,61,0.0,0.0,12.0,262,957.7,99,3,Overcast
Jaipur,India,2026-08-29,12:00:00,31.2,36.2,59,0.0,0.0,11.8,258,957.2,79,2,Partly Cloudy
Jaipur,India,2026-08-29,13:00:00,31.8,36.7,55,0.0,0.0,12.0,256,956.4,25,1,Mainly Clear
Jaipur,India,2026-08-29,14:00:00,32.0,36.4,54,0.0,0.0,12.0,253,955.4,11,0,Clear Sky
Jaipur,India,2026-08-29,15:00:00,32.0,35.6,53,0.0,0.0,11.8,253,954.7,5,0,Clear Sky
Jaipur,India,2026-08-29,16:00:00,31.7,34.7,55,0.0,0.0,11.3,252,954.2,22,1,Mainly Clear
Jaipur,India,2026-08-29,17:00:00,31.2,34.8,60,0.0,0.0,10.3,237,954.3,84,3,Overcast
Jaipur,India,2026-08-29,18:00:00,29.9,34.1,66,0.0,0.0,8.3,224,954.3,80,3,Overcast
Jaipur,India,2026-08-29,19:00:00,28.8,32.8,70,0.0,0.0,8.9,227,954.5,15,0,Clear Sky
Jaipur,India,2026-08-29,20:00:00,28.2,32.2,72,0.0,0.0,8.5,234,955.4,16,0,Clear Sky
Jaipur,India,2026-08-29,21:00:00,27.8,31.5,73,0.0,0.0,10.4,250,956.2,8,0,Clear Sky
Jaipur,India,2026-08-29,22:00:00,27.3,30.8,74,0.0,0.0,10.5,257,956.2,98,3,Overcast
Jaipur,India,2026-08-29,23:00:00,27.2,30.5,74,0.0,0.0,11.7,261,955.6,99,3,Overcast
Jaipur,India,2026-08-30,00:00:00,26.7,29.7,75,0.0,0.0,12.1,265,955.5,98,3,Overcast
Jaipur,India,2026-08-30,01:00:00,26.3,29.1,75,0.0,0.0,11.9,268,955.2,94,3,Overcast
Jaipur,India,2026-08-30,02:00:00,25.7,28.6,76,0.0,0.0,11.0,271,954.7,79,2,Partly Cloudy
Jaipur,India,2026-08-30,03:00:00,25.4,28.3,77,0.0,0.0,10.4,271,954.7,3,0,Clear Sky
Jaipur,India,2026-08-30,04:00:00,25.0,28.0,79,0.0,0.0,10.1,269,954.8,1,0,Clear Sky
Jaipur,India,2026-08-30,05:00:00,24.9,27.6,79,0.0,0.0,11.9,274,954.9,4,0,Clear Sky
Jaipur,India,2026-08-30,06:00:00,24.8,27.5,80,0.0,0.0,11.0,275,955.8,81,3,Overcast
Jaipur,India,2026-08-30,07:00:00,25.6,28.7,78,0.0,0.0,10.1,272,956.5,59,2,Partly Cloudy
Jaipur,India,2026-08-30,08:00:00,26.7,29.4,74,0.0,0.0,13.1,272,957.0,64,2,Partly Cloudy
Jaipur,India,2026-08-30,09:00:00,27.9,30.8,70,0.0,0.0,13.2,268,957.4,35,1,Mainly Clear
Jaipur,India,2026-08-30,10:00:00,29.2,33.1,65,0.0,0.0,12.1,267,957.7,11,0,Clear Sky
Jaipur,India,2026-08-30,11:00:00,30.5,35.1,59,0.0,0.0,11.4,265,957.7,15,0,Clear Sky
Jaipur,India,2026-08-30,12:00:00,31.2,36.4,56,0.0,0.0,9.4,257,957.6,100,3,Overcast
Jaipur,India,2026-08-30,13:00:00,31.5,35.7,54,0.0,0.0,8.0,245,957.1,100,3,Overcast
Jaipur,India,2026-08-30,14:00:00,31.3,34.5,55,0.0,0.0,7.8,238,956.4,100,3,Overcast
Jaipur,India,2026-08-30,15:00:00,31.1,34.3,57,0.0,0.0,9.4,232,956.0,76,2,Partly Cloudy
Jaipur,India,2026-08-30,16:00:00,30.7,33.6,57,0.0,0.0,11.1,230,955.8,65,2,Partly Cloudy
Jaipur,India,2026-08-30,17:00:00,30.1,32.6,58,0.0,0.0,12.9,229,955.4,65,2,Partly Cloudy
Jaipur,India,2026-08-30,18:00:00,29.0,32.1,63,0.0,0.0,9.1,232,955.7,98,3,Overcast
Jaipur,India,2026-08-30,19:00:00,28.1,31.5,67,0.0,0.0,8.6,241,955.9,97,3,Overcast
Jaipur,India,2026-08-30,20:00:00,27.6,30.9,70,0.0,0.0,9.4,240,956.5,94,3,Overcast
Jaipur,India,2026-08-30,21:00:00,27.4,30.3,69,0.0,0.0,11.1,250,957.3,94,3,Overcast
Jaipur,India,2026-08-30,22:00:00,26.8,29.7,71,0.0,0.0,10.1,260,957.3,92,3,Overcast
Jaipur,India,2026-08-30,23:00:00,26.8,30.0,73,0.0,0.0,10.4,259,956.8,98,3,Overcast
Jaipur,India,2026-08-31,00:00:00,26.4,28.9,73,0.0,0.0,12.8,267,956.6,96,3,Overcast
Jaipur,India,2026-08-31,01:00:00,25.9,28.0,72,0.0,0.0,12.8,269,956.4,99,3,Overcast
Jaipur,India,2026-08-31,02:00:00,25.4,27.6,73,0.0,0.0,11.9,268,956.0,98,3,Overcast
Jaipur,India,2026-08-31,03:00:00,25.0,27.4,74,0.0,0.0,10.4,268,956.1,91,3,Overcast
Jaipur,India,2026-08-31,04:00:00,24.6,26.9,75,0.0,0.0,10.5,265,956.4,48,1,Mainly Clear
Jaipur,India,2026-08-31,05:00:00,25.1,27.1,74,0.0,0.0,12.9,276,956.6,73,2,Partly Cloudy
Jaipur,India,2026-08-31,06:00:00,24.9,27.0,75,0.0,0.0,12.4,279,957.1,60,2,Partly Cloudy
Jaipur,India,2026-08-31,07:00:00,25.5,28.0,74,0.0,0.0,10.9,278,957.4,80,3,Overcast
Jaipur,India,2026-08-31,08:00:00,26.4,28.6,70,0.0,0.0,13.5,278,958.0,92,3,Overcast
Jaipur,India,2026-08-31,09:00:00,27.5,29.9,68,0.0,0.0,12.8,274,958.2,97,3,Overcast
Jaipur,India,2026-08-31,10:00:00,28.5,31.7,65,0.0,0.0,12.1,270,958.3,73,2,Partly Cloudy
Jaipur,India,2026-08-31,11:00:00,29.7,33.7,60,0.0,0.0,11.4,265,958.2,80,3,Overcast
Jaipur,India,2026-08-31,12:00:00,30.3,34.6,57,0.0,0.0,9.2,258,957.9,40,1,Mainly Clear
Jaipur,India,2026-08-31,13:00:00,31.4,36.1,52,0.0,0.0,7.9,243,957.0,28,1,Mainly Clear
Jaipur,India,2026-08-31,14:00:00,31.8,35.7,50,0.0,0.0,8.4,236,956.1,31,1,Mainly Clear
Jaipur,India,2026-08-31,15:00:00,31.9,34.7,49,0.0,0.0,10.0,234,955.5,34,1,Mainly Clear
Jaipur,India,2026-08-31,16:00:00,31.5,33.7,50,0.0,0.0,9.9,233,954.9,36,1,Mainly Clear
Jaipur,India,2026-08-31,17:00:00,31.2,33.2,51,0.0,0.0,12.3,220,954.8,30,1,Mainly Clear
Jaipur,India,2026-08-31,18:00:00,29.8,32.5,58,0.0,0.0,9.4,212,955.1,2,0,Clear Sky
Jaipur,India,2026-08-31,19:00:00,28.5,32.3,65,0.0,0.0,5.0,226,955.6,41,1,Mainly Clear
Jaipur,India,2026-08-31,20:00:00,27.9,31.5,68,0.0,0.0,7.4,238,956.3,73,2,Partly Cloudy
Jaipur,India,2026-08-31,21:00:00,27.9,30.6,66,0.0,0.0,10.8,266,957.0,65,2,Partly Cloudy
Jaipur,India,2026-08-31,22:00:00,27.3,30.3,68,0.0,0.0,8.8,265,957.0,51,2,Partly Cloudy
Jaipur,India,2026-08-31,23:00:00,27.1,30.2,70,0.0,0.0,9.3,260,956.8,53,2,Partly Cloudy
Jaipur,India,2026-09-01,00:00:00,26.9,29.5,70,0.0,0.0,11.9,271,956.8,100,3,Overcast
Jaipur,India,2026-09-01,01:00:00,26.8,29.2,69,0.0,0.0,12.1,267,956.4,100,3,Overcast
Jaipur,India,2026-09-01,02:00:00,26.4,28.9,70,0.0,0.0,10.9,263,956.0,100,3,Overcast
Jaipur,India,2026-09-01,03:00:00,25.8,28.4,72,0.0,0.0,9.7,268,955.8,98,3,Overcast
Jaipur,India,2026-09-01,04:00:00,25.2,27.8,74,0.0,0.0,9.4,269,956.0,97,3,Overcast
Jaipur,India,2026-09-01,05:00:00,25.6,28.0,74,0.0,0.0,12.3,275,956.2,52,2,Partly Cloudy
Jaipur,India,2026-09-01,06:00:00,25.1,27.5,76,0.0,0.0,11.9,275,956.8,82,3,Overcast
Jaipur,India,2026-09-01,07:00:00,25.6,28.2,74,0.0,0.0,10.7,275,957.7,94,3,Overcast
Jaipur,India,2026-09-01,08:00:00,26.4,28.8,70,0.0,0.0,11.9,276,958.3,88,3,Overcast
Jaipur,India,2026-09-01,09:00:00,27.8,30.3,66,0.0,0.0,11.6,277,958.7,59,2,Partly Cloudy
Jaipur,India,2026-09-01,10:00:00,28.9,32.1,62,0.0,0.0,10.1,275,959.0,83,3,Overcast
Jaipur,India,2026-09-01,11:00:00,30.5,34.0,57,0.0,0.0,7.6,269,959.1,96,3,Overcast
Jaipur,India,2026-09-01,12:00:00,31.5,36.6,53,0.0,0.0,5.4,255,958.8,93,3,Overcast
Jaipur,India,2026-09-01,13:00:00,32.2,37.2,50,0.0,0.0,6.7,232,958.0,79,2,Partly Cloudy
Jaipur,India,2026-09-01,14:00:00,32.4,36.3,48,0.0,0.0,7.7,234,957.3,70,2,Partly Cloudy
Jaipur,India,2026-09-01,15:00:00,32.5,35.3,47,0.0,0.0,7.3,247,956.8,97,3,Overcast
Jaipur,India,2026-09-01,16:00:00,31.9,34.3,49,0.0,0.0,8.9,256,956.7,87,3,Overcast
Jaipur,India,2026-09-01,17:00:00,32.0,34.3,48,0.0,0.0,8.9,246,956.6,72,2,Partly Cloudy
Jaipur,India,2026-09-01,18:00:00,31.0,33.7,51,0.0,0.0,7.0,241,957.0,5,0,Clear Sky
Jaipur,India,2026-09-01,19:00:00,29.6,33.1,59,0.0,0.0,5.6,222,957.9,21,1,Mainly Clear
Jaipur,India,2026-09-01,20:00:00,28.8,32.5,64,0.0,0.0,5.7,221,958.5,62,2,Partly Cloudy
Jaipur,India,2026-09-01,21:00:00,28.4,31.6,65,0.0,0.0,8.3,246,959.1,23,1,Mainly Clear
Jaipur,India,2026-09-01,22:00:00,28.0,30.6,64,0.0,0.0,10.0,263,959.2,23,1,Mainly Clear
Jaipur,India,2026-09-01,23:00:00,27.9,30.4,63,0.0,0.0,10.0,264,958.8,76,2,Partly Cloudy
Jaipur,India,2026-09-02,00:00:00,27.3,29.4,63,0.0,0.0,11.0,271,958.5,95,3,Overcast
Jaipur,India,2026-09-02,01:00:00,26.8,29.0,65,0.0,0.0,10.3,282,958.0,93,3,Overcast
Jaipur,India,2026-09-02,02:00:00,26.4,28.5,66,0.0,0.0,10.3,297,957.4,98,3,Overcast
Jaipur,India,2026-09-02,03:00:00,26.1,28.3,68,0.0,0.0,9.7,297,957.4,95,3,Overcast
Jaipur,India,2026-09-02,04:00:00,25.8,28.1,69,0.0,0.0,9.7,298,957.6,95,3,Overcast
Jaipur,India,2026-09-02,05:00:00,26.6,28.5,66,0.0,0.0,11.8,290,957.1,0,0,Clear Sky
Jaipur,India,2026-09-02,06:00:00,26.3,28.4,68,0.0,0.0,11.1,297,958.0,12,0,Clear Sky
Jaipur,India,2026-09-02,07:00:00,27.2,29.8,66,0.0,0.0,9.8,293,958.7,10,0,Clear Sky
Jaipur,India,2026-09-02,08:00:00,28.7,31.1,61,0.0,0.0,12.2,289,959.2,4,0,Clear Sky
Jaipur,India,2026-09-02,09:00:00,30.1,32.3,58,0.0,0.0,13.4,294,959.8,29,1,Mainly Clear
Jaipur,India,2026-09-02,10:00:00,31.5,34.8,52,0.1,0.1,10.2,300,960.2,59,51,Light Drizzle
Jaipur,India,2026-09-02,11:00:00,32.9,37.2,49,0.0,0.0,6.9,295,960.2,90,3,Overcast
Jaipur,India,2026-09-02,12:00:00,33.1,38.6,49,0.0,0.0,5.8,296,959.4,90,3,Overcast
Jaipur,India,2026-09-02,13:00:00,33.6,38.5,47,0.0,0.0,7.6,295,958.2,99,3,Overcast
Jaipur,India,2026-09-02,14:00:00,33.2,37.1,48,0.1,0.1,8.8,293,957.5,73,51,Light Drizzle
Jaipur,India,2026-09-02,15:00:00,33.1,36.1,48,0.0,0.0,8.8,285,956.8,80,3,Overcast
Jaipur,India,2026-09-02,16:00:00,32.8,35.7,50,0.0,0.0,10.1,292,956.4,74,2,Partly Cloudy
Jaipur,India,2026-09-02,17:00:00,32.3,34.4,48,0.0,0.0,11.4,285,956.4,27,1,Mainly Clear
Jaipur,India,2026-09-02,18:00:00,30.5,33.3,54,0.0,0.0,7.4,267,956.8,27,1,Mainly Clear
Jaipur,India,2026-09-02,19:00:00,29.5,33.2,60,0.0,0.0,4.4,261,957.3,48,1,Mainly Clear
Jaipur,India,2026-09-02,20:00:00,29.0,32.6,63,0.0,0.0,6.1,284,957.9,91,3,Overcast
Jaipur,India,2026-09-02,21:00:00,28.2,32.2,68,0.1,0.1,5.5,261,958.4,100,51,Light Drizzle
Jaipur,India,2026-09-02,22:00:00,27.9,32.2,72,0.0,0.0,4.8,248,958.2,94,3,Overcast
Jaipur,India,2026-09-02,23:00:00,28.3,31.9,70,0.0,0.0,9.6,283,957.4,98,3,Overcast
Jaipur,India,2026-09-03,00:00:00,28.2,31.0,64,0.0,0.0,10.5,289,957.4,97,3,Overcast
Jaipur,India,2026-09-03,01:00:00,27.8,30.0,64,0.0,0.0,11.5,284,957.1,100,3,Overcast
Jaipur,India,2026-09-03,02:00:00,27.5,29.5,63,0.0,0.0,12.4,284,956.6,100,3,Overcast
Jaipur,India,2026-09-03,03:00:00,27.3,29.0,63,0.0,0.0,12.9,291,956.6,100,3,Overcast
Jaipur,India,2026-09-03,04:00:00,27.1,28.8,64,0.0,0.0,12.6,296,956.9,97,3,Overcast
Jaipur,India,2026-09-03,05:00:00,27.4,29.1,63,0.0,0.0,13.9,300,957.0,100,3,Overcast
Jaipur,India,2026-09-03,06:00:00,27.4,29.0,62,0.0,0.0,13.6,305,957.4,99,3,Overcast
Jaipur,India,2026-09-03,07:00:00,27.5,29.3,63,0.0,0.0,13.4,313,958.0,97,3,Overcast
Jaipur,India,2026-09-03,08:00:00,28.5,30.1,60,0.0,0.0,14.9,315,958.1,96,3,Overcast
Jaipur,India,2026-09-03,09:00:00,29.9,31.6,56,0.0,0.0,15.3,315,958.5,88,3,Overcast
Jaipur,India,2026-09-03,10:00:00,31.4,33.6,51,0.0,0.0,15.1,321,959.0,33,1,Mainly Clear
Jaipur,India,2026-09-03,11:00:00,31.5,34.2,52,0.0,0.0,16.2,347,958.7,91,3,Overcast
Jaipur,India,2026-09-03,12:00:00,31.3,33.7,54,0.4,0.1,13.6,355,958.1,85,51,Light Drizzle
Jaipur,India,2026-09-03,13:00:00,32.0,34.2,51,0.2,0.2,14.0,359,957.3,75,51,Light Drizzle
Jaipur,India,2026-09-03,14:00:00,32.4,35.1,50,0.2,0.2,11.2,5,956.2,55,51,Light Drizzle
Jaipur,India,2026-09-03,15:00:00,32.4,34.6,50,0.2,0.1,13.2,357,955.6,84,51,Light Drizzle
Jaipur,India,2026-09-03,16:00:00,31.5,34.3,55,0.2,0.1,12.0,343,955.2,92,51,Light Drizzle
Jaipur,India,2026-09-03,17:00:00,30.8,35.2,64,0.0,0.0,8.0,50,955.4,93,3,Overcast
Jaipur,India,2026-09-03,18:00:00,29.0,34.9,76,0.1,0.1,3.0,104,955.9,97,51,Light Drizzle
Jaipur,India,2026-09-03,19:00:00,28.4,33.8,78,0.0,0.0,5.1,170,956.2,96,3,Overcast
Jaipur,India,2026-09-03,20:00:00,27.8,33.3,80,0.0,0.0,4.3,185,956.8,98,3,Overcast
Jaipur,India,2026-09-03,21:00:00,27.3,32.8,83,0.0,0.0,4.7,196,957.3,100,3,Overcast
Jaipur,India,2026-09-03,22:00:00,26.7,31.8,86,0.0,0.0,7.4,231,957.5,100,3,Overcast
Jaipur,India,2026-09-03,23:00:00,27.2,32.9,84,0.0,0.0,3.6,229,957.4,100,3,Overcast
Jaipur,India,2026-09-04,00:00:00,27.1,32.9,83,0.2,0.2,2.4,261,956.9,100,51,Light Drizzle
Jaipur,India,2026-09-04,01:00:00,27.0,32.7,84,0.3,0.2,2.8,281,956.5,100,51,Light Drizzle
Jaipur,India,2026-09-04,02:00:00,26.5,32.4,88,0.5,0.5,2.9,263,956.3,100,53,Moderate Drizzle
Jaipur,India,2026-09-04,03:00:00,25.5,31.0,95,0.5,0.4,7.0,252,956.0,100,53,Moderate Drizzle
Jaipur,India,2026-09-04,04:00:00,25.3,30.1,94,0.1,0.1,9.8,287,956.2,100,51,Light Drizzle
Jaipur,India,2026-09-04,05:00:00,26.6,33.6,96,0.0,0.0,1.8,336,956.3,100,3,Overcast
Jaipur,India,2026-09-04,06:00:00,26.5,33.3,96,0.2,0.2,2.8,297,956.7,98,51,Light Drizzle
Jaipur,India,2026-09-04,07:00:00,26.6,33.2,94,0.0,0.0,2.9,292,957.7,100,3,Overcast
Jaipur,India,2026-09-04,08:00:00,27.2,33.3,88,0.0,0.0,4.8,312,958.0,100,3,Overcast
Jaipur,India,2026-09-04,09:00:00,27.3,32.8,84,0.4,0.1,5.9,315,958.8,100,95,Thunderstorm
Jaipur,India,2026-09-04,10:00:00,27.5,32.0,80,0.2,0.2,9.2,348,958.5,100,51,Light Drizzle
Jaipur,India,2026-09-04,11:00:00,27.7,32.7,80,0.1,0.1,6.8,325,958.7,100,51,Light Drizzle
Jaipur,India,2026-09-04,12:00:00,27.8,32.6,79,0.5,0.4,8.1,342,958.4,100,53,Moderate Drizzle
Jaipur,India,2026-09-04,13:00:00,28.4,32.8,74,0.2,0.1,9.2,344,958.2,100,51,Light Drizzle
Jaipur,India,2026-09-04,14:00:00,29.0,33.0,70,0.2,0.2,9.9,357,957.3,100,51,Light Drizzle
Jaipur,India,2026-09-04,15:00:00,28.4,33.2,75,0.3,0.3,7.0,1,956.8,100,51,Light Drizzle
Jaipur,India,2026-09-04,16:00:00,27.7,33.5,84,0.8,0.8,4.8,340,956.1,99,53,Moderate Drizzle
Jaipur,India,2026-09-04,17:00:00,26.7,32.5,92,0.8,0.8,7.6,357,956.5,100,53,Moderate Drizzle
Jaipur,India,2026-09-04,18:00:00,26.3,32.1,95,1.4,1.4,7.2,6,956.8,100,80,Light Rain Showers
Jaipur,India,2026-09-04,19:00:00,25.9,31.5,95,0.7,0.7,8.1,18,957.5,100,53,Moderate Drizzle
Jaipur,India,2026-09-04,20:00:00,25.6,31.1,95,1.0,0.6,7.4,26,958.4,100,55,Heavy Drizzle
Jaipur,India,2026-09-04,21:00:00,25.5,31.1,96,1.3,1.3,6.6,22,959.2,100,80,Light Rain Showers
Jaipur,India,2026-09-04,22:00:00,25.6,31.1,96,1.3,1.3,7.4,14,959.2,100,80,Light Rain Showers
Jaipur,India,2026-09-04,23:00:00,25.9,31.8,96,0.9,0.9,7.1,16,959.1,100,53,Moderate Drizzle
Jaipur,India,2026-09-05,00:00:00,25.6,31.3,95,0.8,0.8,5.7,35,959.0,100,53,Moderate Drizzle
Jaipur,India,2026-09-05,01:00:00,25.3,30.4,94,1.2,1.1,7.7,351,958.5,99,55,Heavy Drizzle
Jaipur,India,2026-09-05,02:00:00,24.9,29.7,94,0.3,0.3,8.1,347,958.4,100,51,Light Drizzle
Jaipur,India,2026-09-05,03:00:00,24.6,29.5,95,0.3,0.2,7.1,315,958.3,100,51,Light Drizzle
Jaipur,India,2026-09-05,04:00:00,24.5,28.8,95,0.2,0.2,10.4,309,958.1,100,51,Light Drizzle
Jaipur,India,2026-09-05,05:00:00,25.3,29.3,85,0.4,0.4,8.0,304,958.4,98,51,Light Drizzle
Jaipur,India,2026-09-05,06:00:00,24.7,28.7,89,0.0,0.0,8.9,294,958.5,100,3,Overcast
Jaipur,India,2026-09-05,07:00:00,24.2,28.3,94,0.8,0.8,9.9,335,959.0,100,53,Moderate Drizzle
Jaipur,India,2026-09-05,08:00:00,24.6,29.8,96,1.2,1.1,6.0,331,959.8,100,55,Heavy Drizzle
Jaipur,India,2026-09-05,09:00:00,24.8,30.0,97,1.5,0.7,7.0,350,960.3,100,80,Light Rain Showers
Jaipur,India,2026-09-05,10:00:00,25.5,30.9,94,0.4,0.2,6.6,349,960.6,100,51,Light Drizzle
Jaipur,India,2026-09-05,11:00:00,25.0,29.8,94,1.6,0.6,8.2,15,960.7,100,80,Light Rain Showers
Jaipur,India,2026-09-05,12:00:00,24.3,29.0,95,4.0,2.2,7.4,18,960.0,100,95,Thunderstorm
Jaipur,India,2026-09-05,13:00:00,25.6,30.8,94,1.2,1.2,8.2,324,959.5,100,55,Heavy Drizzle
Jaipur,India,2026-09-05,14:00:00,26.1,31.2,92,0.5,0.5,10.2,343,958.6,100,53,Moderate Drizzle
Jaipur,India,2026-09-05,15:00:00,26.5,31.7,88,0.1,0.1,7.4,328,958.3,100,51,Light Drizzle
Jaipur,India,2026-09-05,16:00:00,26.9,32.3,85,0.0,0.0,5.0,300,958.0,100,3,Overcast
Jaipur,India,2026-09-05,17:00:00,25.3,30.4,95,0.0,0.0,8.3,347,957.9,100,3,Overcast
Jaipur,India,2026-09-05,18:00:00,25.2,30.8,96,0.5,0.5,5.5,337,958.2,100,53,Moderate Drizzle
Jaipur,India,2026-09-05,19:00:00,25.2,30.9,96,0.3,0.3,4.8,349,958.7,98,51,Light Drizzle
Jaipur,India,2026-09-05,20:00:00,25.2,30.9,96,0.0,0.0,4.9,2,959.7,80,3,Overcast
Jaipur,India,2026-09-05,21:00:00,25.1,30.7,96,0.0,0.0,4.7,351,960.0,100,3,Overcast
Jaipur,India,2026-09-05,22:00:00,25.1,30.5,96,0.0,0.0,6.3,2,959.8,30,1,Mainly Clear
Jaipur,India,2026-09-05,23:00:00,25.4,31.7,95,0.0,0.0,1.0,292,960.3,50,2,Partly Cloudy
Jaipur,India,2026-09-06,00:00:00,24.7,30.5,98,0.0,0.0,3.5,255,959.6,30,1,Mainly Clear
Jaipur,India,2026-09-06,01:00:00,24.6,29.9,98,0.0,0.0,5.9,281,959.2,30,1,Mainly Clear
Jaipur,India,2026-09-06,02:00:00,24.5,29.7,98,0.0,0.0,5.8,296,958.4,12,0,Clear Sky
Jaipur,India,2026-09-06,03:00:00,24.3,29.7,97,0.0,0.0,3.3,283,958.3,14,0,Clear Sky
Jaipur,India,2026-09-06,04:00:00,24.2,29.3,97,0.0,0.0,4.8,326,958.2,29,1,Mainly Clear
Jaipur,India,2026-09-06,05:00:00,25.2,30.6,92,0.0,0.0,4.0,309,958.2,52,2,Partly Cloudy
Jaipur,India,2026-09-06,06:00:00,24.7,29.8,93,0.1,0.0,5.1,309,958.9,91,51,Light Drizzle
Jaipur,India,2026-09-06,07:00:00,25.6,30.3,92,0.1,0.1,9.4,308,959.6,95,51,Light Drizzle
Jaipur,India,2026-09-06,08:00:00,27.2,31.3,79,0.0,0.0,10.4,321,960.8,95,3,Overcast
Jaipur,India,2026-09-06,09:00:00,27.8,31.8,74,0.0,0.0,8.8,334,961.3,94,3,Overcast
Jaipur,India,2026-09-06,10:00:00,28.7,33.2,72,0.3,0.0,7.9,347,961.6,56,51,Light Drizzle
Jaipur,India,2026-09-06,11:00:00,28.7,33.2,72,0.1,0.0,12.0,310,961.6,84,51,Light Drizzle
Jaipur,India,2026-09-06,12:00:00,29.1,33.7,74,0.8,0.5,9.4,322,960.4,44,53,Moderate Drizzle
Jaipur,India,2026-09-06,13:00:00,31.3,36.8,64,0.3,0.2,13.0,340,960.1,31,51,Light Drizzle
Jaipur,India,2026-09-06,14:00:00,29.1,34.3,71,1.5,0.3,9.5,338,959.1,72,95,Thunderstorm
Jaipur,India,2026-09-06,15:00:00,30.1,34.6,67,0.1,0.1,8.4,345,958.7,97,51,Light Drizzle
Jaipur,India,2026-09-06,16:00:00,28.3,33.4,76,0.6,0.5,5.6,331,958.6,97,53,Moderate Drizzle
Jaipur,India,2026-09-06,17:00:00,29.2,34.3,71,0.3,0.3,3.9,53,958.7,48,51,Light Drizzle
Jaipur,India,2026-09-06,18:00:00,28.1,34.0,81,0.0,0.0,3.1,152,959.3,50,2,Partly Cloudy
Jaipur,India,2026-09-06,19:00:00,27.0,32.6,85,0.0,0.0,4.4,207,959.7,58,2,Partly Cloudy
Jaipur,India,2026-09-06,20:00:00,26.3,31.9,89,0.0,0.0,4.0,216,960.4,11,0,Clear Sky
Jaipur,India,2026-09-06,21:00:00,25.8,31.5,91,0.0,0.0,3.0,232,960.9,13,0,Clear Sky
Jaipur,India,2026-09-06,22:00:00,25.5,31.1,91,0.0,0.0,2.7,222,961.1,10,0,Clear Sky
Jaipur,India,2026-09-06,23:00:00,25.7,31.0,89,0.0,0.0,4.2,211,960.8,5,0,Clear Sky
Jaipur,India,2026-09-07,00:00:00,25.4,30.7,90,0.0,0.0,3.8,259,960.4,4,0,Clear Sky
Jaipur,India,2026-09-07,01:00:00,25.4,30.3,89,0.0,0.0,5.7,279,959.8,7,0,Clear Sky
Jaipur,India,2026-09-07,02:00:00,25.3,29.9,88,0.0,0.0,6.8,281,959.4,8,0,Clear Sky
Jaipur,India,2026-09-07,03:00:00,25.2,29.4,86,0.0,0.0,7.3,287,959.1,34,1,Mainly Clear
Jaipur,India,2026-09-07,04:00:00,25.1,28.9,85,0.0,0.0,9.4,290,958.7,11,0,Clear Sky
Jaipur,India,2026-09-07,05:00:00,25.5,28.7,82,0.0,0.0,12.1,293,959.0,1,0,Clear Sky
Jaipur,India,2026-09-07,06:00:00,25.6,28.6,81,0.0,0.0,12.8,296,959.6,2,0,Clear Sky
Jaipur,India,2026-09-07,07:00:00,26.5,29.8,78,0.0,0.0,11.9,295,960.3,3,0,Clear Sky
Jaipur,India,2026-09-07,08:00:00,27.7,31.1,74,0.0,0.0,12.9,291,961.1,3,0,Clear Sky
Jaipur,India,2026-09-07,09:00:00,28.9,32.2,70,0.0,0.0,13.5,293,961.5,2,0,Clear Sky
Jaipur,India,2026-09-07,10:00:00,30.1,34.2,65,0.0,0.0,13.6,294,961.9,10,0,Clear Sky
Jaipur,India,2026-09-07,11:00:00,31.2,35.6,59,0.1,0.0,12.5,314,961.5,16,51,Light Drizzle
Jaipur,India,2026-09-07,12:00:00,31.8,36.7,57,0.0,0.0,11.1,316,960.9,14,0,Clear Sky
Jaipur,India,2026-09-07,13:00:00,32.4,37.5,54,0.0,0.0,9.6,311,960.3,21,1,Mainly Clear
Jaipur,India,2026-09-07,14:00:00,32.5,37.1,53,0.0,0.0,9.3,310,959.2,14,0,Clear Sky
Jaipur,India,2026-09-07,15:00:00,31.7,36.0,58,0.2,0.0,8.9,306,958.6,38,51,Light Drizzle
Jaipur,India,2026-09-07,16:00:00,31.1,34.8,60,0.3,0.3,9.4,305,958.2,26,51,Light Drizzle
Jaipur,India,2026-09-07,17:00:00,31.3,34.9,57,0.0,0.0,8.5,308,958.2,5,0,Clear Sky
Jaipur,India,2026-09-07,18:00:00,29.7,34.7,68,0.0,0.0,3.6,303,958.7,2,0,Clear Sky
Jaipur,India,2026-09-07,19:00:00,28.7,33.6,72,0.0,0.0,4.0,300,959.3,1,0,Clear Sky
Jaipur,India,2026-09-07,20:00:00,27.9,32.5,75,0.0,0.0,5.3,315,959.9,2,0,Clear Sky
Jaipur,India,2026-09-07,21:00:00,27.3,31.8,77,0.0,0.0,5.4,310,960.4,1,0,Clear Sky
Jaipur,India,2026-09-07,22:00:00,26.9,31.1,77,0.0,0.0,6.4,308,960.4,1,0,Clear Sky
Jaipur,India,2026-09-07,23:00:00,27.1,31.4,76,0.0,0.0,6.6,279,959.9,2,0,Clear Sky
Jaipur,India,2026-09-08,00:00:00,26.5,30.6,78,0.0,0.0,6.9,275,959.8,1,0,Clear Sky
Jaipur,India,2026-09-08,01:00:00,26.3,30.2,79,0.0,0.0,8.6,282,959.7,5,0,Clear Sky
Jaipur,India,2026-09-08,02:00:00,26.4,30.0,78,0.0,0.0,9.4,283,959.3,1,0,Clear Sky
Jaipur,India,2026-09-08,03:00:00,26.1,29.7,79,0.0,0.0,10.1,274,959.2,2,0,Clear Sky
Jaipur,India,2026-09-08,04:00:00,25.8,29.0,80,0.0,0.0,12.3,277,959.2,23,1,Mainly Clear
Jaipur,India,2026-09-08,05:00:00,26.6,29.6,76,0.0,0.0,12.7,285,959.5,91,3,Overcast
Jaipur,India,2026-09-08,06:00:00,26.3,29.4,76,0.0,0.0,11.8,283,960.2,97,3,Overcast
Jaipur,India,2026-09-08,07:00:00,26.5,29.5,76,0.0,0.0,12.4,279,960.6,20,1,Mainly Clear
Jaipur,India,2026-09-08,08:00:00,27.4,30.5,72,0.0,0.0,12.5,288,961.5,77,2,Partly Cloudy
Jaipur,India,2026-09-08,09:00:00,27.8,30.9,71,0.0,0.0,12.2,289,962.1,66,2,Partly Cloudy
Jaipur,India,2026-09-08,10:00:00,29.2,32.4,67,0.0,0.0,13.1,282,962.3,24,1,Mainly Clear
Jaipur,India,2026-09-08,11:00:00,30.9,34.9,61,0.0,0.0,14.0,277,962.4,23,1,Mainly Clear
Jaipur,India,2026-09-08,12:00:00,31.3,36.4,59,0.0,0.0,11.1,282,962.0,59,2,Partly Cloudy
Jaipur,India,2026-09-08,13:00:00,31.1,34.4,58,0.0,0.0,10.7,278,961.1,32,1,Mainly Clear
Jaipur,India,2026-09-08,14:00:00,31.7,35.4,54,0.0,0.0,11.2,273,960.0,21,1,Mainly Clear
Jaipur,India,2026-09-08,15:00:00,31.8,34.4,51,0.0,0.0,11.2,276,959.5,20,1,Mainly Clear
Jaipur,India,2026-09-08,16:00:00,31.4,34.0,52,0.0,0.0,10.2,277,958.9,10,0,Clear Sky
Jaipur,India,2026-09-08,17:00:00,31.3,35.4,59,0.0,0.0,6.9,279,958.3,9,0,Clear Sky
Jaipur,India,2026-09-08,18:00:00,30.0,34.8,66,0.0,0.0,3.8,267,958.5,9,0,Clear Sky
Jaipur,India,2026-09-08,19:00:00,28.5,33.0,71,0.0,0.0,5.8,256,958.8,5,0,Clear Sky
Jaipur,India,2026-09-08,20:00:00,27.9,32.0,72,0.0,0.0,7.0,270,959.2,3,0,Clear Sky
Jaipur,India,2026-09-08,21:00:00,27.7,31.0,69,0.0,0.0,9.3,280,960.1,1,0,Clear Sky
Jaipur,India,2026-09-08,22:00:00,27.1,30.3,71,0.0,0.0,9.6,273,960.2,1,0,Clear Sky
Jaipur,India,2026-09-08,23:00:00,27.0,30.1,72,0.0,0.0,10.3,271,960.0,2,0,Clear Sky
Jaipur,India,2026-09-09,00:00:00,26.6,29.5,74,0.0,0.0,11.3,269,959.8,1,0,Clear Sky
Jaipur,India,2026-09-09,01:00:00,26.1,29.0,75,0.0,0.0,11.7,273,959.5,1,0,Clear Sky
Jaipur,India,2026-09-09,02:00:00,25.7,28.5,76,0.0,0.0,11.5,279,959.2,2,0,Clear Sky
Jaipur,India,2026-09-09,03:00:00,25.4,28.0,77,0.0,0.0,11.8,279,959.2,2,0,Clear Sky
Jaipur,India,2026-09-09,04:00:00,24.9,27.6,78,0.0,0.0,11.0,274,959.3,1,0,Clear Sky
Jaipur,India,2026-09-09,05:00:00,25.1,27.4,78,0.0,0.0,13.7,275,959.3,0,0,Clear Sky
Jaipur,India,2026-09-09,06:00:00,24.8,27.1,79,0.0,0.0,13.5,280,959.6,0,0,Clear Sky
Jaipur,India,2026-09-09,07:00:00,25.6,28.1,76,0.0,0.0,12.7,283,960.2,0,0,Clear Sky
Jaipur,India,2026-09-09,08:00:00,26.9,29.7,73,0.0,0.0,12.5,282,961.0,0,0,Clear Sky
Jaipur,India,2026-09-09,09:00:00,28.2,30.9,67,0.0,0.0,13.5,282,961.5,0,0,Clear Sky
Jaipur,India,2026-09-09,10:00:00,29.5,33.0,62,0.0,0.0,13.1,283,961.7,0,0,Clear Sky
Jaipur,India,2026-09-09,11:00:00,31.0,35.2,56,0.0,0.0,11.7,285,961.8,0,0,Clear Sky
Jaipur,India,2026-09-09,12:00:00,31.6,36.4,53,0.0,0.0,10.1,281,961.4,0,0,Clear Sky
Jaipur,India,2026-09-09,13:00:00,32.1,37.0,52,0.0,0.0,9.1,280,960.5,0,0,Clear Sky
Jaipur,India,2026-09-09,14:00:00,32.3,36.7,51,0.0,0.0,9.0,273,959.7,2,0,Clear Sky
Jaipur,India,2026-09-09,15:00:00,32.2,35.7,52,0.0,0.0,9.4,267,959.2,2,0,Clear Sky
Jaipur,India,2026-09-09,16:00:00,31.8,34.7,53,0.0,0.0,9.6,264,958.7,1,0,Clear Sky
Jaipur,India,2026-09-09,17:00:00,31.4,34.7,55,0.0,0.0,8.3,246,958.7,3,0,Clear Sky
Jaipur,India,2026-09-09,18:00:00,29.7,33.4,62,0.0,0.0,7.2,238,958.7,5,0,Clear Sky
Jaipur,India,2026-09-09,19:00:00,28.9,32.0,63,0.0,0.0,9.4,247,959.0,5,0,Clear Sky
Jaipur,India,2026-09-09,20:00:00,28.5,31.5,65,0.0,0.0,9.6,257,959.7,2,0,Clear Sky
Jaipur,India,2026-09-09,21:00:00,28.0,31.3,67,0.0,0.0,8.8,269,960.3,1,0,Clear Sky
Jaipur,India,2026-09-09,22:00:00,27.3,30.7,71,0.0,0.0,8.5,269,960.5,1,0,Clear Sky
Jaipur,India,2026-09-09,23:00:00,27.1,30.6,73,0.0,0.0,9.6,265,960.3,1,0,Clear Sky
Jaipur,India,2026-09-10,00:00:00,26.8,30.1,74,0.0,0.0,10.1,266,960.1,0,0,Clear Sky
Jaipur,India,2026-09-10,01:00:00,26.6,29.7,74,0.0,0.0,10.3,271,959.9,0,0,Clear Sky
Jaipur,India,2026-09-10,02:00:00,26.2,29.2,75,0.0,0.0,11.0,276,959.6,2,0,Clear Sky
Jaipur,India,2026-09-10,03:00:00,25.9,28.9,76,0.0,0.0,11.1,282,959.5,0,0,Clear Sky
Jaipur,India,2026-09-10,04:00:00,25.5,28.4,77,0.0,0.0,10.7,286,959.6,0,0,Clear Sky
Jaipur,India,2026-09-10,05:00:00,25.9,28.7,76,0.0,0.0,11.8,289,959.8,55,2,Partly Cloudy
Jaipur,India,2026-09-10,06:00:00,25.6,28.4,76,0.0,0.0,11.0,289,960.5,63,2,Partly Cloudy
Jaipur,India,2026-09-10,07:00:00,26.5,29.4,73,0.0,0.0,10.8,291,961.1,13,0,Clear Sky
Jaipur,India,2026-09-10,08:00:00,27.9,30.7,68,0.0,0.0,12.5,295,961.7,9,0,Clear Sky
Jaipur,India,2026-09-10,09:00:00,29.3,31.9,62,0.0,0.0,13.6,296,962.1,19,0,Clear Sky
Jaipur,India,2026-09-10,10:00:00,30.8,34.2,57,0.0,0.0,12.5,300,962.4,66,2,Partly Cloudy
Jaipur,India,2026-09-10,11:00:00,32.0,36.3,53,0.0,0.0,11.1,302,962.5,54,2,Partly Cloudy
Jaipur,India,2026-09-10,12:00:00,32.9,37.7,49,0.0,0.0,9.0,305,961.7,28,1,Mainly Clear
Jaipur,India,2026-09-10,13:00:00,33.3,37.6,46,0.0,0.0,7.8,308,960.6,13,0,Clear Sky
Jaipur,India,2026-09-10,14:00:00,33.5,37.3,44,0.1,0.1,7.7,307,959.5,14,51,Light Drizzle
Jaipur,India,2026-09-10,15:00:00,33.3,36.1,44,0.1,0.1,7.7,298,958.8,21,51,Light Drizzle
Jaipur,India,2026-09-10,16:00:00,33.1,35.5,45,0.0,0.0,8.3,284,958.3,23,1,Mainly Clear
Jaipur,India,2026-09-10,17:00:00,32.2,35.4,51,0.0,0.0,7.0,271,958.3,44,1,Mainly Clear
Jaipur,India,2026-09-10,18:00:00,30.3,34.6,62,0.0,0.0,4.4,251,958.7,5,0,Clear Sky
Jaipur,India,2026-09-10,19:00:00,29.3,33.9,67,0.0,0.0,4.1,268,959.3,13,0,Clear Sky
Jaipur,India,2026-09-10,20:00:00,28.7,33.3,69,0.0,0.0,4.2,280,959.8,72,2,Partly Cloudy
Jaipur,India,2026-09-10,21:00:00,28.0,32.4,73,0.0,0.0,5.8,248,960.1,41,1,Mainly Clear
Jaipur,India,2026-09-10,22:00:00,27.4,31.6,75,0.0,0.0,6.7,270,960.1,71,2,Partly Cloudy
Jaipur,India,2026-09-10,23:00:00,26.9,30.9,75,0.0,0.0,6.7,297,960.2,75,2,Partly Cloudy
Kolkata,India,2026-08-11,00:00:00,26.9,34.1,95,0.1,0.1,1.3,270,999.2,97,51,Light Drizzle
Kolkata,India,2026-08-11,01:00:00,26.8,33.8,96,0.0,0.0,2.6,321,998.6,42,1,Mainly Clear
Kolkata,India,2026-08-11,02:00:00,26.7,33.6,96,0.0,0.0,2.6,309,998.2,81,3,Overcast
Kolkata,India,2026-08-11,03:00:00,26.6,33.6,96,0.0,0.0,2.4,13,998.4,62,2,Partly Cloudy
Kolkata,India,2026-08-11,04:00:00,26.6,33.5,96,0.0,0.0,2.8,345,998.6,44,1,Mainly Clear
Kolkata,India,2026-08-11,05:00:00,27.1,33.9,96,0.0,0.0,5.4,14,998.6,63,2,Partly Cloudy
Kolkata,India,2026-08-11,06:00:00,27.6,34.3,92,0.0,0.0,6.1,50,999.2,11,0,Clear Sky
Kolkata,India,2026-08-11,07:00:00,28.5,35.4,88,0.0,0.0,4.9,73,999.5,70,2,Partly Cloudy
Kolkata,India,2026-08-11,08:00:00,29.2,35.8,83,0.0,0.0,5.6,63,999.9,100,3,Overcast
Kolkata,India,2026-08-11,09:00:00,29.1,35.4,83,0.0,0.0,6.3,72,1000.2,98,3,Overcast
Kolkata,India,2026-08-11,10:00:00,30.4,37.3,79,0.0,0.0,4.7,74,1000.0,62,2,Partly Cloudy
Kolkata,India,2026-08-11,11:00:00,32.2,39.5,70,0.1,0.0,9.5,53,999.2,88,51,Light Drizzle
Kolkata,India,2026-08-11,12:00:00,31.6,37.9,71,0.0,0.0,8.4,45,998.0,38,1,Mainly Clear
Kolkata,India,2026-08-11,13:00:00,32.3,40.1,71,0.1,0.0,5.2,44,997.3,52,51,Light Drizzle
Kolkata,India,2026-08-11,14:00:00,32.2,39.4,74,0.1,0.0,5.6,29,996.7,99,51,Light Drizzle
Kolkata,India,2026-08-11,15:00:00,29.3,35.9,85,2.7,0.1,7.1,120,996.2,99,96,Thunderstorm with Hail
Kolkata,India,2026-08-11,16:00:00,27.5,34.3,95,2.1,1.3,6.9,155,996.3,99,95,Thunderstorm
Kolkata,India,2026-08-11,17:00:00,29.3,37.2,90,1.8,1.8,3.1,126,996.8,49,80,Light Rain Showers
Kolkata,India,2026-08-11,18:00:00,29.2,37.4,90,0.1,0.1,0.4,180,997.6,41,51,Light Drizzle
Kolkata,India,2026-08-11,19:00:00,28.2,35.5,93,0.7,0.0,5.4,186,998.7,59,95,Thunderstorm
Kolkata,India,2026-08-11,20:00:00,26.9,33.3,97,0.9,0.1,8.6,239,999.5,51,53,Moderate Drizzle
Kolkata,India,2026-08-11,21:00:00,26.9,34.0,98,1.0,0.3,5.1,243,1000.5,65,55,Heavy Drizzle
Kolkata,India,2026-08-11,22:00:00,26.6,33.0,98,0.1,0.0,7.8,289,1000.6,80,51,Light Drizzle
Kolkata,India,2026-08-11,23:00:00,27.3,33.9,95,0.1,0.1,7.8,274,1000.0,67,51,Light Drizzle
Kolkata,India,2026-08-12,00:00:00,26.5,32.5,94,0.1,0.1,7.3,260,999.4,89,51,Light Drizzle
Kolkata,India,2026-08-12,01:00:00,26.7,33.5,95,0.0,0.0,3.5,321,999.0,85,3,Overcast
Kolkata,India,2026-08-12,02:00:00,26.8,34.1,97,0.1,0.1,2.2,336,998.7,97,51,Light Drizzle
Kolkata,India,2026-08-12,03:00:00,26.8,34.1,96,0.1,0.1,1.5,353,998.3,80,51,Light Drizzle
Kolkata,India,2026-08-12,04:00:00,26.8,33.9,97,0.0,0.0,2.5,4,998.2,100,3,Overcast
Kolkata,India,2026-08-12,05:00:00,27.6,34.0,92,0.0,0.0,6.8,335,998.3,90,3,Overcast
Kolkata,India,2026-08-12,06:00:00,28.2,34.7,90,0.0,0.0,7.6,353,998.9,100,3,Overcast
Kolkata,India,2026-08-12,07:00:00,28.9,35.8,88,0.0,0.0,7.4,13,999.0,92,3,Overcast
Kolkata,India,2026-08-12,08:00:00,30.1,37.4,84,0.0,0.0,5.6,42,999.4,85,3,Overcast
Kolkata,India,2026-08-12,09:00:00,31.1,38.2,78,0.0,0.0,4.9,57,1000.1,95,3,Overcast
Kolkata,India,2026-08-12,10:00:00,32.0,39.1,71,0.0,0.0,4.5,29,999.8,48,1,Mainly Clear
Kolkata,India,2026-08-12,11:00:00,32.7,42.2,68,0.0,0.0,0.7,346,999.8,45,1,Mainly Clear
Kolkata,India,2026-08-12,12:00:00,33.4,43.1,68,0.1,0.0,3.1,320,998.6,63,95,Thunderstorm
Kolkata,India,2026-08-12,13:00:00,31.7,40.0,77,1.0,0.1,8.6,334,997.5,96,96,Thunderstorm with Hail
Kolkata,India,2026-08-12,14:00:00,29.3,35.9,83,17.9,0.1,6.0,351,998.0,98,96,Thunderstorm with Hail
Kolkata,India,2026-08-12,15:00:00,28.7,35.8,90,3.5,1.2,5.6,320,997.5,94,96,Thunderstorm with Hail
Kolkata,India,2026-08-12,16:00:00,28.8,35.8,88,1.0,1.0,5.6,343,997.6,98,55,Heavy Drizzle
Kolkata,India,2026-08-12,17:00:00,29.0,36.5,89,1.0,1.0,3.7,293,997.5,97,55,Heavy Drizzle
Kolkata,India,2026-08-12,18:00:00,28.7,36.5,91,0.6,0.5,2.2,228,998.1,54,53,Moderate Drizzle
Kolkata,India,2026-08-12,19:00:00,28.1,35.1,95,0.0,0.0,8.0,293,999.0,51,2,Partly Cloudy
Kolkata,India,2026-08-12,20:00:00,27.9,34.7,93,0.1,0.1,7.0,314,1000.2,73,51,Light Drizzle
Kolkata,India,2026-08-12,21:00:00,27.7,34.4,93,0.0,0.0,6.5,330,1000.3,92,3,Overcast
Kolkata,India,2026-08-12,22:00:00,27.6,34.3,93,0.0,0.0,6.5,321,1000.8,98,3,Overcast
Kolkata,India,2026-08-12,23:00:00,28.2,35.9,95,0.2,0.2,4.1,270,999.5,98,51,Light Drizzle
Kolkata,India,2026-08-13,00:00:00,27.0,33.7,94,8.4,0.3,4.6,321,999.1,100,96,Thunderstorm with Hail
Kolkata,India,2026-08-13,01:00:00,27.0,32.9,97,1.7,1.3,11.6,345,998.1,95,80,Light Rain Showers
Kolkata,India,2026-08-13,02:00:00,26.8,32.8,97,0.3,0.3,10.5,4,997.2,100,51,Light Drizzle
Kolkata,India,2026-08-13,03:00:00,27.0,32.7,97,0.2,0.0,14.1,14,996.7,100,51,Light Drizzle
Kolkata,India,2026-08-13,04:00:00,26.8,32.2,93,0.5,0.0,12.5,28,997.0,100,53,Moderate Drizzle
Kolkata,India,2026-08-13,05:00:00,27.2,33.3,96,1.9,0.7,11.1,43,997.1,98,95,Thunderstorm
Kolkata,India,2026-08-13,06:00:00,27.3,33.3,96,0.4,0.4,12.1,41,997.5,98,51,Light Drizzle
Kolkata,India,2026-08-13,07:00:00,28.1,33.7,90,0.4,0.4,13.7,44,997.6,91,51,Light Drizzle
Kolkata,India,2026-08-13,08:00:00,28.9,34.6,86,0.4,0.2,12.8,39,997.5,100,95,Thunderstorm
Kolkata,India,2026-08-13,09:00:00,29.4,35.4,85,0.2,0.1,12.8,51,997.5,100,51,Light Drizzle
Kolkata,India,2026-08-13,10:00:00,29.9,36.0,83,0.5,0.1,12.7,83,997.6,100,95,Thunderstorm
Kolkata,India,2026-08-13,11:00:00,30.3,35.9,79,3.0,0.7,13.3,74,998.1,98,96,Thunderstorm with Hail
Kolkata,India,2026-08-13,12:00:00,30.8,36.5,75,0.2,0.1,15.3,89,997.3,87,51,Light Drizzle
Kolkata,India,2026-08-13,13:00:00,30.9,37.5,77,0.3,0.2,13.3,100,996.4,89,51,Light Drizzle
Kolkata,India,2026-08-13,14:00:00,30.8,36.5,76,0.2,0.1,11.4,114,995.6,99,51,Light Drizzle
Kolkata,India,2026-08-13,15:00:00,30.2,35.1,77,0.2,0.1,14.6,135,995.7,80,51,Light Drizzle
Kolkata,India,2026-08-13,16:00:00,29.3,34.4,80,0.4,0.2,13.9,144,995.6,85,51,Light Drizzle
Kolkata,India,2026-08-13,17:00:00,28.9,34.5,86,0.8,0.3,13.4,140,996.4,77,95,Thunderstorm
Kolkata,India,2026-08-13,18:00:00,28.4,33.8,87,0.2,0.2,13.6,144,997.3,95,51,Light Drizzle
Kolkata,India,2026-08-13,19:00:00,28.3,33.7,87,0.0,0.0,12.5,140,998.4,91,3,Overcast
Kolkata,India,2026-08-13,20:00:00,28.0,33.6,88,0.0,0.0,11.6,138,999.3,89,3,Overcast
Kolkata,India,2026-08-13,21:00:00,27.9,33.5,88,0.0,0.0,11.3,132,999.8,94,3,Overcast
Kolkata,India,2026-08-13,22:00:00,27.9,33.5,88,0.0,0.0,10.5,131,1000.2,88,3,Overcast
Kolkata,India,2026-08-13,23:00:00,27.8,33.5,89,0.1,0.1,11.4,159,999.6,59,51,Light Drizzle
Kolkata,India,2026-08-14,00:00:00,27.3,33.2,92,0.0,0.0,9.2,168,999.2,47,1,Mainly Clear
Kolkata,India,2026-08-14,01:00:00,27.1,33.1,92,0.0,0.0,8.0,160,998.9,76,2,Partly Cloudy
Kolkata,India,2026-08-14,02:00:00,26.9,32.9,93,0.0,0.0,8.6,129,998.5,91,3,Overcast
Kolkata,India,2026-08-14,03:00:00,26.8,32.6,93,0.0,0.0,9.0,134,998.6,92,3,Overcast
Kolkata,India,2026-08-14,04:00:00,26.7,32.5,93,0.0,0.0,8.6,126,998.7,96,3,Overcast
Kolkata,India,2026-08-14,05:00:00,27.3,33.2,91,0.0,0.0,9.0,113,998.8,100,3,Overcast
Kolkata,India,2026-08-14,06:00:00,27.5,33.6,92,0.1,0.1,9.3,98,999.3,69,51,Light Drizzle
Kolkata,India,2026-08-14,07:00:00,28.8,34.9,87,0.1,0.1,10.8,111,999.7,93,51,Light Drizzle
Kolkata,India,2026-08-14,08:00:00,29.9,36.0,83,0.2,0.1,11.7,124,1000.1,90,51,Light Drizzle
Kolkata,India,2026-08-14,09:00:00,28.8,34.4,86,1.5,0.1,14.5,163,1000.4,100,95,Thunderstorm
Kolkata,India,2026-08-14,10:00:00,28.8,34.6,86,3.5,1.0,11.7,110,1000.2,95,96,Thunderstorm with Hail
Kolkata,India,2026-08-14,11:00:00,30.6,36.1,75,0.6,0.5,13.5,166,1000.0,69,53,Moderate Drizzle
Kolkata,India,2026-08-14,12:00:00,30.6,37.4,77,1.2,0.3,14.8,151,999.1,75,95,Thunderstorm
Kolkata,India,2026-08-14,13:00:00,30.6,36.8,75,1.3,0.4,12.9,160,998.9,77,95,Thunderstorm
Kolkata,India,2026-08-14,14:00:00,29.9,36.0,76,1.4,0.4,12.6,136,998.2,80,95,Thunderstorm
Kolkata,India,2026-08-14,15:00:00,30.1,35.7,79,1.0,0.6,12.3,136,997.6,70,95,Thunderstorm
Kolkata,India,2026-08-14,16:00:00,30.3,35.5,76,0.0,0.0,13.2,148,997.9,62,2,Partly Cloudy
Kolkata,India,2026-08-14,17:00:00,29.6,36.3,81,0.1,0.1,5.1,132,997.7,72,51,Light Drizzle
Kolkata,India,2026-08-14,18:00:00,29.3,36.1,84,0.0,0.0,5.5,117,997.9,69,2,Partly Cloudy
Kolkata,India,2026-08-14,19:00:00,29.1,35.1,83,0.0,0.0,9.2,140,998.5,76,2,Partly Cloudy
Kolkata,India,2026-08-14,20:00:00,28.6,34.3,83,0.0,0.0,9.1,148,999.7,83,3,Overcast
Kolkata,India,2026-08-14,21:00:00,28.2,34.0,86,0.0,0.0,8.7,143,1000.6,81,3,Overcast
Kolkata,India,2026-08-14,22:00:00,27.9,33.8,87,0.0,0.0,7.6,135,1000.7,87,3,Overcast
Kolkata,India,2026-08-14,23:00:00,27.7,33.6,88,0.0,0.0,8.7,133,1000.2,91,3,Overcast
Kolkata,India,2026-08-15,00:00:00,27.5,33.6,90,0.0,0.0,7.8,136,999.5,90,3,Overcast
Kolkata,India,2026-08-15,01:00:00,26.0,30.9,93,0.5,0.2,12.0,145,999.4,84,53,Moderate Drizzle
Kolkata,India,2026-08-15,02:00:00,25.4,30.1,96,1.0,0.2,11.7,136,999.4,95,55,Heavy Drizzle
Kolkata,India,2026-08-15,03:00:00,25.1,30.2,97,1.1,1.1,9.3,131,999.3,92,55,Heavy Drizzle
Kolkata,India,2026-08-15,04:00:00,25.2,30.5,97,0.4,0.4,8.6,119,998.9,98,51,Light Drizzle
Kolkata,India,2026-08-15,05:00:00,26.6,32.5,96,0.0,0.0,9.4,101,998.5,86,3,Overcast
Kolkata,India,2026-08-15,06:00:00,27.3,33.2,94,0.0,0.0,11.0,131,999.2,88,3,Overcast
Kolkata,India,2026-08-15,07:00:00,27.9,33.7,88,0.1,0.1,9.8,133,999.5,63,51,Light Drizzle
Kolkata,India,2026-08-15,08:00:00,29.2,35.1,83,0.1,0.1,9.4,133,999.7,35,51,Light Drizzle
Kolkata,India,2026-08-15,09:00:00,30.3,37.2,79,0.1,0.1,9.4,148,999.8,100,51,Light Drizzle
Kolkata,India,2026-08-15,10:00:00,31.4,38.6,75,0.1,0.0,10.4,152,999.9,100,51,Light Drizzle
Kolkata,India,2026-08-15,11:00:00,28.9,35.3,86,1.1,0.7,8.8,110,999.8,99,95,Thunderstorm
Kolkata,India,2026-08-15,12:00:00,31.8,40.1,76,0.2,0.1,9.2,101,999.0,99,51,Light Drizzle
Kolkata,India,2026-08-15,13:00:00,28.9,35.2,86,3.7,0.3,14.5,148,998.6,96,96,Thunderstorm with Hail
Kolkata,India,2026-08-15,14:00:00,30.8,37.7,79,0.5,0.5,6.9,121,997.7,80,53,Moderate Drizzle
Kolkata,India,2026-08-15,15:00:00,29.6,35.0,80,1.2,0.3,12.6,143,997.3,20,55,Heavy Drizzle
Kolkata,India,2026-08-15,16:00:00,30.3,35.9,76,0.2,0.2,10.5,145,997.0,33,51,Light Drizzle
Kolkata,India,2026-08-15,17:00:00,29.3,34.7,80,0.1,0.1,12.0,139,997.0,4,51,Light Drizzle
Kolkata,India,2026-08-15,18:00:00,28.6,34.4,85,0.0,0.0,9.4,133,997.2,34,1,Mainly Clear
Kolkata,India,2026-08-15,19:00:00,28.3,34.1,86,0.0,0.0,9.8,137,997.9,27,1,Mainly Clear
Kolkata,India,2026-08-15,20:00:00,27.8,33.4,88,0.0,0.0,9.7,118,999.0,45,1,Mainly Clear
Kolkata,India,2026-08-15,21:00:00,27.4,33.3,90,0.0,0.0,8.5,115,999.7,66,2,Partly Cloudy
Kolkata,India,2026-08-15,22:00:00,27.1,33.0,92,0.1,0.1,8.5,96,999.5,91,51,Light Drizzle
Kolkata,India,2026-08-15,23:00:00,27.4,33.2,92,0.1,0.1,11.2,100,998.7,98,51,Light Drizzle
Kolkata,India,2026-08-16,00:00:00,26.8,32.3,93,0.1,0.1,11.4,115,998.2,96,51,Light Drizzle
Kolkata,India,2026-08-16,01:00:00,26.6,32.2,94,0.0,0.0,10.5,109,997.4,99,3,Overcast
Kolkata,India,2026-08-16,02:00:00,26.6,32.6,95,0.0,0.0,7.7,106,997.4,98,3,Overcast
Kolkata,India,2026-08-16,03:00:00,26.4,32.3,96,0.0,0.0,7.9,94,997.4,63,2,Partly Cloudy
Kolkata,India,2026-08-16,04:00:00,26.2,32.1,96,0.0,0.0,8.4,80,997.3,80,3,Overcast
Kolkata,India,2026-08-16,05:00:00,26.7,32.2,96,0.2,0.1,12.7,52,997.3,25,51,Light Drizzle
Kolkata,India,2026-08-16,06:00:00,27.1,32.6,94,0.0,0.0,12.5,49,997.3,55,2,Partly Cloudy
Kolkata,India,2026-08-16,07:00:00,28.1,33.5,87,0.0,0.0,13.0,62,997.6,85,3,Overcast
Kolkata,India,2026-08-16,08:00:00,28.4,33.5,85,0.7,0.5,13.8,62,997.8,83,53,Moderate Drizzle
Kolkata,India,2026-08-16,09:00:00,29.5,35.0,82,0.5,0.3,12.9,62,997.7,89,53,Moderate Drizzle
Kolkata,India,2026-08-16,10:00:00,31.4,38.1,73,0.2,0.1,14.3,67,997.2,100,51,Light Drizzle
Kolkata,India,2026-08-16,11:00:00,30.3,34.7,73,5.2,0.1,14.9,56,996.3,100,96,Thunderstorm with Hail
Kolkata,India,2026-08-16,12:00:00,29.8,34.9,78,0.7,0.2,13.8,64,996.0,100,53,Moderate Drizzle
Kolkata,India,2026-08-16,13:00:00,28.8,34.7,85,1.2,0.6,11.1,44,995.1,100,95,Thunderstorm
Kolkata,India,2026-08-16,14:00:00,28.8,34.6,87,0.8,0.3,11.9,35,994.5,100,95,Thunderstorm
Kolkata,India,2026-08-16,15:00:00,28.3,33.4,87,0.4,0.2,15.2,50,994.0,100,51,Light Drizzle
Kolkata,India,2026-08-16,16:00:00,28.3,34.5,90,0.5,0.3,10.4,34,993.7,95,53,Moderate Drizzle
Kolkata,India,2026-08-16,17:00:00,29.2,34.9,86,0.1,0.1,14.1,53,994.6,98,51,Light Drizzle
Kolkata,India,2026-08-16,18:00:00,28.3,33.8,87,0.2,0.2,12.2,81,995.0,100,51,Light Drizzle
Kolkata,India,2026-08-16,19:00:00,27.7,33.6,90,0.1,0.1,10.0,111,995.8,100,51,Light Drizzle
Kolkata,India,2026-08-16,20:00:00,27.4,33.1,92,0.1,0.1,11.4,113,996.7,100,51,Light Drizzle
Kolkata,India,2026-08-16,21:00:00,26.9,32.4,95,1.0,0.2,13.2,118,997.3,100,55,Heavy Drizzle
Kolkata,India,2026-08-16,22:00:00,26.8,32.0,95,0.3,0.3,14.0,121,997.2,100,51,Light Drizzle
Kolkata,India,2026-08-16,23:00:00,26.5,32.2,98,0.5,0.5,12.7,162,996.6,100,53,Moderate Drizzle
Kolkata,India,2026-08-17,00:00:00,26.5,31.8,96,1.3,0.8,13.6,169,996.1,100,80,Light Rain Showers
Kolkata,India,2026-08-17,01:00:00,25.9,31.3,98,1.4,0.6,11.3,187,995.9,100,80,Light Rain Showers
Kolkata,India,2026-08-17,02:00:00,25.6,31.1,98,1.6,0.9,9.5,148,995.5,100,80,Light Rain Showers
Kolkata,India,2026-08-17,03:00:00,25.7,31.4,98,0.8,0.8,8.3,164,995.3,100,53,Moderate Drizzle
Kolkata,India,2026-08-17,04:00:00,25.8,31.9,97,0.2,0.2,4.8,165,995.4,100,51,Light Drizzle
Kolkata,India,2026-08-17,05:00:00,25.8,31.2,98,0.0,0.0,11.1,320,995.5,100,3,Overcast
Kolkata,India,2026-08-17,06:00:00,26.1,31.5,97,3.5,0.9,11.2,305,995.9,100,95,Thunderstorm
Kolkata,India,2026-08-17,07:00:00,26.4,32.0,98,3.5,1.5,12.5,303,996.4,100,95,Thunderstorm
Kolkata,India,2026-08-17,08:00:00,27.6,33.7,95,1.8,0.4,12.9,285,997.1,100,95,Thunderstorm
Kolkata,India,2026-08-17,09:00:00,28.2,33.4,89,1.9,0.3,15.5,279,997.4,100,95,Thunderstorm
Kolkata,India,2026-08-17,10:00:00,28.8,33.9,83,0.5,0.3,14.2,282,997.4,100,53,Moderate Drizzle
Kolkata,India,2026-08-17,11:00:00,27.5,32.9,92,0.1,0.0,14.1,287,997.0,100,51,Light Drizzle
Kolkata,India,2026-08-17,12:00:00,27.1,32.7,95,3.9,1.3,12.9,251,996.5,100,96,Thunderstorm with Hail
Kolkata,India,2026-08-17,13:00:00,26.8,31.3,94,2.1,1.0,19.0,247,996.3,100,80,Light Rain Showers
Kolkata,India,2026-08-17,14:00:00,26.7,31.4,96,1.0,0.7,18.3,248,996.3,100,55,Heavy Drizzle
Kolkata,India,2026-08-17,15:00:00,27.0,32.1,95,1.0,0.5,16.3,237,996.0,100,55,Heavy Drizzle
Kolkata,India,2026-08-17,16:00:00,26.5,31.3,96,0.9,0.6,16.8,238,996.5,100,53,Moderate Drizzle
Kolkata,India,2026-08-17,17:00:00,27.5,32.2,89,1.0,0.5,15.8,222,997.6,100,55,Heavy Drizzle
Kolkata,India,2026-08-17,18:00:00,26.9,31.7,92,0.3,0.1,14.3,211,997.8,100,51,Light Drizzle
Kolkata,India,2026-08-17,19:00:00,26.7,31.4,92,0.6,0.2,15.2,210,998.8,100,53,Moderate Drizzle
Kolkata,India,2026-08-17,20:00:00,26.4,31.3,93,0.3,0.3,13.5,207,999.6,100,51,Light Drizzle
Kolkata,India,2026-08-17,21:00:00,26.5,31.5,93,0.5,0.4,12.8,215,1000.4,100,53,Moderate Drizzle
Kolkata,India,2026-08-17,22:00:00,26.5,31.5,93,0.3,0.2,13.0,219,1000.4,95,51,Light Drizzle
Kolkata,India,2026-08-17,23:00:00,26.4,30.7,93,0.1,0.1,16.8,229,1000.2,100,51,Light Drizzle
Kolkata,India,2026-08-18,00:00:00,26.0,30.5,93,0.7,0.2,14.4,223,999.7,100,53,Moderate Drizzle
Kolkata,India,2026-08-18,01:00:00,25.9,31.1,94,0.9,0.9,10.0,203,999.4,100,53,Moderate Drizzle
Kolkata,India,2026-08-18,02:00:00,26.0,31.1,95,0.6,0.6,11.4,191,999.2,100,53,Moderate Drizzle
Kolkata,India,2026-08-18,03:00:00,26.0,31.0,95,0.0,0.0,12.6,179,999.3,96,3,Overcast
Kolkata,India,2026-08-18,04:00:00,26.2,31.5,96,0.0,0.0,11.4,176,999.2,98,3,Overcast
Kolkata,India,2026-08-18,05:00:00,26.9,32.9,95,0.0,0.0,9.0,167,999.5,73,2,Partly Cloudy
Kolkata,India,2026-08-18,06:00:00,27.6,34.2,93,0.0,0.0,7.4,141,1000.1,96,3,Overcast
Kolkata,India,2026-08-18,07:00:00,28.7,35.0,89,0.0,0.0,11.0,142,1000.7,100,3,Overcast
Kolkata,India,2026-08-18,08:00:00,29.2,35.4,87,0.2,0.0,11.6,154,1000.8,99,95,Thunderstorm
Kolkata,India,2026-08-18,09:00:00,28.7,33.7,84,0.9,0.1,17.3,175,1001.0,100,95,Thunderstorm
Kolkata,India,2026-08-18,10:00:00,28.6,33.9,85,2.7,0.5,13.6,157,1001.1,72,95,Thunderstorm
Kolkata,India,2026-08-18,11:00:00,30.8,36.3,73,0.1,0.0,13.9,193,1001.8,100,51,Light Drizzle
Kolkata,India,2026-08-18,12:00:00,30.4,35.1,73,0.0,0.0,13.7,179,1000.7,100,3,Overcast
Kolkata,India,2026-08-18,13:00:00,29.1,34.3,80,0.1,0.1,11.7,175,999.7,45,51,Light Drizzle
Kolkata,India,2026-08-18,14:00:00,30.3,35.4,78,0.8,0.1,16.9,187,999.1,41,53,Moderate Drizzle
Kolkata,India,2026-08-18,15:00:00,29.7,33.9,76,0.2,0.1,17.5,192,998.5,44,51,Light Drizzle
Kolkata,India,2026-08-18,16:00:00,28.4,33.3,84,1.4,1.1,14.3,200,998.7,55,80,Light Rain Showers
Kolkata,India,2026-08-18,17:00:00,29.2,34.3,79,0.2,0.1,11.2,204,998.7,36,51,Light Drizzle
Kolkata,India,2026-08-18,18:00:00,28.4,34.0,83,0.0,0.0,8.6,190,999.5,28,1,Mainly Clear
Kolkata,India,2026-08-18,19:00:00,28.0,33.8,85,0.0,0.0,7.7,162,1000.3,12,0,Clear Sky
Kolkata,India,2026-08-18,20:00:00,27.7,33.5,87,0.0,0.0,8.0,164,1001.1,30,1,Mainly Clear
Kolkata,India,2026-08-18,21:00:00,27.6,33.4,88,0.0,0.0,7.8,167,1001.8,63,2,Partly Cloudy
Kolkata,India,2026-08-18,22:00:00,27.5,33.3,88,0.0,0.0,7.6,162,1002.0,73,2,Partly Cloudy
Kolkata,India,2026-08-18,23:00:00,27.8,33.5,88,0.0,0.0,9.5,159,1001.5,80,3,Overcast
Kolkata,India,2026-08-19,00:00:00,27.4,32.9,89,0.0,0.0,9.7,161,1001.3,88,3,Overcast
Kolkata,India,2026-08-19,01:00:00,27.2,32.6,89,0.0,0.0,10.3,167,1001.0,58,2,Partly Cloudy
Kolkata,India,2026-08-19,02:00:00,26.8,32.2,90,0.0,0.0,9.6,172,1000.4,19,0,Clear Sky
Kolkata,India,2026-08-19,03:00:00,26.7,32.0,91,0.0,0.0,9.6,175,1001.0,70,2,Partly Cloudy
Kolkata,India,2026-08-19,04:00:00,25.7,30.8,95,1.7,0.1,9.6,175,1001.4,92,80,Light Rain Showers
Kolkata,India,2026-08-19,05:00:00,26.3,31.9,93,0.6,0.6,8.6,164,1001.3,50,53,Moderate Drizzle
Kolkata,India,2026-08-19,06:00:00,26.5,32.0,91,0.1,0.1,8.3,169,1002.0,54,51,Light Drizzle
Kolkata,India,2026-08-19,07:00:00,27.7,33.5,87,0.1,0.1,8.0,172,1002.5,31,51,Light Drizzle
Kolkata,India,2026-08-19,08:00:00,29.1,34.8,82,0.0,0.0,10.0,186,1003.2,28,1,Mainly Clear
Kolkata,India,2026-08-19,09:00:00,30.3,37.1,79,0.1,0.0,6.6,193,1003.3,23,51,Light Drizzle
Kolkata,India,2026-08-19,10:00:00,31.6,39.6,74,0.1,0.0,7.7,181,1003.1,52,51,Light Drizzle
Kolkata,India,2026-08-19,11:00:00,31.6,38.6,71,0.1,0.0,10.4,172,1003.0,18,51,Light Drizzle
Kolkata,India,2026-08-19,12:00:00,30.3,37.5,75,0.2,0.1,10.7,164,1002.2,50,51,Light Drizzle
Kolkata,India,2026-08-19,13:00:00,31.7,36.9,67,1.1,0.9,10.7,173,1001.5,8,55,Heavy Drizzle
Kolkata,India,2026-08-19,14:00:00,32.4,37.9,64,0.1,0.1,12.0,194,1000.9,16,51,Light Drizzle
Kolkata,India,2026-08-19,15:00:00,32.1,37.2,66,0.1,0.1,10.7,185,1000.3,7,51,Light Drizzle
Kolkata,India,2026-08-19,16:00:00,31.4,36.5,70,0.0,0.0,11.4,177,1000.0,9,0,Clear Sky
Kolkata,India,2026-08-19,17:00:00,30.9,36.3,72,0.0,0.0,10.4,181,1000.7,19,0,Clear Sky
Kolkata,India,2026-08-19,18:00:00,29.7,35.6,78,0.0,0.0,7.2,174,1001.3,31,1,Mainly Clear
Kolkata,India,2026-08-19,19:00:00,29.1,35.0,81,0.0,0.0,7.6,177,1002.1,23,1,Mainly Clear
Kolkata,India,2026-08-19,20:00:00,28.6,34.6,83,0.0,0.0,7.6,162,1003.2,42,1,Mainly Clear
Kolkata,India,2026-08-19,21:00:00,28.2,34.2,86,0.0,0.0,7.7,162,1004.1,98,3,Overcast
Kolkata,India,2026-08-19,22:00:00,27.9,33.9,88,0.0,0.0,7.3,152,1004.4,54,2,Partly Cloudy
Kolkata,India,2026-08-19,23:00:00,28.2,34.7,88,0.0,0.0,6.5,146,1003.7,56,2,Partly Cloudy
Kolkata,India,2026-08-20,00:00:00,27.8,34.3,90,0.0,0.0,6.0,136,1003.1,66,2,Partly Cloudy
Kolkata,India,2026-08-20,01:00:00,27.5,34.0,91,0.0,0.0,5.9,140,1002.5,84,3,Overcast
Kolkata,India,2026-08-20,02:00:00,27.3,33.7,92,0.0,0.0,6.2,136,1002.2,87,3,Overcast
Kolkata,India,2026-08-20,03:00:00,27.2,33.6,92,0.0,0.0,5.4,130,1001.9,76,2,Partly Cloudy
Kolkata,India,2026-08-20,04:00:00,27.0,33.4,93,0.0,0.0,5.2,112,1002.3,94,3,Overcast
Kolkata,India,2026-08-20,05:00:00,27.4,33.1,89,0.1,0.0,8.0,170,1002.4,27,51,Light Drizzle
Kolkata,India,2026-08-20,06:00:00,27.6,33.6,87,0.0,0.0,5.5,157,1002.7,55,2,Partly Cloudy
Kolkata,India,2026-08-20,07:00:00,28.7,34.5,82,0.0,0.0,7.3,150,1003.0,59,2,Partly Cloudy
Kolkata,India,2026-08-20,08:00:00,29.5,35.4,78,0.0,0.0,6.1,150,1003.3,96,3,Overcast
Kolkata,India,2026-08-20,09:00:00,30.6,37.5,75,0.2,0.2,4.5,166,1003.2,99,51,Light Drizzle
Kolkata,India,2026-08-20,10:00:00,31.7,40.1,74,0.0,0.0,4.4,171,1003.1,98,3,Overcast
Kolkata,India,2026-08-20,11:00:00,32.4,41.0,66,0.1,0.0,3.3,167,1002.6,98,51,Light Drizzle
Kolkata,India,2026-08-20,12:00:00,33.0,41.5,63,0.2,0.2,3.0,155,1001.8,92,51,Light Drizzle
Kolkata,India,2026-08-20,13:00:00,30.2,36.6,78,0.6,0.4,12.1,207,1001.0,90,53,Moderate Drizzle
Kolkata,India,2026-08-20,14:00:00,30.8,38.3,80,0.1,0.1,4.7,176,1000.2,59,51,Light Drizzle
Kolkata,India,2026-08-20,15:00:00,31.3,38.1,77,0.1,0.0,7.4,183,999.6,11,51,Light Drizzle
Kolkata,India,2026-08-20,16:00:00,31.3,37.7,73,0.1,0.0,7.0,190,999.3,83,51,Light Drizzle
Kolkata,India,2026-08-20,17:00:00,30.0,36.9,83,0.0,0.0,6.8,148,999.9,96,3,Overcast
Kolkata,India,2026-08-20,18:00:00,29.3,36.5,87,0.0,0.0,5.2,151,1000.3,98,3,Overcast
Kolkata,India,2026-08-20,19:00:00,29.0,36.2,88,0.0,0.0,4.7,140,1001.1,96,3,Overcast
Kolkata,India,2026-08-20,20:00:00,28.9,36.3,88,0.0,0.0,4.1,128,1002.1,97,3,Overcast
Kolkata,India,2026-08-20,21:00:00,29.0,36.4,88,0.0,0.0,3.6,150,1002.8,100,3,Overcast
Kolkata,India,2026-08-20,22:00:00,28.9,36.2,89,0.0,0.0,4.6,159,1003.0,100,3,Overcast
Kolkata,India,2026-08-20,23:00:00,29.4,36.9,90,0.0,0.0,5.9,160,1002.3,81,3,Overcast
Kolkata,India,2026-08-21,00:00:00,28.9,36.5,91,0.0,0.0,5.1,170,1001.7,98,3,Overcast
Kolkata,India,2026-08-21,01:00:00,28.8,36.4,91,0.0,0.0,4.7,164,1001.1,99,3,Overcast
Kolkata,India,2026-08-21,02:00:00,28.7,36.3,92,0.0,0.0,4.0,159,1000.6,92,3,Overcast
Kolkata,India,2026-08-21,03:00:00,28.4,35.8,92,0.0,0.0,4.8,135,1000.6,75,2,Partly Cloudy
Kolkata,India,2026-08-21,04:00:00,28.1,35.4,93,0.0,0.0,5.0,145,1000.7,77,2,Partly Cloudy
Kolkata,India,2026-08-21,05:00:00,28.4,35.7,91,0.0,0.0,3.8,149,1001.0,98,3,Overcast
Kolkata,India,2026-08-21,06:00:00,28.9,36.6,90,0.0,0.0,2.9,120,1001.2,62,2,Partly Cloudy
Kolkata,India,2026-08-21,07:00:00,30.1,37.8,85,0.0,0.0,3.5,145,1001.6,88,3,Overcast
Kolkata,India,2026-08-21,08:00:00,30.8,38.6,82,0.0,0.0,3.5,145,1001.6,91,3,Overcast
Kolkata,India,2026-08-21,09:00:00,31.6,39.8,78,0.0,0.0,2.9,112,1002.0,98,3,Overcast
Kolkata,India,2026-08-21,10:00:00,32.2,40.6,76,0.0,0.0,4.7,108,1001.8,96,3,Overcast
Kolkata,India,2026-08-21,11:00:00,32.9,41.4,72,0.1,0.0,6.1,130,1001.1,96,95,Thunderstorm
Kolkata,India,2026-08-21,12:00:00,33.2,42.0,71,0.0,0.0,7.0,122,1000.1,97,3,Overcast
Kolkata,India,2026-08-21,13:00:00,33.0,41.4,72,0.1,0.0,5.1,138,999.2,95,95,Thunderstorm
Kolkata,India,2026-08-21,14:00:00,29.3,36.0,85,3.0,0.4,10.1,180,999.1,93,96,Thunderstorm with Hail
Kolkata,India,2026-08-21,15:00:00,29.3,36.5,85,0.8,0.8,3.7,209,998.8,77,53,Moderate Drizzle
Kolkata,India,2026-08-21,16:00:00,30.0,37.3,82,0.1,0.1,3.3,193,998.3,96,51,Light Drizzle
Kolkata,India,2026-08-21,17:00:00,30.6,38.1,84,0.0,0.0,7.5,100,998.3,97,3,Overcast
Kolkata,India,2026-08-21,18:00:00,29.4,36.9,90,0.1,0.1,7.2,109,998.9,94,51,Light Drizzle
Kolkata,India,2026-08-21,19:00:00,28.9,36.3,91,0.1,0.1,6.4,112,999.9,97,51,Light Drizzle
Kolkata,India,2026-08-21,20:00:00,28.8,36.3,91,0.0,0.0,5.6,121,1000.9,98,3,Overcast
Kolkata,India,2026-08-21,21:00:00,28.9,36.4,92,0.0,0.0,6.1,133,1001.7,61,2,Partly Cloudy
Kolkata,India,2026-08-21,22:00:00,28.8,36.5,94,0.0,0.0,6.3,129,1001.6,57,2,Partly Cloudy
Kolkata,India,2026-08-21,23:00:00,29.0,36.6,93,0.0,0.0,6.4,144,1001.1,95,3,Overcast
Kolkata,India,2026-08-22,00:00:00,28.7,36.1,92,0.0,0.0,5.9,153,1000.8,95,3,Overcast
Kolkata,India,2026-08-22,01:00:00,28.4,35.9,93,0.0,0.0,5.0,154,1000.4,94,3,Overcast
Kolkata,India,2026-08-22,02:00:00,28.2,35.7,94,0.0,0.0,4.5,137,999.5,99,3,Overcast
Kolkata,India,2026-08-22,03:00:00,28.1,35.7,95,0.0,0.0,3.6,139,999.7,98,3,Overcast
Kolkata,India,2026-08-22,04:00:00,27.8,35.2,95,0.0,0.0,4.7,118,999.6,97,3,Overcast
Kolkata,India,2026-08-22,05:00:00,27.8,34.8,96,0.0,0.0,7.2,76,999.5,98,3,Overcast
Kolkata,India,2026-08-22,06:00:00,28.4,35.9,96,0.0,0.0,7.5,60,1000.5,98,3,Overcast
Kolkata,India,2026-08-22,07:00:00,29.8,37.4,88,0.0,0.0,6.9,83,1000.6,99,3,Overcast
Kolkata,India,2026-08-22,08:00:00,30.6,36.8,79,0.2,0.1,10.7,103,1000.9,98,51,Light Drizzle
Kolkata,India,2026-08-22,09:00:00,31.0,37.1,76,0.1,0.1,10.6,100,1000.9,98,51,Light Drizzle
Kolkata,India,2026-08-22,10:00:00,32.1,39.3,72,0.1,0.1,10.1,112,1000.7,99,51,Light Drizzle
Kolkata,India,2026-08-22,11:00:00,32.7,39.3,64,0.0,0.0,9.4,107,1000.6,97,3,Overcast
Kolkata,India,2026-08-22,12:00:00,32.9,40.0,65,0.3,0.1,8.5,107,999.7,89,95,Thunderstorm
Kolkata,India,2026-08-22,13:00:00,32.7,39.5,67,0.0,0.0,9.2,106,998.9,98,3,Overcast
Kolkata,India,2026-08-22,14:00:00,30.9,36.5,75,1.5,0.6,11.6,141,998.6,99,95,Thunderstorm
Kolkata,India,2026-08-22,15:00:00,29.6,36.0,82,0.1,0.1,7.7,147,997.9,98,51,Light Drizzle
Kolkata,India,2026-08-22,16:00:00,29.9,36.6,82,0.0,0.0,6.3,167,997.4,91,3,Overcast
Kolkata,India,2026-08-22,17:00:00,30.4,37.6,82,0.1,0.1,6.0,139,998.2,95,51,Light Drizzle
Kolkata,India,2026-08-22,18:00:00,29.8,37.5,86,0.0,0.0,3.1,152,998.7,86,3,Overcast
Kolkata,India,2026-08-22,19:00:00,29.8,38.0,86,0.0,0.0,0.4,207,999.8,77,2,Partly Cloudy
Kolkata,India,2026-08-22,20:00:00,29.6,37.6,87,0.0,0.0,1.5,54,1000.7,44,1,Mainly Clear
Kolkata,India,2026-08-22,21:00:00,29.3,37.1,88,0.0,0.0,2.7,37,1001.4,71,2,Partly Cloudy
Kolkata,India,2026-08-22,22:00:00,28.8,36.4,91,0.0,0.0,3.9,62,1001.3,84,3,Overcast
Kolkata,India,2026-08-22,23:00:00,29.3,36.7,87,0.0,0.0,4.0,72,1000.6,94,3,Overcast
Kolkata,India,2026-08-23,00:00:00,28.8,35.9,89,0.0,0.0,5.6,63,1000.2,100,3,Overcast
Kolkata,India,2026-08-23,01:00:00,28.0,33.6,87,0.0,0.0,10.8,93,999.5,93,3,Overcast
Kolkata,India,2026-08-23,02:00:00,27.1,32.9,90,0.0,0.0,7.7,66,999.7,99,3,Overcast
Kolkata,India,2026-08-23,03:00:00,26.8,32.4,91,0.0,0.0,8.3,68,999.7,100,3,Overcast
Kolkata,India,2026-08-23,04:00:00,26.8,32.5,92,0.0,0.0,8.5,69,999.5,100,3,Overcast
Kolkata,India,2026-08-23,05:00:00,27.8,34.1,92,0.0,0.0,9.0,78,999.6,100,3,Overcast
Kolkata,India,2026-08-23,06:00:00,28.0,33.4,87,0.1,0.0,11.6,98,1000.5,100,51,Light Drizzle
Kolkata,India,2026-08-23,07:00:00,27.8,33.6,88,0.2,0.2,9.0,92,1000.6,100,51,Light Drizzle
Kolkata,India,2026-08-23,08:00:00,28.6,34.8,87,0.5,0.1,8.7,83,1000.6,90,95,Thunderstorm
Kolkata,India,2026-08-23,09:00:00,30.1,35.9,78,0.1,0.0,10.6,80,1001.0,87,51,Light Drizzle
Kolkata,India,2026-08-23,10:00:00,31.5,38.2,72,0.1,0.0,11.4,78,1000.7,100,51,Light Drizzle
Kolkata,India,2026-08-23,11:00:00,32.2,37.8,71,0.1,0.0,12.9,72,1000.2,96,95,Thunderstorm
Kolkata,India,2026-08-23,12:00:00,31.9,38.7,73,0.5,0.3,13.1,78,999.2,23,53,Moderate Drizzle
Kolkata,India,2026-08-23,13:00:00,32.4,39.0,70,0.1,0.1,13.3,74,997.8,44,51,Light Drizzle
Kolkata,India,2026-08-23,14:00:00,32.2,37.8,69,0.2,0.1,13.8,82,997.1,38,51,Light Drizzle
Kolkata,India,2026-08-23,15:00:00,32.2,37.1,67,0.2,0.2,13.6,98,996.6,21,51,Light Drizzle
Kolkata,India,2026-08-23,16:00:00,31.6,36.7,70,0.2,0.2,12.9,115,996.9,26,51,Light Drizzle
Kolkata,India,2026-08-23,17:00:00,30.7,37.4,79,0.0,0.0,7.9,101,997.6,38,1,Mainly Clear
Kolkata,India,2026-08-23,18:00:00,29.4,35.9,84,0.2,0.2,7.2,102,998.4,43,51,Light Drizzle
Kolkata,India,2026-08-23,19:00:00,29.0,35.5,84,0.1,0.1,6.4,115,999.4,71,51,Light Drizzle
Kolkata,India,2026-08-23,20:00:00,28.7,35.2,85,0.0,0.0,5.9,117,1000.2,98,3,Overcast
Kolkata,India,2026-08-23,21:00:00,28.5,34.9,86,0.0,0.0,6.5,113,1000.5,92,3,Overcast
Kolkata,India,2026-08-23,22:00:00,28.1,34.4,88,0.0,0.0,6.8,108,1000.8,89,3,Overcast
Kolkata,India,2026-08-23,23:00:00,28.4,34.7,88,0.0,0.0,8.1,95,1000.3,85,3,Overcast
Kolkata,India,2026-08-24,00:00:00,27.9,34.3,90,0.0,0.0,7.4,83,999.7,84,3,Overcast
Kolkata,India,2026-08-24,01:00:00,27.5,33.5,91,0.0,0.0,8.7,85,999.2,96,3,Overcast
Kolkata,India,2026-08-24,02:00:00,27.0,32.7,92,0.7,0.3,9.1,120,998.7,68,53,Moderate Drizzle
Kolkata,India,2026-08-24,03:00:00,26.9,32.7,92,0.1,0.1,8.7,127,998.8,27,51,Light Drizzle
Kolkata,India,2026-08-24,04:00:00,26.8,32.5,93,0.0,0.0,9.0,123,999.0,73,2,Partly Cloudy
Kolkata,India,2026-08-24,05:00:00,27.2,33.5,97,0.0,0.0,10.6,93,999.1,22,1,Mainly Clear
Kolkata,India,2026-08-24,06:00:00,27.7,33.2,90,0.1,0.1,12.7,106,999.7,82,51,Light Drizzle
Kolkata,India,2026-08-24,07:00:00,27.6,33.2,92,0.8,0.7,12.7,102,999.8,88,53,Moderate Drizzle
Kolkata,India,2026-08-24,08:00:00,28.4,34.1,87,0.6,0.5,11.9,132,1000.2,97,53,Moderate Drizzle
Kolkata,India,2026-08-24,09:00:00,30.2,36.1,79,0.3,0.1,12.6,153,1000.5,100,95,Thunderstorm
Kolkata,India,2026-08-24,10:00:00,28.8,33.9,85,1.0,0.8,14.8,157,1000.5,95,55,Heavy Drizzle
Kolkata,India,2026-08-24,11:00:00,30.7,37.4,76,0.2,0.1,12.6,160,1000.2,100,51,Light Drizzle
Kolkata,India,2026-08-24,12:00:00,28.9,34.9,87,3.7,0.4,12.9,162,999.8,92,96,Thunderstorm with Hail
Kolkata,India,2026-08-24,13:00:00,28.8,34.8,87,4.3,0.9,12.1,165,999.1,74,96,Thunderstorm with Hail
Kolkata,India,2026-08-24,14:00:00,29.9,35.6,82,0.5,0.3,13.5,175,998.6,98,95,Thunderstorm
Kolkata,India,2026-08-24,15:00:00,29.4,35.8,86,0.4,0.1,10.8,183,998.6,98,95,Thunderstorm
Kolkata,India,2026-08-24,16:00:00,27.6,33.5,92,5.3,1.1,10.8,159,998.8,97,96,Thunderstorm with Hail
Kolkata,India,2026-08-24,17:00:00,29.5,35.7,84,0.0,0.0,9.9,153,999.0,95,3,Overcast
Kolkata,India,2026-08-24,18:00:00,29.1,35.2,84,0.0,0.0,8.8,149,999.9,88,3,Overcast
Kolkata,India,2026-08-24,19:00:00,28.9,34.5,84,0.0,0.0,11.0,150,1000.8,66,2,Partly Cloudy
Kolkata,India,2026-08-24,20:00:00,28.6,33.8,83,0.0,0.0,12.2,149,1001.7,70,2,Partly Cloudy
Kolkata,India,2026-08-24,21:00:00,28.3,33.7,84,0.0,0.0,11.3,151,1002.5,58,2,Partly Cloudy
Kolkata,India,2026-08-24,22:00:00,27.6,32.8,87,0.3,0.3,11.6,158,1002.8,85,51,Light Drizzle
Kolkata,India,2026-08-24,23:00:00,28.3,33.4,84,0.1,0.1,12.1,142,1002.1,60,51,Light Drizzle
Kolkata,India,2026-08-25,00:00:00,27.1,32.8,89,0.4,0.2,8.2,151,1002.0,89,51,Light Drizzle
Kolkata,India,2026-08-25,01:00:00,27.2,32.7,90,0.2,0.2,10.1,133,1001.4,57,51,Light Drizzle
Kolkata,India,2026-08-25,02:00:00,27.1,32.1,88,0.1,0.1,11.2,150,1001.2,86,51,Light Drizzle
Kolkata,India,2026-08-25,03:00:00,26.7,31.9,90,0.0,0.0,10.3,139,1001.4,95,3,Overcast
Kolkata,India,2026-08-25,04:00:00,26.5,31.8,92,0.1,0.1,9.4,133,1001.1,81,51,Light Drizzle
Kolkata,India,2026-08-25,05:00:00,27.1,32.9,93,0.0,0.0,9.9,134,1001.4,98,3,Overcast
Kolkata,India,2026-08-25,06:00:00,27.9,33.7,89,0.0,0.0,11.1,133,1001.4,99,3,Overcast
Kolkata,India,2026-08-25,07:00:00,29.2,34.8,82,0.0,0.0,12.1,137,1001.9,80,3,Overcast
Kolkata,India,2026-08-25,08:00:00,29.7,35.1,81,0.2,0.1,13.8,152,1002.2,97,51,Light Drizzle
Kolkata,India,2026-08-25,09:00:00,30.3,36.0,79,0.2,0.1,12.6,149,1002.3,93,51,Light Drizzle
Kolkata,India,2026-08-25,10:00:00,31.9,38.6,73,0.1,0.0,15.8,156,1002.4,100,95,Thunderstorm
Kolkata,India,2026-08-25,11:00:00,31.2,37.6,75,0.2,0.1,15.1,163,1001.8,95,51,Light Drizzle
Kolkata,India,2026-08-25,12:00:00,29.6,35.9,82,2.5,0.1,16.1,167,1001.8,96,96,Thunderstorm with Hail
Kolkata,India,2026-08-25,13:00:00,29.7,36.3,83,1.3,1.0,7.6,133,1000.7,92,95,Thunderstorm
Kolkata,India,2026-08-25,14:00:00,30.7,36.9,79,0.4,0.3,10.7,163,1000.2,88,51,Light Drizzle
Kolkata,India,2026-08-25,15:00:00,29.8,36.2,85,0.3,0.1,11.3,146,999.6,100,95,Thunderstorm
Kolkata,India,2026-08-25,16:00:00,29.5,36.7,89,1.4,0.4,8.9,137,999.8,83,96,Thunderstorm with Hail
Kolkata,India,2026-08-25,17:00:00,30.2,36.7,82,1.0,0.2,8.7,159,999.9,53,95,Thunderstorm
Kolkata,India,2026-08-25,18:00:00,29.6,36.1,84,0.0,0.0,9.3,153,1000.4,80,3,Overcast
Kolkata,India,2026-08-25,19:00:00,29.3,35.7,85,0.0,0.0,8.9,152,1001.4,91,3,Overcast
Kolkata,India,2026-08-25,20:00:00,28.9,35.1,86,0.0,0.0,9.3,146,1002.2,78,2,Partly Cloudy
Kolkata,India,2026-08-25,21:00:00,28.4,34.5,87,0.0,0.0,8.8,139,1003.1,97,3,Overcast
Kolkata,India,2026-08-25,22:00:00,28.1,34.1,88,0.0,0.0,8.4,133,1002.8,99,3,Overcast
Kolkata,India,2026-08-25,23:00:00,28.5,34.7,87,0.0,0.0,9.2,135,1002.7,100,3,Overcast
Kolkata,India,2026-08-26,00:00:00,28.1,34.4,90,0.0,0.0,8.1,133,1002.4,100,3,Overcast
Kolkata,India,2026-08-26,01:00:00,28.0,34.4,91,0.0,0.0,8.0,138,1002.0,100,3,Overcast
Kolkata,India,2026-08-26,02:00:00,27.9,34.3,91,0.0,0.0,7.5,138,1001.0,98,3,Overcast
Kolkata,India,2026-08-26,03:00:00,27.7,34.3,92,0.0,0.0,5.6,135,1001.0,57,2,Partly Cloudy
Kolkata,India,2026-08-26,04:00:00,27.5,33.9,92,0.0,0.0,7.4,146,1001.0,83,3,Overcast
Kolkata,India,2026-08-26,05:00:00,26.6,32.5,93,0.0,0.0,6.6,127,1001.4,48,1,Mainly Clear
Kolkata,India,2026-08-26,06:00:00,27.1,33.5,92,0.0,0.0,5.1,117,1001.6,39,1,Mainly Clear
Kolkata,India,2026-08-26,07:00:00,28.6,35.4,87,0.0,0.0,5.6,138,1001.7,28,1,Mainly Clear
Kolkata,India,2026-08-26,08:00:00,30.4,37.4,80,0.0,0.0,6.1,150,1001.8,40,1,Mainly Clear
Kolkata,India,2026-08-26,09:00:00,31.8,39.0,71,0.0,0.0,6.3,165,1002.2,31,1,Mainly Clear
Kolkata,India,2026-08-26,10:00:00,32.4,40.0,69,0.1,0.0,6.6,159,1001.9,45,51,Light Drizzle
Kolkata,India,2026-08-26,11:00:00,30.5,37.0,75,0.2,0.0,12.5,192,1001.9,87,51,Light Drizzle
Kolkata,India,2026-08-26,12:00:00,29.8,36.5,83,0.5,0.5,6.9,163,1000.8,74,53,Moderate Drizzle
Kolkata,India,2026-08-26,13:00:00,30.5,37.3,82,0.7,0.3,9.1,159,1000.1,79,95,Thunderstorm
Kolkata,India,2026-08-26,14:00:00,31.0,38.5,80,0.8,0.3,6.5,150,999.1,79,95,Thunderstorm
Kolkata,India,2026-08-26,15:00:00,30.3,37.5,83,0.7,0.5,6.1,220,998.1,85,95,Thunderstorm
Kolkata,India,2026-08-26,16:00:00,29.3,35.8,85,0.1,0.1,8.7,218,998.5,78,51,Light Drizzle
Kolkata,India,2026-08-26,17:00:00,29.9,36.8,83,0.1,0.1,7.1,164,999.2,98,51,Light Drizzle
Kolkata,India,2026-08-26,18:00:00,29.2,36.4,88,0.1,0.1,5.2,134,1000.1,92,51,Light Drizzle
Kolkata,India,2026-08-26,19:00:00,28.8,36.2,90,0.0,0.0,5.1,135,1000.8,91,3,Overcast
Kolkata,India,2026-08-26,20:00:00,28.7,36.0,90,0.0,0.0,4.9,141,1001.6,85,3,Overcast
Kolkata,India,2026-08-26,21:00:00,28.5,35.5,90,0.0,0.0,6.2,142,1002.0,41,1,Mainly Clear
Kolkata,India,2026-08-26,22:00:00,28.4,35.4,91,0.0,0.0,5.5,144,1001.9,24,1,Mainly Clear
Kolkata,India,2026-08-26,23:00:00,28.9,36.3,90,0.0,0.0,4.6,116,1001.8,23,1,Mainly Clear
Kolkata,India,2026-08-27,00:00:00,28.4,35.9,92,0.0,0.0,3.7,113,1001.3,43,1,Mainly Clear
Kolkata,India,2026-08-27,01:00:00,28.1,35.4,93,0.0,0.0,5.0,125,1000.9,45,1,Mainly Clear
Kolkata,India,2026-08-27,02:00:00,27.9,35.2,94,0.0,0.0,4.3,132,1000.3,28,1,Mainly Clear
Kolkata,India,2026-08-27,03:00:00,27.7,35.2,95,0.0,0.0,2.9,112,1000.1,15,0,Clear Sky
Kolkata,India,2026-08-27,04:00:00,27.5,34.8,97,0.0,0.0,4.9,82,999.6,2,0,Clear Sky
Kolkata,India,2026-08-27,05:00:00,28.4,36.1,93,0.3,0.0,3.0,155,1000.1,17,51,Light Drizzle
Kolkata,India,2026-08-27,06:00:00,28.8,36.5,91,0.0,0.0,4.1,124,1000.5,20,1,Mainly Clear
Kolkata,India,2026-08-27,07:00:00,29.9,37.9,86,0.0,0.0,2.3,113,1000.7,23,1,Mainly Clear
Kolkata,India,2026-08-27,08:00:00,30.9,38.6,81,0.1,0.0,3.6,108,1001.3,27,51,Light Drizzle
Kolkata,India,2026-08-27,09:00:00,31.8,40.3,78,0.5,0.0,2.1,142,1001.8,13,53,Moderate Drizzle
Kolkata,India,2026-08-27,10:00:00,32.3,41.8,76,0.4,0.0,3.3,139,1001.4,16,51,Light Drizzle
Kolkata,India,2026-08-27,11:00:00,31.4,40.2,78,0.3,0.0,7.4,131,1000.9,100,95,Thunderstorm
Kolkata,India,2026-08-27,12:00:00,30.7,38.6,81,2.6,1.3,6.2,123,999.6,29,81,Moderate Rain Showers
Kolkata,India,2026-08-27,13:00:00,32.6,42.1,74,0.2,0.1,2.6,141,998.4,15,51,Light Drizzle
Kolkata,India,2026-08-27,14:00:00,32.7,41.4,73,0.3,0.1,3.0,142,997.4,68,95,Thunderstorm
Kolkata,India,2026-08-27,15:00:00,32.4,39.9,73,0.1,0.1,4.2,175,996.9,62,51,Light Drizzle
Kolkata,India,2026-08-27,16:00:00,29.7,36.8,85,1.4,0.6,6.5,182,997.2,48,95,Thunderstorm
Kolkata,India,2026-08-27,17:00:00,28.9,35.9,91,0.1,0.1,8.5,184,998.0,89,51,Light Drizzle
Kolkata,India,2026-08-27,18:00:00,28.5,35.9,91,0.4,0.4,4.6,129,999.3,76,51,Light Drizzle
Kolkata,India,2026-08-27,19:00:00,28.5,36.3,93,0.5,0.5,2.9,180,1000.0,38,53,Moderate Drizzle
Kolkata,India,2026-08-27,20:00:00,28.7,36.7,93,0.2,0.2,2.4,193,1000.9,68,51,Light Drizzle
Kolkata,India,2026-08-27,21:00:00,28.6,36.5,92,0.0,0.0,2.5,180,1001.2,96,3,Overcast
Kolkata,India,2026-08-27,22:00:00,28.5,36.4,93,0.0,0.0,2.3,184,1000.8,81,3,Overcast
Kolkata,India,2026-08-27,23:00:00,29.0,37.0,91,0.0,0.0,1.5,60,1000.5,59,2,Partly Cloudy
Kolkata,India,2026-08-28,00:00:00,28.7,36.9,92,0.0,0.0,0.4,90,1000.2,54,2,Partly Cloudy
Kolkata,India,2026-08-28,01:00:00,28.5,36.6,93,0.0,0.0,0.9,101,999.7,52,2,Partly Cloudy
Kolkata,India,2026-08-28,02:00:00,28.3,36.3,94,0.0,0.0,1.7,77,999.1,88,3,Overcast
Kolkata,India,2026-08-28,03:00:00,28.1,36.1,96,0.0,0.0,2.4,73,999.0,98,3,Overcast
Kolkata,India,2026-08-28,04:00:00,27.9,35.7,98,0.0,0.0,4.0,85,999.0,100,3,Overcast
Kolkata,India,2026-08-28,05:00:00,28.1,35.2,89,0.2,0.0,3.1,3,999.2,98,51,Light Drizzle
Kolkata,India,2026-08-28,06:00:00,28.4,35.7,89,0.0,0.0,2.5,45,999.7,99,3,Overcast
Kolkata,India,2026-08-28,07:00:00,29.2,37.0,86,0.0,0.0,0.3,315,1000.6,98,3,Overcast
Kolkata,India,2026-08-28,08:00:00,30.3,37.7,82,0.0,0.0,3.4,93,1000.5,100,3,Overcast
Kolkata,India,2026-08-28,09:00:00,31.0,38.8,79,0.1,0.1,2.2,104,1000.8,93,51,Light Drizzle
Kolkata,India,2026-08-28,10:00:00,31.9,40.8,77,0.1,0.0,3.2,87,1000.5,63,51,Light Drizzle
Kolkata,India,2026-08-28,11:00:00,32.8,41.5,71,0.4,0.0,3.6,41,999.9,46,95,Thunderstorm
Kolkata,India,2026-08-28,12:00:00,32.7,41.7,71,0.2,0.0,4.3,57,998.9,83,95,Thunderstorm
Kolkata,India,2026-08-28,13:00:00,32.9,42.0,71,0.2,0.0,3.8,65,997.7,100,95,Thunderstorm
Kolkata,India,2026-08-28,14:00:00,32.3,39.5,73,0.2,0.0,4.7,81,996.9,100,95,Thunderstorm
Kolkata,India,2026-08-28,15:00:00,28.8,34.8,89,0.5,0.1,12.9,195,996.9,99,95,Thunderstorm
Kolkata,India,2026-08-28,16:00:00,27.7,34.4,91,0.5,0.3,5.3,198,997.3,99,53,Moderate Drizzle
Kolkata,India,2026-08-28,17:00:00,28.9,36.8,94,0.5,0.4,5.0,150,997.7,98,53,Moderate Drizzle
Kolkata,India,2026-08-28,18:00:00,28.6,36.5,94,0.8,0.8,4.7,148,998.5,98,53,Moderate Drizzle
Kolkata,India,2026-08-28,19:00:00,28.3,35.9,96,0.6,0.5,6.0,119,999.4,83,53,Moderate Drizzle
Kolkata,India,2026-08-28,20:00:00,28.0,35.5,96,0.5,0.5,5.1,84,1000.1,97,53,Moderate Drizzle
Kolkata,India,2026-08-28,21:00:00,27.8,35.3,96,0.5,0.3,4.1,142,1000.7,100,95,Thunderstorm
Kolkata,India,2026-08-28,22:00:00,27.3,34.8,97,3.5,1.0,2.4,193,1000.8,100,96,Thunderstorm with Hail
Kolkata,India,2026-08-28,23:00:00,28.7,36.4,94,2.2,1.3,5.1,216,1000.1,100,95,Thunderstorm
Kolkata,India,2026-08-29,00:00:00,28.2,35.8,95,0.0,0.0,4.5,214,999.4,38,1,Mainly Clear
Kolkata,India,2026-08-29,01:00:00,28.1,36.1,95,0.0,0.0,1.9,236,998.7,59,2,Partly Cloudy
Kolkata,India,2026-08-29,02:00:00,28.0,35.7,93,0.0,0.0,1.7,342,998.5,83,3,Overcast
Kolkata,India,2026-08-29,03:00:00,27.1,33.9,95,1.3,0.3,5.1,32,998.7,98,95,Thunderstorm
Kolkata,India,2026-08-29,04:00:00,26.8,33.5,97,0.3,0.3,6.2,52,998.7,96,51,Light Drizzle
Kolkata,India,2026-08-29,05:00:00,28.5,35.8,92,0.0,0.0,5.4,34,998.4,85,3,Overcast
Kolkata,India,2026-08-29,06:00:00,29.0,36.7,91,0.0,0.0,4.4,38,998.9,90,3,Overcast
Kolkata,India,2026-08-29,07:00:00,29.7,37.2,87,0.4,0.0,5.9,76,999.6,88,95,Thunderstorm
Kolkata,India,2026-08-29,08:00:00,29.8,37.1,87,0.3,0.1,6.4,52,999.6,95,95,Thunderstorm
Kolkata,India,2026-08-29,09:00:00,31.0,38.2,80,0.1,0.0,6.9,81,1000.0,79,51,Light Drizzle
Kolkata,India,2026-08-29,10:00:00,31.9,40.1,75,0.1,0.0,6.3,88,999.9,78,95,Thunderstorm
Kolkata,India,2026-08-29,11:00:00,32.2,39.9,71,0.1,0.0,8.7,68,999.3,82,51,Light Drizzle
Kolkata,India,2026-08-29,12:00:00,31.8,37.5,68,0.4,0.2,14.6,72,997.9,91,51,Light Drizzle
Kolkata,India,2026-08-29,13:00:00,29.9,35.9,80,0.7,0.2,9.2,86,997.2,97,95,Thunderstorm
Kolkata,India,2026-08-29,14:00:00,30.1,36.1,78,0.4,0.3,8.3,114,997.1,98,51,Light Drizzle
Kolkata,India,2026-08-29,15:00:00,30.8,36.6,74,0.1,0.1,8.5,119,996.2,97,51,Light Drizzle
Kolkata,India,2026-08-29,16:00:00,30.7,36.6,73,0.0,0.0,6.7,134,996.1,67,2,Partly Cloudy
Kolkata,India,2026-08-29,17:00:00,30.7,37.7,79,0.2,0.2,5.0,134,996.2,97,51,Light Drizzle
Kolkata,India,2026-08-29,18:00:00,30.2,37.7,82,0.1,0.1,2.9,120,997.2,96,51,Light Drizzle
Kolkata,India,2026-08-29,19:00:00,29.2,36.0,84,0.0,0.0,4.9,123,997.9,97,3,Overcast
Kolkata,India,2026-08-29,20:00:00,28.4,35.4,88,0.5,0.4,3.6,177,999.1,94,53,Moderate Drizzle
Kolkata,India,2026-08-29,21:00:00,28.4,35.6,89,0.0,0.0,2.9,356,999.2,87,3,Overcast
Kolkata,India,2026-08-29,22:00:00,28.2,35.3,91,0.0,0.0,3.9,47,999.1,86,3,Overcast
Kolkata,India,2026-08-29,23:00:00,28.1,35.5,93,0.0,0.0,3.9,66,998.7,98,3,Overcast
Kolkata,India,2026-08-30,00:00:00,26.6,32.9,97,2.5,1.2,7.2,78,998.3,99,95,Thunderstorm
Kolkata,India,2026-08-30,01:00:00,26.7,33.1,97,0.3,0.3,7.3,38,997.5,98,51,Light Drizzle
Kolkata,India,2026-08-30,02:00:00,26.5,32.8,97,0.4,0.2,7.9,27,997.2,92,51,Light Drizzle
Kolkata,India,2026-08-30,03:00:00,26.5,32.6,97,0.0,0.0,8.7,30,996.9,72,2,Partly Cloudy
Kolkata,India,2026-08-30,04:00:00,26.5,32.4,97,0.0,0.0,9.9,33,997.3,76,2,Partly Cloudy
Kolkata,India,2026-08-30,05:00:00,27.8,34.3,95,0.0,0.0,10.1,16,997.0,85,3,Overcast
Kolkata,India,2026-08-30,06:00:00,28.0,33.5,88,0.7,0.3,12.0,37,997.3,92,53,Moderate Drizzle
Kolkata,India,2026-08-30,07:00:00,28.3,33.5,87,1.0,0.2,13.9,48,998.0,100,55,Heavy Drizzle
Kolkata,India,2026-08-30,08:00:00,28.2,34.5,92,2.8,0.2,10.8,43,998.5,93,96,Thunderstorm with Hail
Kolkata,India,2026-08-30,09:00:00,29.9,36.6,86,0.5,0.0,10.3,38,998.3,98,95,Thunderstorm
Kolkata,India,2026-08-30,10:00:00,30.8,37.6,81,0.6,0.1,12.8,58,998.2,100,95,Thunderstorm
Kolkata,India,2026-08-30,11:00:00,31.2,37.8,80,1.1,0.4,10.8,58,997.7,94,95,Thunderstorm
Kolkata,India,2026-08-30,12:00:00,30.0,36.3,83,1.5,0.6,13.8,53,996.8,97,95,Thunderstorm
Kolkata,India,2026-08-30,13:00:00,31.0,37.1,79,0.2,0.0,12.9,62,995.7,96,95,Thunderstorm
Kolkata,India,2026-08-30,14:00:00,31.4,38.0,78,0.2,0.0,10.1,63,995.0,98,95,Thunderstorm
Kolkata,India,2026-08-30,15:00:00,29.6,36.6,87,4.6,0.1,8.6,92,994.7,98,96,Thunderstorm with Hail
Kolkata,India,2026-08-30,16:00:00,30.1,36.7,82,0.2,0.2,8.9,72,994.7,98,51,Light Drizzle
Kolkata,India,2026-08-30,17:00:00,29.4,36.8,89,0.9,0.5,6.5,84,995.9,98,95,Thunderstorm
Kolkata,India,2026-08-30,18:00:00,28.3,35.4,91,0.4,0.4,5.5,99,996.3,98,51,Light Drizzle
Kolkata,India,2026-08-30,19:00:00,28.3,35.2,91,0.0,0.0,6.4,68,997.0,77,2,Partly Cloudy
Kolkata,India,2026-08-30,20:00:00,28.1,35.0,93,0.0,0.0,7.3,79,997.9,55,2,Partly Cloudy
Kolkata,India,2026-08-30,21:00:00,27.8,34.6,94,0.0,0.0,8.1,89,998.1,53,2,Partly Cloudy
Kolkata,India,2026-08-30,22:00:00,27.1,33.3,96,0.7,0.1,9.5,99,998.2,97,53,Moderate Drizzle
Kolkata,India,2026-08-30,23:00:00,27.3,33.7,95,1.1,0.7,8.2,100,997.6,98,55,Heavy Drizzle
Kolkata,India,2026-08-31,00:00:00,26.5,32.3,96,1.1,0.5,10.6,79,997.3,100,55,Heavy Drizzle
Kolkata,India,2026-08-31,01:00:00,26.6,32.1,96,0.5,0.2,12.5,102,996.6,67,53,Moderate Drizzle
Kolkata,India,2026-08-31,02:00:00,25.9,31.0,97,1.7,0.9,12.8,109,996.6,98,80,Light Rain Showers
Kolkata,India,2026-08-31,03:00:00,25.9,30.8,97,1.8,1.8,13.9,89,996.4,100,80,Light Rain Showers
Kolkata,India,2026-08-31,04:00:00,26.3,31.2,96,0.1,0.1,15.3,103,997.0,97,51,Light Drizzle
Kolkata,India,2026-08-31,05:00:00,27.1,33.0,96,0.0,0.0,12.3,83,996.9,99,3,Overcast
Kolkata,India,2026-08-31,06:00:00,27.6,33.5,95,0.0,0.0,13.3,80,997.3,99,3,Overcast
Kolkata,India,2026-08-31,07:00:00,28.0,34.1,92,0.1,0.1,12.3,84,997.6,97,51,Light Drizzle
Kolkata,India,2026-08-31,08:00:00,28.8,34.6,88,0.2,0.1,14.1,95,997.8,98,51,Light Drizzle
Kolkata,India,2026-08-31,09:00:00,29.9,35.3,83,0.5,0.3,16.5,101,997.9,97,95,Thunderstorm
Kolkata,India,2026-08-31,10:00:00,31.4,37.1,75,0.1,0.1,17.3,106,997.8,100,51,Light Drizzle
Kolkata,India,2026-08-31,11:00:00,30.9,36.1,76,1.8,0.3,15.1,93,997.5,97,96,Thunderstorm with Hail
Kolkata,India,2026-08-31,12:00:00,28.6,34.3,87,3.7,1.6,17.1,132,997.1,99,95,Thunderstorm
Kolkata,India,2026-08-31,13:00:00,28.8,34.6,85,1.3,1.3,10.9,135,996.3,99,80,Light Rain Showers
Kolkata,India,2026-08-31,14:00:00,28.4,34.2,88,0.7,0.4,11.3,137,996.2,100,53,Moderate Drizzle
Kolkata,India,2026-08-31,15:00:00,27.9,33.6,89,1.9,0.7,11.0,128,996.0,99,95,Thunderstorm
Kolkata,India,2026-08-31,16:00:00,27.9,34.2,92,0.7,0.7,9.7,112,996.4,99,53,Moderate Drizzle
Kolkata,India,2026-08-31,17:00:00,28.5,35.1,92,0.2,0.2,11.2,116,996.5,99,51,Light Drizzle
Kolkata,India,2026-08-31,18:00:00,28.1,34.9,93,0.2,0.2,8.6,91,997.3,100,51,Light Drizzle
Kolkata,India,2026-08-31,19:00:00,27.9,34.1,95,0.4,0.4,12.6,93,997.7,99,51,Light Drizzle
Kolkata,India,2026-08-31,20:00:00,27.6,33.3,94,0.4,0.4,14.2,114,998.8,99,51,Light Drizzle
Kolkata,India,2026-08-31,21:00:00,27.0,32.7,96,0.3,0.3,13.2,118,999.5,94,51,Light Drizzle
Kolkata,India,2026-08-31,22:00:00,26.8,32.4,95,0.0,0.0,11.7,111,999.3,95,3,Overcast
Kolkata,India,2026-08-31,23:00:00,27.6,33.6,93,0.0,0.0,11.0,109,998.9,95,3,Overcast
Kolkata,India,2026-09-01,00:00:00,27.2,32.8,92,0.0,0.0,10.8,101,998.6,100,3,Overcast
Kolkata,India,2026-09-01,01:00:00,26.5,32.3,94,1.9,0.2,8.5,114,998.6,100,95,Thunderstorm
Kolkata,India,2026-09-01,02:00:00,26.2,31.7,97,1.0,1.0,11.7,110,998.0,100,55,Heavy Drizzle
Kolkata,India,2026-09-01,03:00:00,26.1,31.7,98,0.4,0.4,10.8,120,998.4,100,51,Light Drizzle
Kolkata,India,2026-09-01,04:00:00,25.9,31.0,98,0.5,0.3,13.0,117,998.6,100,53,Moderate Drizzle
Kolkata,India,2026-09-01,05:00:00,26.3,32.5,99,1.2,0.6,8.7,85,998.4,100,95,Thunderstorm
Kolkata,India,2026-09-01,06:00:00,26.6,32.3,97,5.9,0.0,11.8,115,999.2,100,96,Thunderstorm with Hail
Kolkata,India,2026-09-01,07:00:00,26.7,32.3,97,2.6,0.9,12.2,110,999.7,99,95,Thunderstorm
Kolkata,India,2026-09-01,08:00:00,27.0,32.2,94,2.1,2.0,15.2,114,1000.7,100,80,Light Rain Showers
Kolkata,India,2026-09-01,09:00:00,27.3,32.2,92,1.4,1.4,16.7,120,1000.5,100,80,Light Rain Showers
Kolkata,India,2026-09-01,10:00:00,28.5,33.4,86,0.7,0.7,16.6,127,1000.7,100,53,Moderate Drizzle
Kolkata,India,2026-09-01,11:00:00,28.2,33.6,91,0.4,0.3,16.4,141,1001.4,100,51,Light Drizzle
Kolkata,India,2026-09-01,12:00:00,27.9,33.9,93,2.3,2.3,13.4,149,1000.0,100,80,Light Rain Showers
Kolkata,India,2026-09-01,13:00:00,28.4,34.1,90,0.8,0.8,14.0,151,999.3,100,53,Moderate Drizzle
Kolkata,India,2026-09-01,14:00:00,28.9,34.7,86,0.2,0.1,12.2,155,999.3,100,51,Light Drizzle
Kolkata,India,2026-09-01,15:00:00,29.1,34.2,82,0.2,0.1,13.5,155,999.3,100,51,Light Drizzle
Kolkata,India,2026-09-01,16:00:00,28.5,34.0,84,0.3,0.2,11.5,150,999.6,99,51,Light Drizzle
Kolkata,India,2026-09-01,17:00:00,28.4,34.1,88,2.2,0.2,12.3,125,1000.4,100,96,Thunderstorm with Hail
Kolkata,India,2026-09-01,18:00:00,27.4,33.1,91,0.2,0.1,10.4,126,1001.0,99,51,Light Drizzle
Kolkata,India,2026-09-01,19:00:00,27.1,32.9,93,0.3,0.1,10.3,119,1002.4,100,51,Light Drizzle
Kolkata,India,2026-09-01,20:00:00,27.1,32.8,93,0.4,0.4,11.5,120,1003.3,99,51,Light Drizzle
Kolkata,India,2026-09-01,21:00:00,26.8,32.7,95,0.7,0.1,9.5,134,1003.8,93,53,Moderate Drizzle
Kolkata,India,2026-09-01,22:00:00,26.4,32.4,97,1.4,0.5,9.2,145,1004.0,100,80,Light Rain Showers
Kolkata,India,2026-09-01,23:00:00,26.6,32.5,97,1.1,1.1,9.8,137,1003.0,99,55,Heavy Drizzle
Kolkata,India,2026-09-02,00:00:00,26.6,32.7,97,1.1,0.8,8.9,133,1002.2,99,55,Heavy Drizzle
Kolkata,India,2026-09-02,01:00:00,26.5,32.6,97,0.6,0.6,8.7,132,1001.7,100,53,Moderate Drizzle
Kolkata,India,2026-09-02,02:00:00,26.6,32.9,98,0.3,0.3,8.0,134,1001.4,98,51,Light Drizzle
Kolkata,India,2026-09-02,03:00:00,26.3,32.0,94,1.0,0.1,8.0,138,1001.6,98,95,Thunderstorm
Kolkata,India,2026-09-02,04:00:00,26.1,31.6,97,2.2,0.7,10.3,144,1002.0,100,95,Thunderstorm
Kolkata,India,2026-09-02,05:00:00,26.2,32.1,97,1.6,1.2,8.7,159,1002.2,100,80,Light Rain Showers
Kolkata,India,2026-09-02,06:00:00,26.3,32.2,97,4.5,0.7,8.6,126,1003.2,100,96,Thunderstorm with Hail
Kolkata,India,2026-09-02,07:00:00,26.6,32.7,96,0.9,0.7,8.5,119,1003.4,100,53,Moderate Drizzle
Kolkata,India,2026-09-02,08:00:00,27.4,33.3,91,0.2,0.2,8.9,128,1003.5,100,51,Light Drizzle
Kolkata,India,2026-09-02,09:00:00,28.7,34.8,85,0.2,0.0,8.1,129,1004.0,100,51,Light Drizzle
Kolkata,India,2026-09-02,10:00:00,29.6,35.7,81,0.3,0.0,7.9,131,1003.8,100,95,Thunderstorm
Kolkata,India,2026-09-02,11:00:00,30.4,36.5,78,0.3,0.0,9.2,133,1002.9,100,95,Thunderstorm
Kolkata,India,2026-09-02,12:00:00,30.6,37.9,79,1.2,0.2,8.6,143,1002.0,100,96,Thunderstorm with Hail
Kolkata,India,2026-09-02,13:00:00,30.3,37.1,80,0.4,0.0,5.7,193,1001.1,95,95,Thunderstorm
Kolkata,India,2026-09-02,14:00:00,27.4,32.4,90,12.3,0.3,14.1,115,1001.2,100,96,Thunderstorm with Hail
Kolkata,India,2026-09-02,15:00:00,27.1,33.4,95,4.4,2.4,8.8,134,1000.8,99,95,Thunderstorm
Kolkata,India,2026-09-02,16:00:00,27.3,33.5,95,2.5,1.7,9.7,146,1000.8,99,95,Thunderstorm
Kolkata,India,2026-09-02,17:00:00,28.4,35.7,91,1.1,0.4,4.4,145,1001.1,75,95,Thunderstorm
Kolkata,India,2026-09-02,18:00:00,27.7,35.1,94,0.1,0.1,3.5,99,1001.9,59,51,Light Drizzle
Kolkata,India,2026-09-02,19:00:00,27.6,35.0,95,0.0,0.0,3.1,69,1002.7,95,3,Overcast
Kolkata,India,2026-09-02,20:00:00,27.2,34.4,97,0.4,0.0,4.5,113,1003.5,100,95,Thunderstorm
Kolkata,India,2026-09-02,21:00:00,27.1,34.4,97,0.3,0.3,3.3,99,1003.8,100,51,Light Drizzle
Kolkata,India,2026-09-02,22:00:00,26.9,34.1,97,0.3,0.3,3.6,108,1003.6,100,51,Light Drizzle
Kolkata,India,2026-09-02,23:00:00,27.6,35.2,97,0.1,0.1,3.1,103,1003.4,83,51,Light Drizzle
Kolkata,India,2026-09-03,00:00:00,27.2,34.8,98,0.0,0.0,2.7,86,1002.7,45,1,Mainly Clear
Kolkata,India,2026-09-03,01:00:00,26.9,34.0,99,0.0,0.0,4.9,114,1002.2,56,2,Partly Cloudy
Kolkata,India,2026-09-03,02:00:00,26.6,32.8,99,0.0,0.0,10.0,107,1002.3,95,3,Overcast
Kolkata,India,2026-09-03,03:00:00,25.6,31.5,98,1.5,0.5,6.7,161,1002.6,95,80,Light Rain Showers
Kolkata,India,2026-09-03,04:00:00,25.6,31.6,97,0.6,0.5,5.1,170,1002.9,100,53,Moderate Drizzle
Kolkata,India,2026-09-03,05:00:00,26.6,33.8,97,0.5,0.5,1.2,129,1002.5,99,53,Moderate Drizzle
Kolkata,India,2026-09-03,06:00:00,26.5,33.5,97,0.5,0.1,3.1,144,1003.4,100,95,Thunderstorm
Kolkata,India,2026-09-03,07:00:00,26.6,33.0,93,4.3,0.2,3.8,188,1004.1,100,96,Thunderstorm with Hail
Kolkata,India,2026-09-03,08:00:00,26.1,31.8,97,1.6,1.6,9.7,180,1004.4,100,80,Light Rain Showers
Kolkata,India,2026-09-03,09:00:00,26.4,32.9,96,1.1,1.1,4.2,140,1004.3,100,55,Heavy Drizzle
Kolkata,India,2026-09-03,10:00:00,27.4,33.8,91,0.8,0.8,5.3,147,1004.2,100,53,Moderate Drizzle
Kolkata,India,2026-09-03,11:00:00,30.4,37.1,80,0.8,0.7,6.8,153,1003.5,100,53,Moderate Drizzle
Kolkata,India,2026-09-03,12:00:00,29.7,35.9,79,0.3,0.2,6.2,131,1002.7,100,51,Light Drizzle
Kolkata,India,2026-09-03,13:00:00,29.4,35.0,78,0.2,0.2,8.4,160,1001.6,98,51,Light Drizzle
Kolkata,India,2026-09-03,14:00:00,29.4,35.5,80,0.3,0.2,6.4,128,1001.1,84,51,Light Drizzle
Kolkata,India,2026-09-03,15:00:00,28.9,35.5,85,1.2,0.6,6.0,111,1000.5,82,95,Thunderstorm
Kolkata,India,2026-09-03,16:00:00,29.1,36.4,86,0.3,0.3,3.1,69,1000.6,99,51,Light Drizzle
Kolkata,India,2026-09-03,17:00:00,29.8,36.3,81,0.1,0.0,6.5,186,1001.2,99,51,Light Drizzle
Kolkata,India,2026-09-03,18:00:00,28.9,35.2,83,0.1,0.1,6.5,175,1001.8,100,51,Light Drizzle
Kolkata,India,2026-09-03,19:00:00,28.2,34.2,85,0.0,0.0,6.4,196,1002.8,99,3,Overcast
Kolkata,India,2026-09-03,20:00:00,28.1,34.1,85,0.0,0.0,6.2,190,1003.5,75,2,Partly Cloudy
Kolkata,India,2026-09-03,21:00:00,27.8,33.8,85,0.0,0.0,5.6,165,1004.1,90,3,Overcast
Kolkata,India,2026-09-03,22:00:00,27.5,33.3,87,0.0,0.0,6.3,160,1004.1,43,1,Mainly Clear
Kolkata,India,2026-09-03,23:00:00,28.0,33.7,86,0.0,0.0,8.4,164,1003.8,42,1,Mainly Clear
Kolkata,India,2026-09-04,00:00:00,27.5,33.3,87,0.0,0.0,6.7,180,1003.3,56,2,Partly Cloudy
Kolkata,India,2026-09-04,01:00:00,27.4,33.2,88,0.0,0.0,6.3,187,1003.1,27,1,Mainly Clear
Kolkata,India,2026-09-04,02:00:00,26.4,32.2,93,1.1,0.0,6.5,242,1003.2,76,55,Heavy Drizzle
Kolkata,India,2026-09-04,03:00:00,25.7,31.4,96,2.4,0.8,7.1,156,1003.2,98,80,Light Rain Showers
Kolkata,India,2026-09-04,04:00:00,25.6,31.7,96,0.9,0.9,3.7,145,1003.2,43,53,Moderate Drizzle
Kolkata,India,2026-09-04,05:00:00,27.0,33.6,92,0.6,0.6,3.5,145,1003.5,17,53,Moderate Drizzle
Kolkata,India,2026-09-04,06:00:00,27.5,34.1,91,0.0,0.0,4.2,140,1004.3,9,0,Clear Sky
Kolkata,India,2026-09-04,07:00:00,28.7,35.4,86,0.0,0.0,4.4,161,1004.9,14,0,Clear Sky
Kolkata,India,2026-09-04,08:00:00,29.7,36.3,80,0.1,0.0,4.8,158,1005.5,22,51,Light Drizzle
Kolkata,India,2026-09-04,09:00:00,30.4,37.4,77,0.2,0.0,4.5,157,1005.7,43,51,Light Drizzle
Kolkata,India,2026-09-04,10:00:00,31.1,38.8,73,0.2,0.0,4.8,165,1005.8,62,95,Thunderstorm
Kolkata,India,2026-09-04,11:00:00,30.5,37.2,71,0.1,0.0,8.4,195,1005.4,86,51,Light Drizzle
Kolkata,India,2026-09-04,12:00:00,31.2,38.6,72,0.2,0.1,6.0,163,1004.2,67,51,Light Drizzle
Kolkata,India,2026-09-04,13:00:00,28.8,34.5,81,3.0,0.3,12.1,181,1003.7,80,96,Thunderstorm with Hail
Kolkata,India,2026-09-04,14:00:00,29.3,36.5,82,2.6,1.3,0.4,270,1003.4,38,81,Moderate Rain Showers
Kolkata,India,2026-09-04,15:00:00,30.3,36.6,76,0.4,0.3,6.4,169,1002.9,48,51,Light Drizzle
Kolkata,India,2026-09-04,16:00:00,29.8,34.7,74,0.3,0.3,10.4,222,1002.9,74,51,Light Drizzle
Kolkata,India,2026-09-04,17:00:00,30.2,35.5,73,0.0,0.0,8.5,197,1003.6,65,2,Partly Cloudy
Kolkata,India,2026-09-04,18:00:00,29.1,35.1,80,0.0,0.0,5.2,192,1004.6,50,2,Partly Cloudy
Kolkata,India,2026-09-04,19:00:00,28.6,34.9,83,0.0,0.0,4.3,197,1005.2,29,1,Mainly Clear
Kolkata,India,2026-09-04,20:00:00,28.3,34.8,85,0.0,0.0,3.8,185,1006.0,68,2,Partly Cloudy
Kolkata,India,2026-09-04,21:00:00,28.0,34.5,86,0.0,0.0,3.8,183,1006.7,77,2,Partly Cloudy
Kolkata,India,2026-09-04,22:00:00,27.8,33.9,87,0.0,0.0,5.2,168,1006.7,72,2,Partly Cloudy
Kolkata,India,2026-09-04,23:00:00,28.1,34.0,85,0.0,0.0,6.9,174,1006.4,36,1,Mainly Clear
Kolkata,India,2026-09-05,00:00:00,27.6,33.6,87,0.0,0.0,5.4,174,1006.1,35,1,Mainly Clear
Kolkata,India,2026-09-05,01:00:00,27.4,33.4,88,0.0,0.0,5.4,176,1005.9,40,1,Mainly Clear
Kolkata,India,2026-09-05,02:00:00,27.1,33.2,89,0.0,0.0,4.4,168,1005.5,24,1,Mainly Clear
Kolkata,India,2026-09-05,03:00:00,27.1,33.0,88,0.0,0.0,4.8,169,1005.4,3,0,Clear Sky
Kolkata,India,2026-09-05,04:00:00,27.0,33.0,88,0.0,0.0,4.3,175,1005.5,5,0,Clear Sky
Kolkata,India,2026-09-05,05:00:00,27.1,33.9,92,0.0,0.0,2.9,184,1005.9,34,1,Mainly Clear
Kolkata,India,2026-09-05,06:00:00,27.2,34.1,93,0.2,0.2,2.8,27,1006.8,38,51,Light Drizzle
Kolkata,India,2026-09-05,07:00:00,28.4,35.6,89,0.0,0.0,3.2,133,1007.3,62,2,Partly Cloudy
Kolkata,India,2026-09-05,08:00:00,29.7,36.7,83,0.0,0.0,5.4,165,1007.4,40,1,Mainly Clear
Kolkata,India,2026-09-05,09:00:00,30.8,37.8,79,0.2,0.0,6.1,183,1007.6,54,95,Thunderstorm
Kolkata,India,2026-09-05,10:00:00,31.4,39.6,78,0.3,0.0,5.2,186,1007.1,40,51,Light Drizzle
Kolkata,India,2026-09-05,11:00:00,30.4,38.0,76,0.4,0.0,6.1,192,1006.6,62,95,Thunderstorm
Kolkata,India,2026-09-05,12:00:00,27.6,34.2,89,7.2,0.9,5.9,149,1006.7,98,96,Thunderstorm with Hail
Kolkata,India,2026-09-05,13:00:00,28.3,35.1,85,1.2,1.2,1.0,31,1005.2,86,55,Heavy Drizzle
Kolkata,India,2026-09-05,14:00:00,29.6,37.0,82,0.2,0.2,0.3,45,1004.1,77,51,Light Drizzle
Kolkata,India,2026-09-05,15:00:00,30.6,37.6,77,0.1,0.1,3.2,142,1003.6,68,51,Light Drizzle
Kolkata,India,2026-09-05,16:00:00,28.9,34.8,84,0.8,0.4,9.0,211,1003.5,96,95,Thunderstorm
Kolkata,India,2026-09-05,17:00:00,30.6,37.4,77,0.2,0.2,5.1,148,1004.3,88,51,Light Drizzle
Kolkata,India,2026-09-05,18:00:00,29.4,36.4,84,0.1,0.1,5.0,139,1005.0,66,51,Light Drizzle
Kolkata,India,2026-09-05,19:00:00,29.2,36.4,87,0.0,0.0,4.6,144,1006.0,86,3,Overcast
Kolkata,India,2026-09-05,20:00:00,28.9,35.9,88,0.0,0.0,5.8,146,1006.5,63,2,Partly Cloudy
Kolkata,India,2026-09-05,21:00:00,28.8,35.7,87,0.0,0.0,5.5,163,1006.9,38,1,Mainly Clear
Kolkata,India,2026-09-05,22:00:00,28.6,34.7,84,0.0,0.0,6.7,175,1007.2,41,1,Mainly Clear
Kolkata,India,2026-09-05,23:00:00,28.8,34.9,84,0.0,0.0,7.4,158,1006.7,11,0,Clear Sky
Kolkata,India,2026-09-06,00:00:00,28.3,34.3,86,0.0,0.0,8.5,176,1006.0,4,0,Clear Sky
Kolkata,India,2026-09-06,01:00:00,27.8,33.6,87,0.4,0.3,8.6,247,1006.2,58,51,Light Drizzle
Kolkata,India,2026-09-06,02:00:00,27.4,34.4,90,0.5,0.5,0.9,233,1005.8,74,53,Moderate Drizzle
Kolkata,India,2026-09-06,03:00:00,26.9,33.2,92,0.6,0.1,4.3,225,1005.7,70,95,Thunderstorm
Kolkata,India,2026-09-06,04:00:00,26.2,31.7,94,1.0,0.3,8.1,186,1006.0,98,95,Thunderstorm
Kolkata,India,2026-09-06,05:00:00,28.4,35.5,91,2.5,0.6,5.8,187,1006.0,73,96,Thunderstorm with Hail
Kolkata,India,2026-09-06,06:00:00,28.7,36.0,91,0.0,0.0,6.2,197,1006.5,69,2,Partly Cloudy
Kolkata,India,2026-09-06,07:00:00,29.7,37.5,87,0.0,0.0,4.0,219,1007.4,98,3,Overcast
Kolkata,India,2026-09-06,08:00:00,30.0,37.7,85,0.0,0.0,3.9,208,1007.5,98,3,Overcast
Kolkata,India,2026-09-06,09:00:00,31.0,38.5,79,0.0,0.0,3.5,208,1007.6,98,3,Overcast
Kolkata,India,2026-09-06,10:00:00,31.6,38.8,74,0.1,0.0,3.6,233,1007.1,99,51,Light Drizzle
Kolkata,India,2026-09-06,11:00:00,32.4,39.3,63,0.2,0.0,2.8,220,1007.0,100,95,Thunderstorm
Kolkata,India,2026-09-06,12:00:00,32.8,38.1,60,0.0,0.0,5.5,221,1006.1,99,3,Overcast
Kolkata,India,2026-09-06,13:00:00,31.9,36.6,62,0.0,0.0,7.6,161,1004.9,100,3,Overcast
Kolkata,India,2026-09-06,14:00:00,30.7,36.4,73,0.0,0.0,7.8,128,1004.1,98,3,Overcast
Kolkata,India,2026-09-06,15:00:00,30.8,37.1,75,0.0,0.0,6.2,136,1003.7,98,3,Overcast
Kolkata,India,2026-09-06,16:00:00,30.5,36.7,77,0.0,0.0,7.9,150,1003.3,98,3,Overcast
Kolkata,India,2026-09-06,17:00:00,30.3,37.1,81,0.0,0.0,6.3,143,1004.6,83,3,Overcast
Kolkata,India,2026-09-06,18:00:00,29.6,36.8,85,0.0,0.0,5.9,117,1005.4,82,3,Overcast
Kolkata,India,2026-09-06,19:00:00,29.5,37.2,88,0.0,0.0,4.1,142,1006.2,66,2,Partly Cloudy
Kolkata,India,2026-09-06,20:00:00,29.5,36.0,85,0.0,0.0,9.0,182,1006.9,39,1,Mainly Clear
Kolkata,India,2026-09-06,21:00:00,28.8,34.7,84,0.0,0.0,9.1,194,1007.3,34,1,Mainly Clear
Kolkata,India,2026-09-06,22:00:00,28.3,34.7,88,0.0,0.0,7.6,198,1007.1,27,1,Mainly Clear
Kolkata,India,2026-09-06,23:00:00,28.2,34.5,90,0.0,0.0,9.5,195,1006.7,28,1,Mainly Clear
Kolkata,India,2026-09-07,00:00:00,27.9,34.4,92,0.0,0.0,8.3,194,1006.4,13,0,Clear Sky
Kolkata,India,2026-09-07,01:00:00,27.8,34.6,93,0.0,0.0,6.8,191,1005.9,16,0,Clear Sky
Kolkata,India,2026-09-07,02:00:00,27.7,34.5,93,0.0,0.0,6.8,197,1005.1,10,0,Clear Sky
Kolkata,India,2026-09-07,03:00:00,27.6,34.6,94,0.0,0.0,5.5,199,1004.9,5,0,Clear Sky
Kolkata,India,2026-09-07,04:00:00,27.5,34.3,94,0.0,0.0,6.4,196,1005.3,21,1,Mainly Clear
Kolkata,India,2026-09-07,05:00:00,26.1,32.0,95,1.0,0.0,6.9,185,1005.4,98,95,Thunderstorm
Kolkata,India,2026-09-07,06:00:00,26.5,32.8,94,0.0,0.0,5.4,165,1006.1,92,3,Overcast
Kolkata,India,2026-09-07,07:00:00,28.0,34.8,90,0.0,0.0,4.8,138,1006.5,53,2,Partly Cloudy
Kolkata,India,2026-09-07,08:00:00,29.9,37.3,84,0.0,0.0,4.2,144,1006.3,30,1,Mainly Clear
Kolkata,India,2026-09-07,09:00:00,31.4,39.5,78,0.0,0.0,4.4,159,1006.2,45,1,Mainly Clear
Kolkata,India,2026-09-07,10:00:00,32.1,40.4,75,0.1,0.0,5.2,184,1006.1,84,51,Light Drizzle
Kolkata,India,2026-09-07,11:00:00,32.7,40.5,67,0.2,0.0,4.1,229,1006.0,98,95,Thunderstorm
Kolkata,India,2026-09-07,12:00:00,32.5,40.6,69,0.2,0.1,2.1,232,1004.6,98,95,Thunderstorm
Kolkata,India,2026-09-07,13:00:00,32.8,40.3,68,0.1,0.0,2.2,204,1002.8,93,95,Thunderstorm
Kolkata,India,2026-09-07,14:00:00,27.6,32.2,88,2.1,0.0,16.6,192,1003.3,100,96,Thunderstorm with Hail
Kolkata,India,2026-09-07,15:00:00,27.0,32.7,90,1.4,1.4,8.2,216,1003.0,97,80,Light Rain Showers
Kolkata,India,2026-09-07,16:00:00,27.6,33.9,90,0.8,0.8,6.0,243,1002.4,96,53,Moderate Drizzle
Kolkata,India,2026-09-07,17:00:00,28.0,34.6,89,0.3,0.3,4.8,255,1003.5,93,51,Light Drizzle
Kolkata,India,2026-09-07,18:00:00,27.9,35.1,89,0.1,0.1,1.0,202,1004.1,98,51,Light Drizzle
Kolkata,India,2026-09-07,19:00:00,27.9,35.0,89,0.0,0.0,1.3,172,1005.2,99,3,Overcast
Kolkata,India,2026-09-07,20:00:00,27.7,34.6,90,0.0,0.0,2.9,180,1005.8,92,3,Overcast
Kolkata,India,2026-09-07,21:00:00,27.6,34.4,91,0.0,0.0,3.3,209,1006.1,95,3,Overcast
Kolkata,India,2026-09-07,22:00:00,27.4,34.4,93,0.0,0.0,3.1,201,1005.9,76,2,Partly Cloudy
Kolkata,India,2026-09-07,23:00:00,28.3,35.7,91,0.0,0.0,2.2,204,1005.1,100,3,Overcast
Kolkata,India,2026-09-08,00:00:00,28.0,35.4,92,0.0,0.0,2.0,190,1005.0,100,3,Overcast
Kolkata,India,2026-09-08,01:00:00,27.9,35.2,93,0.0,0.0,2.8,198,1004.5,78,2,Partly Cloudy
Kolkata,India,2026-09-08,02:00:00,27.7,35.1,93,0.0,0.0,2.1,250,1004.0,36,1,Mainly Clear
Kolkata,India,2026-09-08,03:00:00,27.5,34.8,94,0.0,0.0,2.3,274,1003.9,20,1,Mainly Clear
Kolkata,India,2026-09-08,04:00:00,27.4,34.9,94,0.0,0.0,0.9,37,1003.4,41,1,Mainly Clear
Kolkata,India,2026-09-08,05:00:00,28.0,35.5,92,0.0,0.0,1.3,304,1004.1,64,2,Partly Cloudy
Kolkata,India,2026-09-08,06:00:00,28.6,36.0,88,0.0,0.0,1.1,9,1004.7,45,1,Mainly Clear
Kolkata,India,2026-09-08,07:00:00,29.8,37.2,82,0.0,0.0,1.8,360,1005.4,46,1,Mainly Clear
Kolkata,India,2026-09-08,08:00:00,29.6,36.2,81,0.4,0.1,5.6,358,1005.8,98,95,Thunderstorm
Kolkata,India,2026-09-08,09:00:00,29.6,36.8,81,0.4,0.3,1.4,157,1006.2,100,51,Light Drizzle
Kolkata,India,2026-09-08,10:00:00,30.3,37.6,79,0.6,0.1,2.8,198,1005.9,63,95,Thunderstorm
Kolkata,India,2026-09-08,11:00:00,32.3,40.6,69,0.6,0.0,3.5,242,1005.1,98,96,Thunderstorm with Hail
Kolkata,India,2026-09-08,12:00:00,31.8,39.2,73,0.1,0.0,3.8,251,1003.8,96,51,Light Drizzle
Kolkata,India,2026-09-08,13:00:00,31.8,39.3,74,0.2,0.1,4.3,225,1002.8,92,51,Light Drizzle
Kolkata,India,2026-09-08,14:00:00,31.9,38.8,73,0.0,0.0,4.7,203,1002.2,77,2,Partly Cloudy
Kolkata,India,2026-09-08,15:00:00,31.5,38.4,73,0.1,0.0,3.6,207,1001.4,96,51,Light Drizzle
Kolkata,India,2026-09-08,16:00:00,31.4,38.0,71,0.0,0.0,3.4,212,1001.3,98,3,Overcast
Kolkata,India,2026-09-08,17:00:00,27.9,34.0,84,0.0,0.0,3.9,242,1002.5,100,3,Overcast
Kolkata,India,2026-09-08,18:00:00,27.5,33.6,88,0.0,0.0,4.9,262,1003.1,100,3,Overcast
Kolkata,India,2026-09-08,19:00:00,27.1,33.5,90,0.0,0.0,3.9,248,1003.7,100,3,Overcast
Kolkata,India,2026-09-08,20:00:00,27.0,33.6,92,0.1,0.1,3.3,248,1004.2,100,51,Light Drizzle
Kolkata,India,2026-09-08,21:00:00,27.0,33.8,93,0.0,0.0,2.8,243,1005.0,100,3,Overcast
Kolkata,India,2026-09-08,22:00:00,27.1,34.0,93,0.0,0.0,2.4,207,1005.0,100,3,Overcast
Kolkata,India,2026-09-08,23:00:00,27.5,34.6,90,0.0,0.0,0.9,217,1004.5,99,3,Overcast
Kolkata,India,2026-09-09,00:00:00,27.2,33.3,89,0.0,0.0,4.5,203,1004.4,100,3,Overcast
Kolkata,India,2026-09-09,01:00:00,26.2,32.0,90,0.0,0.0,3.6,229,1003.6,98,3,Overcast
Kolkata,India,2026-09-09,02:00:00,26.2,32.6,91,0.0,0.0,0.4,117,1002.7,89,3,Overcast
Kolkata,India,2026-09-09,03:00:00,25.9,32.0,93,0.0,0.0,3.4,115,1002.4,93,3,Overcast
Kolkata,India,2026-09-09,04:00:00,26.0,32.1,93,0.0,0.0,2.2,95,1003.1,100,3,Overcast
Kolkata,India,2026-09-09,05:00:00,27.6,34.0,91,0.0,0.0,6.6,74,1002.5,95,3,Overcast
Kolkata,India,2026-09-09,06:00:00,28.0,34.7,89,0.0,0.0,4.6,64,1003.4,87,3,Overcast
Kolkata,India,2026-09-09,07:00:00,27.6,32.6,85,0.6,0.0,11.2,296,1004.9,99,53,Moderate Drizzle
Kolkata,India,2026-09-09,08:00:00,27.6,34.2,88,0.2,0.2,2.3,247,1005.4,98,51,Light Drizzle
Kolkata,India,2026-09-09,09:00:00,28.7,35.2,82,0.4,0.4,2.7,360,1005.3,94,51,Light Drizzle
Kolkata,India,2026-09-09,10:00:00,30.0,36.8,78,0.2,0.2,2.0,360,1004.6,37,51,Light Drizzle
Kolkata,India,2026-09-09,11:00:00,31.7,39.8,68,0.1,0.0,3.1,62,1004.0,50,51,Light Drizzle
Kolkata,India,2026-09-09,12:00:00,32.2,40.9,68,0.0,0.0,2.0,95,1002.8,66,2,Partly Cloudy
Kolkata,India,2026-09-09,13:00:00,32.0,40.5,72,0.2,0.0,1.0,202,1001.4,100,95,Thunderstorm
Kolkata,India,2026-09-09,14:00:00,31.8,39.3,73,0.4,0.0,2.3,315,1000.5,100,95,Thunderstorm
Kolkata,India,2026-09-09,15:00:00,27.8,34.3,92,12.9,0.2,8.4,34,1000.7,100,96,Thunderstorm with Hail
Kolkata,India,2026-09-09,16:00:00,27.2,33.6,92,12.7,2.4,5.8,120,1001.0,100,95,Thunderstorm
Kolkata,India,2026-09-09,17:00:00,28.4,35.1,88,1.5,1.2,6.0,187,1001.7,100,80,Light Rain Showers
Kolkata,India,2026-09-09,18:00:00,28.0,35.4,90,0.2,0.2,1.5,240,1002.4,100,51,Light Drizzle
Kolkata,India,2026-09-09,19:00:00,27.9,35.2,91,0.4,0.1,2.4,228,1003.5,98,95,Thunderstorm
Kolkata,India,2026-09-09,20:00:00,27.8,35.3,93,0.0,0.0,1.5,249,1004.3,98,3,Overcast
Kolkata,India,2026-09-09,21:00:00,27.7,35.1,93,0.0,0.0,1.7,342,1005.1,97,3,Overcast
Kolkata,India,2026-09-09,22:00:00,27.6,35.0,93,0.0,0.0,1.9,49,1005.0,91,3,Overcast
Kolkata,India,2026-09-09,23:00:00,27.8,35.0,90,0.0,0.0,1.6,333,1004.6,87,3,Overcast
Kolkata,India,2026-09-10,00:00:00,27.5,34.6,93,0.0,0.0,2.3,342,1004.2,99,3,Overcast
Kolkata,India,2026-09-10,01:00:00,27.2,34.4,95,0.0,0.0,3.1,7,1003.5,94,3,Overcast
Kolkata,India,2026-09-10,02:00:00,27.1,34.2,95,0.0,0.0,3.5,39,1002.8,93,3,Overcast
Kolkata,India,2026-09-10,03:00:00,27.1,33.2,89,0.0,0.0,5.0,69,1003.1,99,3,Overcast
Kolkata,India,2026-09-10,04:00:00,27.0,33.5,94,0.1,0.1,5.2,84,1003.4,98,51,Light Drizzle
Kolkata,India,2026-09-10,05:00:00,27.4,34.3,95,0.1,0.1,5.5,67,1003.0,70,51,Light Drizzle
Kolkata,India,2026-09-10,06:00:00,27.7,34.6,95,0.0,0.0,6.2,68,1003.5,88,3,Overcast
Kolkata,India,2026-09-10,07:00:00,28.9,35.8,88,0.0,0.0,6.3,66,1004.3,98,3,Overcast
Kolkata,India,2026-09-10,08:00:00,29.3,34.0,74,0.9,0.2,10.8,90,1004.7,90,53,Moderate Drizzle
Kolkata,India,2026-09-10,09:00:00,28.8,34.0,81,0.6,0.3,10.9,84,1005.4,99,53,Moderate Drizzle
Kolkata,India,2026-09-10,10:00:00,29.5,36.0,83,0.4,0.2,7.1,81,1005.4,88,95,Thunderstorm
Kolkata,India,2026-09-10,11:00:00,30.9,38.1,77,0.3,0.0,10.6,91,1004.6,97,95,Thunderstorm
Kolkata,India,2026-09-10,12:00:00,28.7,34.6,84,1.6,0.7,12.9,109,1003.2,97,95,Thunderstorm
Kolkata,India,2026-09-10,13:00:00,28.0,33.6,88,2.7,0.5,10.8,147,1002.1,100,96,Thunderstorm with Hail
Kolkata,India,2026-09-10,14:00:00,27.3,33.4,91,4.1,1.2,7.6,86,1000.9,98,95,Thunderstorm
Kolkata,India,2026-09-10,15:00:00,28.1,34.0,88,0.3,0.3,9.3,99,1000.9,96,51,Light Drizzle
Kolkata,India,2026-09-10,16:00:00,27.8,32.9,88,0.6,0.5,13.4,121,1001.1,98,53,Moderate Drizzle
Kolkata,India,2026-09-10,17:00:00,26.7,32.7,92,0.7,0.7,6.1,102,1002.2,99,53,Moderate Drizzle
Kolkata,India,2026-09-10,18:00:00,26.8,33.3,92,0.0,0.0,3.3,49,1003.8,100,3,Overcast
Kolkata,India,2026-09-10,19:00:00,27.0,33.5,92,0.0,0.0,4.2,36,1004.9,100,3,Overcast
Kolkata,India,2026-09-10,20:00:00,27.0,33.3,93,0.0,0.0,6.1,56,1005.6,99,3,Overcast
Kolkata,India,2026-09-10,21:00:00,26.9,33.0,94,0.0,0.0,7.6,63,1006.0,99,3,Overcast
Kolkata,India,2026-09-10,22:00:00,26.8,32.8,94,0.0,0.0,8.1,65,1005.9,100,3,Overcast
Kolkata,India,2026-09-10,23:00:00,26.5,32.5,95,0.0,0.0,8.2,71,1004.9,93,3,Overcast
Lucknow,India,2026-08-11,00:00:00,27.8,34.0,93,0.5,0.1,10.3,103,988.0,88,95,Thunderstorm
Lucknow,India,2026-08-11,01:00:00,27.2,33.5,95,1.4,0.2,9.6,111,987.7,100,96,Thunderstorm with Hail
Lucknow,India,2026-08-11,02:00:00,27.1,33.8,96,1.4,0.4,6.5,96,987.5,100,95,Thunderstorm
Lucknow,India,2026-08-11,03:00:00,27.1,33.4,96,0.0,0.0,9.6,81,987.2,100,3,Overcast
Lucknow,India,2026-08-11,04:00:00,27.0,33.0,95,0.1,0.1,10.5,95,987.0,100,51,Light Drizzle
Lucknow,India,2026-08-11,05:00:00,27.9,34.3,91,0.2,0.2,8.0,82,986.7,100,51,Light Drizzle
Lucknow,India,2026-08-11,06:00:00,27.9,34.5,92,0.0,0.0,7.6,82,987.4,91,3,Overcast
Lucknow,India,2026-08-11,07:00:00,28.7,35.3,88,0.0,0.0,7.9,90,987.8,29,1,Mainly Clear
Lucknow,India,2026-08-11,08:00:00,30.1,36.2,80,0.0,0.0,9.7,117,988.2,22,1,Mainly Clear
Lucknow,India,2026-08-11,09:00:00,31.3,37.7,75,0.1,0.1,8.3,132,988.6,13,51,Light Drizzle
Lucknow,India,2026-08-11,10:00:00,32.3,40.2,73,0.0,0.0,7.4,141,988.7,10,0,Clear Sky
Lucknow,India,2026-08-11,11:00:00,31.3,39.3,73,0.1,0.0,6.9,147,988.8,20,51,Light Drizzle
Lucknow,India,2026-08-11,12:00:00,31.7,40.0,72,1.9,0.7,6.1,85,988.5,32,80,Light Rain Showers
Lucknow,India,2026-08-11,13:00:00,32.8,40.6,67,0.3,0.3,5.8,70,987.0,16,51,Light Drizzle
Lucknow,India,2026-08-11,14:00:00,33.3,40.7,63,0.2,0.1,7.0,78,986.2,18,51,Light Drizzle
Lucknow,India,2026-08-11,15:00:00,32.9,38.9,63,0.1,0.1,7.3,80,985.5,13,51,Light Drizzle
Lucknow,India,2026-08-11,16:00:00,31.2,37.3,72,0.1,0.1,6.5,39,984.7,29,51,Light Drizzle
Lucknow,India,2026-08-11,17:00:00,31.0,37.5,76,0.1,0.1,7.0,125,985.7,71,51,Light Drizzle
Lucknow,India,2026-08-11,18:00:00,30.1,37.5,82,0.3,0.3,2.6,106,985.9,28,51,Light Drizzle
Lucknow,India,2026-08-11,19:00:00,29.4,37.5,88,0.1,0.1,0.4,243,986.7,36,51,Light Drizzle
Lucknow,India,2026-08-11,20:00:00,29.2,37.4,90,0.0,0.0,1.2,219,987.6,13,0,Clear Sky
Lucknow,India,2026-08-11,21:00:00,28.6,35.8,91,0.0,0.0,6.5,231,988.3,3,0,Clear Sky
Lucknow,India,2026-08-11,22:00:00,28.3,36.0,92,0.0,0.0,2.1,200,988.5,1,0,Clear Sky
Lucknow,India,2026-08-11,23:00:00,29.0,36.8,91,0.0,0.0,4.0,153,988.5,20,1,Mainly Clear
Lucknow,India,2026-08-12,00:00:00,28.8,36.8,92,0.0,0.0,2.8,125,987.9,10,0,Clear Sky
Lucknow,India,2026-08-12,01:00:00,28.8,36.3,92,0.0,0.0,5.6,111,987.7,49,1,Mainly Clear
Lucknow,India,2026-08-12,02:00:00,28.5,34.8,89,0.0,0.0,10.4,148,987.7,49,1,Mainly Clear
Lucknow,India,2026-08-12,03:00:00,27.6,34.2,93,0.0,0.0,6.5,174,987.5,47,1,Mainly Clear
Lucknow,India,2026-08-12,04:00:00,27.3,34.4,95,0.0,0.0,3.9,193,987.3,51,2,Partly Cloudy
Lucknow,India,2026-08-12,05:00:00,28.4,36.4,94,0.0,0.0,2.3,135,987.2,2,0,Clear Sky
Lucknow,India,2026-08-12,06:00:00,28.8,36.8,94,0.0,0.0,3.6,153,987.6,0,0,Clear Sky
Lucknow,India,2026-08-12,07:00:00,29.9,38.0,89,0.0,0.0,4.0,190,988.0,0,0,Clear Sky
Lucknow,India,2026-08-12,08:00:00,31.1,38.9,81,0.0,0.0,4.6,198,988.3,5,0,Clear Sky
Lucknow,India,2026-08-12,09:00:00,32.2,39.9,75,0.0,0.0,4.5,217,988.6,13,0,Clear Sky
Lucknow,India,2026-08-12,10:00:00,32.9,41.4,70,0.1,0.1,3.9,236,988.4,9,51,Light Drizzle
Lucknow,India,2026-08-12,11:00:00,33.2,41.8,65,0.1,0.1,3.1,220,988.6,16,51,Light Drizzle
Lucknow,India,2026-08-12,12:00:00,33.9,42.9,63,0.1,0.1,2.5,184,988.4,27,51,Light Drizzle
Lucknow,India,2026-08-12,13:00:00,34.4,43.0,61,0.1,0.1,2.9,150,987.6,34,51,Light Drizzle
Lucknow,India,2026-08-12,14:00:00,34.8,43.1,60,0.0,0.0,2.9,133,987.3,16,0,Clear Sky
Lucknow,India,2026-08-12,15:00:00,34.5,42.0,62,0.0,0.0,2.3,176,986.8,19,0,Clear Sky
Lucknow,India,2026-08-12,16:00:00,34.0,41.3,64,0.0,0.0,1.5,277,986.0,30,1,Mainly Clear
Lucknow,India,2026-08-12,17:00:00,34.4,40.6,58,0.3,0.1,2.1,105,986.5,3,51,Light Drizzle
Lucknow,India,2026-08-12,18:00:00,32.7,40.2,72,0.0,0.0,3.4,72,987.2,6,0,Clear Sky
Lucknow,India,2026-08-12,19:00:00,31.8,39.6,76,0.0,0.0,2.8,130,987.9,7,0,Clear Sky
Lucknow,India,2026-08-12,20:00:00,31.3,39.4,79,0.0,0.0,1.7,221,988.7,11,0,Clear Sky
Lucknow,India,2026-08-12,21:00:00,30.7,39.0,83,0.0,0.0,1.2,153,989.9,5,0,Clear Sky
Lucknow,India,2026-08-12,22:00:00,30.1,38.4,87,0.0,0.0,2.0,135,990.5,18,0,Clear Sky
Lucknow,India,2026-08-12,23:00:00,30.4,38.0,82,0.0,0.0,3.2,180,990.1,14,0,Clear Sky
Lucknow,India,2026-08-13,00:00:00,29.9,37.3,83,0.0,0.0,2.6,192,990.0,25,1,Mainly Clear
Lucknow,India,2026-08-13,01:00:00,29.6,37.0,84,0.0,0.0,2.4,228,989.1,95,3,Overcast
Lucknow,India,2026-08-13,02:00:00,29.0,36.3,87,0.0,0.0,3.3,234,988.7,97,3,Overcast
Lucknow,India,2026-08-13,03:00:00,28.7,36.1,89,0.0,0.0,3.1,216,988.1,45,1,Mainly Clear
Lucknow,India,2026-08-13,04:00:00,28.7,36.2,89,0.0,0.0,2.2,261,988.0,93,3,Overcast
Lucknow,India,2026-08-13,05:00:00,28.7,36.6,92,0.0,0.0,1.8,307,988.0,83,3,Overcast
Lucknow,India,2026-08-13,06:00:00,29.1,36.9,91,0.0,0.0,3.9,323,988.6,95,3,Overcast
Lucknow,India,2026-08-13,07:00:00,30.5,39.2,87,0.0,0.0,0.8,135,988.8,90,3,Overcast
Lucknow,India,2026-08-13,08:00:00,32.1,40.3,76,0.0,0.0,0.3,45,989.0,88,3,Overcast
Lucknow,India,2026-08-13,09:00:00,32.8,40.3,69,0.3,0.1,1.3,98,989.0,96,95,Thunderstorm
Lucknow,India,2026-08-13,10:00:00,33.3,41.5,69,0.1,0.0,1.9,112,989.0,97,95,Thunderstorm
Lucknow,India,2026-08-13,11:00:00,29.6,37.8,89,1.0,0.0,8.7,107,989.6,97,96,Thunderstorm with Hail
Lucknow,India,2026-08-13,12:00:00,31.7,40.5,79,0.3,0.3,2.5,176,988.6,95,51,Light Drizzle
Lucknow,India,2026-08-13,13:00:00,33.3,42.8,73,0.0,0.0,6.5,224,987.6,98,3,Overcast
Lucknow,India,2026-08-13,14:00:00,33.5,42.2,71,0.0,0.0,6.5,224,987.1,94,3,Overcast
Lucknow,India,2026-08-13,15:00:00,33.6,40.9,68,0.0,0.0,5.1,228,986.6,99,3,Overcast
Lucknow,India,2026-08-13,16:00:00,32.7,39.7,70,0.1,0.1,4.7,247,986.1,99,51,Light Drizzle
Lucknow,India,2026-08-13,17:00:00,31.4,38.0,77,0.1,0.1,8.6,237,987.3,100,51,Light Drizzle
Lucknow,India,2026-08-13,18:00:00,30.4,37.4,79,0.1,0.1,4.3,225,987.0,99,51,Light Drizzle
Lucknow,India,2026-08-13,19:00:00,30.0,37.3,83,0.0,0.0,4.2,144,988.2,100,3,Overcast
Lucknow,India,2026-08-13,20:00:00,29.6,36.7,86,0.0,0.0,5.9,149,989.1,100,3,Overcast
Lucknow,India,2026-08-13,21:00:00,29.3,36.6,87,0.0,0.0,4.6,144,989.8,100,3,Overcast
Lucknow,India,2026-08-13,22:00:00,28.9,35.9,88,0.0,0.0,6.5,134,990.0,100,3,Overcast
Lucknow,India,2026-08-13,23:00:00,28.6,36.1,96,0.0,0.0,8.3,178,989.6,99,3,Overcast
Lucknow,India,2026-08-14,00:00:00,28.5,36.0,95,0.1,0.1,6.8,178,989.1,99,51,Light Drizzle
Lucknow,India,2026-08-14,01:00:00,28.6,36.2,94,0.0,0.0,5.0,145,988.6,99,3,Overcast
Lucknow,India,2026-08-14,02:00:00,27.6,34.7,97,0.3,0.1,7.6,112,988.9,100,95,Thunderstorm
Lucknow,India,2026-08-14,03:00:00,27.2,34.1,97,1.4,0.5,6.7,153,988.7,100,96,Thunderstorm with Hail
Lucknow,India,2026-08-14,04:00:00,27.0,34.1,98,0.7,0.7,5.1,157,988.8,100,53,Moderate Drizzle
Lucknow,India,2026-08-14,05:00:00,26.8,33.2,98,0.1,0.1,8.3,136,989.1,100,51,Light Drizzle
Lucknow,India,2026-08-14,06:00:00,27.0,33.8,97,0.2,0.2,6.2,134,989.6,100,51,Light Drizzle
Lucknow,India,2026-08-14,07:00:00,27.7,34.2,92,0.0,0.0,7.3,132,989.7,100,3,Overcast
Lucknow,India,2026-08-14,08:00:00,29.0,35.3,85,0.0,0.0,8.4,133,989.9,100,3,Overcast
Lucknow,India,2026-08-14,09:00:00,30.5,36.4,76,0.0,0.0,9.0,127,989.9,100,3,Overcast
Lucknow,India,2026-08-14,10:00:00,31.5,38.2,71,0.1,0.0,5.4,140,990.2,93,51,Light Drizzle
Lucknow,India,2026-08-14,11:00:00,32.1,40.3,72,0.1,0.0,2.2,114,990.5,100,95,Thunderstorm
Lucknow,India,2026-08-14,12:00:00,32.6,41.0,69,0.2,0.1,4.0,80,989.9,100,95,Thunderstorm
Lucknow,India,2026-08-14,13:00:00,32.6,40.1,70,0.2,0.0,4.0,58,989.0,100,95,Thunderstorm
Lucknow,India,2026-08-14,14:00:00,32.0,39.2,73,0.1,0.0,3.6,354,988.1,48,51,Light Drizzle
Lucknow,India,2026-08-14,15:00:00,30.2,36.7,82,0.6,0.3,9.3,24,987.3,96,95,Thunderstorm
Lucknow,India,2026-08-14,16:00:00,29.2,36.8,90,1.5,1.4,5.8,81,987.2,93,80,Light Rain Showers
Lucknow,India,2026-08-14,17:00:00,28.5,36.1,95,0.6,0.5,6.6,334,987.7,97,53,Moderate Drizzle
Lucknow,India,2026-08-14,18:00:00,28.2,35.7,96,1.0,0.6,6.7,275,987.9,95,95,Thunderstorm
Lucknow,India,2026-08-14,19:00:00,28.1,36.1,97,0.1,0.1,3.7,247,988.5,100,51,Light Drizzle
Lucknow,India,2026-08-14,20:00:00,28.2,36.3,97,0.0,0.0,3.0,237,989.0,98,3,Overcast
Lucknow,India,2026-08-14,21:00:00,27.9,35.9,99,0.0,0.0,3.8,270,989.5,100,3,Overcast
Lucknow,India,2026-08-14,22:00:00,28.0,36.2,98,0.0,0.0,2.5,315,989.6,100,3,Overcast
Lucknow,India,2026-08-14,23:00:00,28.4,36.6,97,0.0,0.0,3.7,325,988.9,98,3,Overcast
Lucknow,India,2026-08-15,00:00:00,28.2,35.9,97,0.0,0.0,5.7,349,988.9,99,3,Overcast
Lucknow,India,2026-08-15,01:00:00,28.2,35.4,95,0.0,0.0,7.3,349,988.4,100,3,Overcast
Lucknow,India,2026-08-15,02:00:00,27.8,35.1,96,0.0,0.0,6.2,10,988.4,100,3,Overcast
Lucknow,India,2026-08-15,03:00:00,27.7,34.9,95,0.3,0.3,5.8,64,988.4,100,51,Light Drizzle
Lucknow,India,2026-08-15,04:00:00,27.6,35.0,94,0.0,0.0,2.7,360,988.6,100,3,Overcast
Lucknow,India,2026-08-15,05:00:00,28.3,36.6,96,0.0,0.0,2.3,45,988.7,96,3,Overcast
Lucknow,India,2026-08-15,06:00:00,28.4,36.7,96,0.0,0.0,2.7,118,989.0,93,3,Overcast
Lucknow,India,2026-08-15,07:00:00,29.5,37.9,92,0.0,0.0,3.4,16,989.4,87,3,Overcast
Lucknow,India,2026-08-15,08:00:00,31.1,38.8,81,0.0,0.0,5.1,27,989.6,95,3,Overcast
Lucknow,India,2026-08-15,09:00:00,32.2,38.9,72,0.0,0.0,7.7,33,989.8,92,3,Overcast
Lucknow,India,2026-08-15,10:00:00,32.8,40.2,69,0.1,0.1,6.5,48,989.7,49,51,Light Drizzle
Lucknow,India,2026-08-15,11:00:00,32.9,40.8,68,0.0,0.0,7.2,39,989.2,88,3,Overcast
Lucknow,India,2026-08-15,12:00:00,33.5,41.7,66,0.1,0.0,7.1,49,988.4,36,51,Light Drizzle
Lucknow,India,2026-08-15,13:00:00,33.7,41.3,63,0.2,0.1,8.0,48,987.5,97,95,Thunderstorm
Lucknow,India,2026-08-15,14:00:00,33.6,40.3,62,0.1,0.1,7.2,28,987.1,92,51,Light Drizzle
Lucknow,India,2026-08-15,15:00:00,33.5,39.7,62,0.1,0.1,5.2,31,986.3,17,51,Light Drizzle
Lucknow,India,2026-08-15,16:00:00,33.5,39.2,61,0.1,0.1,5.9,45,985.7,23,51,Light Drizzle
Lucknow,India,2026-08-15,17:00:00,33.0,39.4,66,0.0,0.0,6.1,50,985.7,100,3,Overcast
Lucknow,India,2026-08-15,18:00:00,31.3,38.1,77,0.0,0.0,7.7,39,986.7,99,3,Overcast
Lucknow,India,2026-08-15,19:00:00,29.7,37.0,84,0.1,0.1,3.9,118,987.7,99,51,Light Drizzle
Lucknow,India,2026-08-15,20:00:00,27.9,35.1,93,3.6,0.0,4.5,16,988.6,99,96,Thunderstorm with Hail
Lucknow,India,2026-08-15,21:00:00,27.4,34.6,97,2.5,1.2,6.2,343,989.1,96,81,Moderate Rain Showers
Lucknow,India,2026-08-15,22:00:00,27.5,35.3,98,0.5,0.5,2.7,247,988.9,97,53,Moderate Drizzle
Lucknow,India,2026-08-15,23:00:00,28.3,36.1,97,0.1,0.1,6.1,275,988.2,95,51,Light Drizzle
Lucknow,India,2026-08-16,00:00:00,28.0,35.6,96,0.0,0.0,3.9,294,988.0,99,3,Overcast
Lucknow,India,2026-08-16,01:00:00,27.8,35.5,96,0.0,0.0,3.4,313,987.5,100,3,Overcast
Lucknow,India,2026-08-16,02:00:00,27.6,35.1,97,0.0,0.0,4.6,9,987.6,100,3,Overcast
Lucknow,India,2026-08-16,03:00:00,27.5,35.2,98,0.1,0.1,3.2,38,987.4,100,51,Light Drizzle
Lucknow,India,2026-08-16,04:00:00,27.3,35.3,99,0.1,0.1,1.3,45,987.2,100,51,Light Drizzle
Lucknow,India,2026-08-16,05:00:00,27.6,34.5,94,0.2,0.2,5.3,350,987.5,99,51,Light Drizzle
Lucknow,India,2026-08-16,06:00:00,27.8,34.9,92,0.0,0.0,4.3,42,987.9,100,3,Overcast
Lucknow,India,2026-08-16,07:00:00,28.0,34.6,88,0.1,0.1,4.1,29,988.5,100,51,Light Drizzle
Lucknow,India,2026-08-16,08:00:00,28.4,35.3,87,0.3,0.2,3.4,74,988.9,100,51,Light Drizzle
Lucknow,India,2026-08-16,09:00:00,28.6,35.8,88,1.1,0.8,2.3,108,989.3,100,95,Thunderstorm
Lucknow,India,2026-08-16,10:00:00,27.6,34.0,92,4.4,0.7,7.1,263,989.3,100,96,Thunderstorm with Hail
Lucknow,India,2026-08-16,11:00:00,29.3,36.9,90,3.3,1.7,5.5,306,988.9,100,96,Thunderstorm with Hail
Lucknow,India,2026-08-16,12:00:00,29.9,38.0,88,1.2,0.2,3.3,257,988.4,64,96,Thunderstorm with Hail
Lucknow,India,2026-08-16,13:00:00,28.4,35.4,92,3.2,0.2,7.3,263,988.0,88,96,Thunderstorm with Hail
Lucknow,India,2026-08-16,14:00:00,29.2,36.4,87,0.8,0.4,5.3,303,987.2,93,95,Thunderstorm
Lucknow,India,2026-08-16,15:00:00,29.5,36.3,84,0.3,0.3,6.2,296,986.5,94,51,Light Drizzle
Lucknow,India,2026-08-16,16:00:00,29.9,36.4,81,0.1,0.1,6.3,307,986.1,97,51,Light Drizzle
Lucknow,India,2026-08-16,17:00:00,30.0,36.5,80,0.0,0.0,7.4,293,986.6,98,3,Overcast
Lucknow,India,2026-08-16,18:00:00,29.3,36.7,86,0.0,0.0,4.0,278,987.1,100,3,Overcast
Lucknow,India,2026-08-16,19:00:00,29.1,37.1,88,0.0,0.0,0.5,90,988.0,100,3,Overcast
Lucknow,India,2026-08-16,20:00:00,28.7,36.6,91,0.0,0.0,1.7,283,988.6,100,3,Overcast
Lucknow,India,2026-08-16,21:00:00,28.4,36.3,93,0.1,0.1,1.8,204,989.0,100,51,Light Drizzle
Lucknow,India,2026-08-16,22:00:00,28.1,35.9,95,0.0,0.0,2.3,328,989.1,100,3,Overcast
Lucknow,India,2026-08-16,23:00:00,28.0,36.0,96,1.8,0.3,2.6,348,988.6,98,96,Thunderstorm with Hail
Lucknow,India,2026-08-17,00:00:00,27.7,35.4,95,0.2,0.2,2.3,331,988.6,99,51,Light Drizzle
Lucknow,India,2026-08-17,01:00:00,26.5,33.3,97,1.8,0.0,4.2,216,988.4,100,95,Thunderstorm
Lucknow,India,2026-08-17,02:00:00,26.2,32.3,97,2.8,0.5,7.6,270,988.4,100,96,Thunderstorm with Hail
Lucknow,India,2026-08-17,03:00:00,26.0,32.1,98,1.4,1.0,7.3,210,988.2,99,80,Light Rain Showers
Lucknow,India,2026-08-17,04:00:00,25.3,30.4,97,0.8,0.4,10.5,253,988.2,100,53,Moderate Drizzle
Lucknow,India,2026-08-17,05:00:00,25.7,31.4,97,1.5,1.3,7.8,262,988.5,100,80,Light Rain Showers
Lucknow,India,2026-08-17,06:00:00,25.6,31.5,97,0.3,0.3,6.3,252,988.6,98,51,Light Drizzle
Lucknow,India,2026-08-17,07:00:00,26.7,33.1,93,0.1,0.1,3.8,229,988.6,99,51,Light Drizzle
Lucknow,India,2026-08-17,08:00:00,28.1,33.9,83,0.0,0.0,6.1,272,989.2,100,3,Overcast
Lucknow,India,2026-08-17,09:00:00,28.9,34.7,81,0.1,0.0,7.7,288,989.7,100,51,Light Drizzle
Lucknow,India,2026-08-17,10:00:00,29.3,35.6,81,0.1,0.1,6.2,282,990.1,100,51,Light Drizzle
Lucknow,India,2026-08-17,11:00:00,27.3,33.7,92,0.1,0.0,5.6,276,990.3,100,51,Light Drizzle
Lucknow,India,2026-08-17,12:00:00,28.5,34.9,87,0.6,0.5,7.7,261,990.0,100,53,Moderate Drizzle
Lucknow,India,2026-08-17,13:00:00,28.5,35.3,89,0.5,0.2,6.7,267,989.2,100,95,Thunderstorm
Lucknow,India,2026-08-17,14:00:00,27.5,34.0,91,1.3,0.8,5.4,291,988.9,100,80,Light Rain Showers
Lucknow,India,2026-08-17,15:00:00,28.1,35.1,89,0.7,0.6,3.1,280,988.3,100,53,Moderate Drizzle
Lucknow,India,2026-08-17,16:00:00,28.3,34.8,88,0.5,0.4,6.7,275,987.9,100,53,Moderate Drizzle
Lucknow,India,2026-08-17,17:00:00,27.9,33.6,87,0.0,0.0,8.9,298,987.8,100,3,Overcast
Lucknow,India,2026-08-17,18:00:00,27.7,34.5,89,0.0,0.0,3.1,216,988.4,100,3,Overcast
Lucknow,India,2026-08-17,19:00:00,27.4,34.0,92,0.0,0.0,4.8,200,989.4,100,3,Overcast
Lucknow,India,2026-08-17,20:00:00,27.3,33.9,93,0.0,0.0,4.9,188,990.1,100,3,Overcast
Lucknow,India,2026-08-17,21:00:00,26.3,32.7,94,1.8,0.6,2.6,309,991.1,100,95,Thunderstorm
Lucknow,India,2026-08-17,22:00:00,26.1,32.1,97,0.9,0.6,6.8,268,991.3,99,53,Moderate Drizzle
Lucknow,India,2026-08-17,23:00:00,26.4,33.6,97,1.7,0.4,0.8,153,990.3,99,95,Thunderstorm
Lucknow,India,2026-08-18,00:00:00,26.0,32.1,99,1.2,0.5,7.4,186,990.3,100,55,Heavy Drizzle
Lucknow,India,2026-08-18,01:00:00,25.8,32.2,99,0.7,0.5,5.0,240,989.4,100,53,Moderate Drizzle
Lucknow,India,2026-08-18,02:00:00,25.9,32.1,98,0.2,0.1,6.6,281,989.5,100,51,Light Drizzle
Lucknow,India,2026-08-18,03:00:00,26.0,32.4,97,0.2,0.1,4.1,322,989.3,100,51,Light Drizzle
Lucknow,India,2026-08-18,04:00:00,25.8,32.3,97,1.0,0.7,3.0,346,989.5,100,55,Heavy Drizzle
Lucknow,India,2026-08-18,05:00:00,26.0,31.7,97,0.5,0.5,8.5,306,989.1,99,53,Moderate Drizzle
Lucknow,India,2026-08-18,06:00:00,26.0,31.9,97,1.0,0.1,6.7,333,990.1,100,55,Heavy Drizzle
Lucknow,India,2026-08-18,07:00:00,26.3,32.6,95,0.6,0.6,4.5,344,990.5,100,53,Moderate Drizzle
Lucknow,India,2026-08-18,08:00:00,26.6,33.0,94,1.0,0.9,5.3,352,990.9,100,55,Heavy Drizzle
Lucknow,India,2026-08-18,09:00:00,27.4,33.8,90,0.8,0.8,5.2,27,991.3,100,53,Moderate Drizzle
Lucknow,India,2026-08-18,10:00:00,27.7,34.7,90,0.7,0.6,2.2,318,991.8,100,53,Moderate Drizzle
Lucknow,India,2026-08-18,11:00:00,28.8,35.3,84,1.5,0.4,5.3,278,991.8,100,95,Thunderstorm
Lucknow,India,2026-08-18,12:00:00,28.7,35.1,84,0.1,0.1,5.7,279,991.1,77,51,Light Drizzle
Lucknow,India,2026-08-18,13:00:00,30.1,36.2,78,0.1,0.1,7.8,296,990.3,67,51,Light Drizzle
Lucknow,India,2026-08-18,14:00:00,30.7,37.2,75,0.0,0.0,4.8,304,989.5,43,1,Mainly Clear
Lucknow,India,2026-08-18,15:00:00,30.8,37.2,74,0.0,0.0,5.3,298,988.6,62,2,Partly Cloudy
Lucknow,India,2026-08-18,16:00:00,30.8,37.1,75,0.0,0.0,6.5,289,987.8,52,2,Partly Cloudy
Lucknow,India,2026-08-18,17:00:00,30.6,37.3,76,0.0,0.0,3.7,321,988.2,72,2,Partly Cloudy
Lucknow,India,2026-08-18,18:00:00,29.9,37.5,82,0.0,0.0,1.1,198,988.8,89,3,Overcast
Lucknow,India,2026-08-18,19:00:00,29.0,36.5,88,0.0,0.0,3.1,208,989.5,81,3,Overcast
Lucknow,India,2026-08-18,20:00:00,28.4,35.7,92,0.3,0.2,4.5,241,990.2,63,51,Light Drizzle
Lucknow,India,2026-08-18,21:00:00,28.2,35.3,92,0.2,0.2,5.4,256,990.8,76,51,Light Drizzle
Lucknow,India,2026-08-18,22:00:00,27.9,35.2,93,0.0,0.0,3.6,264,990.9,71,2,Partly Cloudy
Lucknow,India,2026-08-18,23:00:00,28.3,35.9,93,0.0,0.0,3.9,254,990.2,67,2,Partly Cloudy
Lucknow,India,2026-08-19,00:00:00,27.8,35.1,95,0.0,0.0,5.5,253,989.9,38,1,Mainly Clear
Lucknow,India,2026-08-19,01:00:00,27.7,34.9,95,0.0,0.0,4.9,280,989.5,80,3,Overcast
Lucknow,India,2026-08-19,02:00:00,27.4,34.4,97,0.0,0.0,5.9,290,989.2,42,1,Mainly Clear
Lucknow,India,2026-08-19,03:00:00,27.2,34.6,97,0.0,0.0,2.9,292,988.9,73,2,Partly Cloudy
Lucknow,India,2026-08-19,04:00:00,27.0,34.2,97,0.0,0.0,3.5,141,989.6,92,3,Overcast
Lucknow,India,2026-08-19,05:00:00,27.1,33.8,97,0.2,0.1,7.9,156,989.4,89,51,Light Drizzle
Lucknow,India,2026-08-19,06:00:00,26.2,31.9,96,0.5,0.4,8.8,184,990.0,92,53,Moderate Drizzle
Lucknow,India,2026-08-19,07:00:00,26.9,33.1,93,0.1,0.1,5.9,182,990.6,91,51,Light Drizzle
Lucknow,India,2026-08-19,08:00:00,28.8,36.0,87,0.0,0.0,3.6,150,991.3,63,2,Partly Cloudy
Lucknow,India,2026-08-19,09:00:00,30.3,37.7,82,0.1,0.0,3.3,96,991.5,60,51,Light Drizzle
Lucknow,India,2026-08-19,10:00:00,31.8,40.5,75,0.1,0.0,1.9,41,991.1,63,95,Thunderstorm
Lucknow,India,2026-08-19,11:00:00,32.2,40.8,68,0.1,0.0,1.0,31,991.3,76,95,Thunderstorm
Lucknow,India,2026-08-19,12:00:00,31.1,37.9,73,0.4,0.2,9.4,86,990.8,100,95,Thunderstorm
Lucknow,India,2026-08-19,13:00:00,27.5,34.8,94,4.3,1.8,2.3,337,990.6,98,96,Thunderstorm with Hail
Lucknow,India,2026-08-19,14:00:00,28.9,35.6,83,0.1,0.1,2.9,313,989.3,93,51,Light Drizzle
Lucknow,India,2026-08-19,15:00:00,31.2,38.4,73,0.0,0.0,1.1,360,988.4,97,3,Overcast
Lucknow,India,2026-08-19,16:00:00,31.4,37.8,70,0.0,0.0,2.9,313,988.0,95,3,Overcast
Lucknow,India,2026-08-19,17:00:00,30.7,38.3,80,0.0,0.0,2.3,39,988.4,95,3,Overcast
Lucknow,India,2026-08-19,18:00:00,30.0,38.4,87,0.0,0.0,0.7,104,988.7,98,3,Overcast
Lucknow,India,2026-08-19,19:00:00,29.6,37.7,89,0.0,0.0,2.3,39,989.8,95,3,Overcast
Lucknow,India,2026-08-19,20:00:00,29.1,37.1,90,0.0,0.0,2.5,352,990.3,97,3,Overcast
Lucknow,India,2026-08-19,21:00:00,28.8,36.1,91,0.0,0.0,5.8,324,990.9,95,3,Overcast
Lucknow,India,2026-08-19,22:00:00,28.5,35.8,91,0.0,0.0,5.0,358,991.1,93,3,Overcast
Lucknow,India,2026-08-19,23:00:00,26.7,31.6,94,1.0,0.9,14.9,7,990.9,69,55,Heavy Drizzle
Lucknow,India,2026-08-20,00:00:00,25.0,29.4,96,0.5,0.5,12.9,352,990.2,48,53,Moderate Drizzle
Lucknow,India,2026-08-20,01:00:00,26.0,30.9,93,0.0,0.0,11.8,11,989.8,87,3,Overcast
Lucknow,India,2026-08-20,02:00:00,26.2,31.3,93,0.0,0.0,10.7,49,989.7,84,3,Overcast
Lucknow,India,2026-08-20,03:00:00,25.8,31.6,96,1.3,0.8,7.1,97,989.8,94,80,Light Rain Showers
Lucknow,India,2026-08-20,04:00:00,25.9,31.9,97,1.0,0.8,5.9,20,989.7,67,55,Heavy Drizzle
Lucknow,India,2026-08-20,05:00:00,26.8,32.9,95,0.1,0.1,8.7,40,989.7,88,51,Light Drizzle
Lucknow,India,2026-08-20,06:00:00,26.8,32.7,94,0.0,0.0,9.3,53,989.8,71,2,Partly Cloudy
Lucknow,India,2026-08-20,07:00:00,27.9,34.1,90,0.0,0.0,9.3,46,990.2,78,2,Partly Cloudy
Lucknow,India,2026-08-20,08:00:00,29.4,34.8,80,0.0,0.0,12.2,71,990.6,100,3,Overcast
Lucknow,India,2026-08-20,09:00:00,30.6,36.1,75,0.0,0.0,10.8,75,991.1,96,3,Overcast
Lucknow,India,2026-08-20,10:00:00,31.6,38.0,72,0.0,0.0,11.1,70,990.9,97,3,Overcast
Lucknow,India,2026-08-20,11:00:00,31.6,37.7,68,0.0,0.0,13.2,85,990.2,80,3,Overcast
Lucknow,India,2026-08-20,12:00:00,31.9,38.6,68,0.5,0.3,11.5,90,989.5,70,95,Thunderstorm
Lucknow,India,2026-08-20,13:00:00,32.5,39.9,69,0.1,0.1,10.0,97,988.7,96,51,Light Drizzle
Lucknow,India,2026-08-20,14:00:00,32.5,39.8,70,0.1,0.0,7.2,84,988.2,58,95,Thunderstorm
Lucknow,India,2026-08-20,15:00:00,32.3,39.3,71,0.1,0.0,5.2,86,987.3,57,51,Light Drizzle
Lucknow,India,2026-08-20,16:00:00,32.1,39.0,71,0.2,0.1,3.6,70,986.7,29,51,Light Drizzle
Lucknow,India,2026-08-20,17:00:00,32.2,38.2,68,0.1,0.0,6.3,77,987.4,36,51,Light Drizzle
Lucknow,India,2026-08-20,18:00:00,30.9,37.6,75,0.0,0.0,3.9,56,987.9,78,2,Partly Cloudy
Lucknow,India,2026-08-20,19:00:00,30.3,36.9,77,0.0,0.0,4.1,34,988.6,95,3,Overcast
Lucknow,India,2026-08-20,20:00:00,29.7,36.1,81,0.0,0.0,6.0,16,989.1,90,3,Overcast
Lucknow,India,2026-08-20,21:00:00,29.2,35.4,82,0.0,0.0,7.2,28,989.9,59,2,Partly Cloudy
Lucknow,India,2026-08-20,22:00:00,28.6,34.7,84,0.0,0.0,7.0,44,990.2,10,0,Clear Sky
Lucknow,India,2026-08-20,23:00:00,28.8,35.9,88,0.0,0.0,4.4,81,989.3,45,1,Mainly Clear
Lucknow,India,2026-08-21,00:00:00,28.1,35.4,91,0.0,0.0,3.3,61,989.2,51,2,Partly Cloudy
Lucknow,India,2026-08-21,01:00:00,28.0,35.4,92,0.0,0.0,2.6,39,988.9,86,3,Overcast
Lucknow,India,2026-08-21,02:00:00,27.3,33.3,92,0.0,0.0,8.6,54,988.5,98,3,Overcast
Lucknow,India,2026-08-21,03:00:00,26.6,33.2,94,0.0,0.0,3.4,354,988.8,87,3,Overcast
Lucknow,India,2026-08-21,04:00:00,26.5,32.6,94,0.0,0.0,6.1,19,988.8,70,2,Partly Cloudy
Lucknow,India,2026-08-21,05:00:00,27.7,34.6,94,0.0,0.0,6.7,52,988.6,59,2,Partly Cloudy
Lucknow,India,2026-08-21,06:00:00,27.9,34.8,93,0.0,0.0,6.3,55,989.1,30,1,Mainly Clear
Lucknow,India,2026-08-21,07:00:00,29.0,35.9,88,0.0,0.0,6.3,39,989.4,27,1,Mainly Clear
Lucknow,India,2026-08-21,08:00:00,30.4,37.3,81,0.0,0.0,7.0,61,990.2,29,1,Mainly Clear
Lucknow,India,2026-08-21,09:00:00,31.6,38.4,74,0.1,0.0,6.1,85,990.2,26,51,Light Drizzle
Lucknow,India,2026-08-21,10:00:00,32.2,40.1,73,0.2,0.0,5.0,77,990.4,47,95,Thunderstorm
Lucknow,India,2026-08-21,11:00:00,32.2,40.4,71,0.2,0.0,4.6,59,990.1,75,95,Thunderstorm
Lucknow,India,2026-08-21,12:00:00,33.1,42.2,68,0.0,0.0,3.1,62,989.0,50,2,Partly Cloudy
Lucknow,India,2026-08-21,13:00:00,33.4,42.3,68,0.0,0.0,3.9,22,988.0,94,3,Overcast
Lucknow,India,2026-08-21,14:00:00,29.8,37.4,86,3.9,0.2,7.3,33,988.1,93,96,Thunderstorm with Hail
Lucknow,India,2026-08-21,15:00:00,30.7,38.5,83,0.6,0.5,3.8,93,987.1,93,53,Moderate Drizzle
Lucknow,India,2026-08-21,16:00:00,29.4,36.8,85,1.0,0.9,2.7,118,986.6,96,55,Heavy Drizzle
Lucknow,India,2026-08-21,17:00:00,29.7,37.5,89,0.2,0.2,5.4,240,986.7,100,51,Light Drizzle
Lucknow,India,2026-08-21,18:00:00,29.1,37.0,93,2.5,1.6,5.9,232,987.5,98,96,Thunderstorm with Hail
Lucknow,India,2026-08-21,19:00:00,28.6,36.1,95,0.7,0.7,7.2,266,988.1,99,53,Moderate Drizzle
Lucknow,India,2026-08-21,20:00:00,28.3,35.6,94,0.0,0.0,6.4,259,988.8,100,3,Overcast
Lucknow,India,2026-08-21,21:00:00,28.1,35.2,94,0.0,0.0,7.5,290,989.7,100,3,Overcast
Lucknow,India,2026-08-21,22:00:00,28.2,35.8,93,0.0,0.0,3.2,322,989.4,99,3,Overcast
Lucknow,India,2026-08-21,23:00:00,26.9,34.2,97,0.0,0.0,2.1,340,989.6,99,3,Overcast
Lucknow,India,2026-08-22,00:00:00,27.0,34.4,98,0.7,0.7,3.2,38,989.0,98,53,Moderate Drizzle
Lucknow,India,2026-08-22,01:00:00,26.7,33.9,97,1.2,0.4,2.2,284,988.5,98,95,Thunderstorm
Lucknow,India,2026-08-22,02:00:00,26.8,34.1,97,0.2,0.2,2.2,42,988.5,95,51,Light Drizzle
Lucknow,India,2026-08-22,03:00:00,26.6,34.0,98,0.1,0.1,1.3,45,988.1,98,51,Light Drizzle
Lucknow,India,2026-08-22,04:00:00,26.1,32.6,99,2.3,0.5,6.0,97,988.5,99,95,Thunderstorm
Lucknow,India,2026-08-22,05:00:00,26.9,34.4,98,0.6,0.6,1.2,297,988.8,99,53,Moderate Drizzle
Lucknow,India,2026-08-22,06:00:00,27.0,34.2,97,1.0,1.0,3.2,308,988.9,87,55,Heavy Drizzle
Lucknow,India,2026-08-22,07:00:00,27.8,35.4,93,0.4,0.4,1.3,34,989.5,84,51,Light Drizzle
Lucknow,India,2026-08-22,08:00:00,29.4,37.0,85,0.1,0.1,1.1,360,990.0,94,51,Light Drizzle
Lucknow,India,2026-08-22,09:00:00,30.1,37.6,81,0.4,0.0,1.5,339,990.4,84,95,Thunderstorm
Lucknow,India,2026-08-22,10:00:00,30.1,37.7,84,1.6,0.0,3.2,313,990.7,85,96,Thunderstorm with Hail
Lucknow,India,2026-08-22,11:00:00,32.3,38.7,68,4.6,0.2,5.4,346,990.3,98,96,Thunderstorm with Hail
Lucknow,India,2026-08-22,12:00:00,31.9,39.2,69,0.2,0.1,3.4,16,989.1,99,51,Light Drizzle
Lucknow,India,2026-08-22,13:00:00,29.5,36.0,82,1.8,1.1,6.9,84,988.9,99,95,Thunderstorm
Lucknow,India,2026-08-22,14:00:00,29.7,37.0,82,0.5,0.5,2.7,94,988.0,99,53,Moderate Drizzle
Lucknow,India,2026-08-22,15:00:00,30.6,37.7,77,0.1,0.1,2.2,279,987.6,98,51,Light Drizzle
Lucknow,India,2026-08-22,16:00:00,30.4,37.1,76,0.0,0.0,3.7,231,986.8,99,3,Overcast
Lucknow,India,2026-08-22,17:00:00,30.3,37.7,82,0.0,0.0,3.6,270,986.9,98,3,Overcast
Lucknow,India,2026-08-22,18:00:00,29.6,37.0,86,0.0,0.0,5.0,240,987.5,98,3,Overcast
Lucknow,India,2026-08-22,19:00:00,29.0,36.5,90,0.0,0.0,4.2,263,988.5,95,3,Overcast
Lucknow,India,2026-08-22,20:00:00,28.6,36.4,92,0.0,0.0,3.1,291,989.1,98,3,Overcast
Lucknow,India,2026-08-22,21:00:00,28.6,36.6,92,0.0,0.0,1.3,90,990.0,100,3,Overcast
Lucknow,India,2026-08-22,22:00:00,28.4,36.5,94,0.0,0.0,0.7,104,990.1,98,3,Overcast
Lucknow,India,2026-08-22,23:00:00,28.1,35.8,97,0.0,0.0,5.0,105,989.9,100,3,Overcast
Lucknow,India,2026-08-23,00:00:00,27.8,35.7,97,0.0,0.0,2.5,82,989.8,97,3,Overcast
Lucknow,India,2026-08-23,01:00:00,27.6,35.5,98,0.0,0.0,1.8,79,989.3,98,3,Overcast
Lucknow,India,2026-08-23,02:00:00,27.3,35.4,99,0.0,0.0,0.4,117,988.9,100,3,Overcast
Lucknow,India,2026-08-23,03:00:00,27.3,35.4,99,0.0,0.0,0.6,304,988.7,80,3,Overcast
Lucknow,India,2026-08-23,04:00:00,27.1,35.1,99,0.0,0.0,0.6,56,988.7,98,3,Overcast
Lucknow,India,2026-08-23,05:00:00,27.5,35.1,98,0.0,0.0,4.2,80,988.8,100,3,Overcast
Lucknow,India,2026-08-23,06:00:00,27.5,35.4,97,0.1,0.1,1.5,14,989.3,98,51,Light Drizzle
Lucknow,India,2026-08-23,07:00:00,28.4,36.1,92,0.0,0.0,2.2,55,989.8,93,3,Overcast
Lucknow,India,2026-08-23,08:00:00,29.8,37.2,83,0.0,0.0,2.8,35,990.5,88,3,Overcast
Lucknow,India,2026-08-23,09:00:00,30.9,38.3,78,0.1,0.0,2.5,69,990.5,73,51,Light Drizzle
Lucknow,India,2026-08-23,10:00:00,31.7,40.0,76,0.1,0.0,2.4,99,990.8,95,95,Thunderstorm
Lucknow,India,2026-08-23,11:00:00,32.0,40.4,72,0.2,0.0,2.8,169,991.0,100,95,Thunderstorm
Lucknow,India,2026-08-23,12:00:00,32.0,40.7,74,0.5,0.1,3.8,175,990.1,100,95,Thunderstorm
Lucknow,India,2026-08-23,13:00:00,32.0,39.6,75,0.2,0.0,3.6,183,989.0,100,95,Thunderstorm
Lucknow,India,2026-08-23,14:00:00,32.2,39.6,73,0.1,0.0,3.6,160,987.9,95,51,Light Drizzle
Lucknow,India,2026-08-23,15:00:00,32.3,39.2,70,0.1,0.1,3.9,208,987.4,98,51,Light Drizzle
Lucknow,India,2026-08-23,16:00:00,30.1,35.9,79,1.1,0.0,10.6,227,987.5,100,95,Thunderstorm
Lucknow,India,2026-08-23,17:00:00,31.2,38.5,78,2.5,0.7,4.8,241,987.9,75,96,Thunderstorm with Hail
Lucknow,India,2026-08-23,18:00:00,30.0,38.3,86,0.5,0.1,1.1,261,988.8,93,95,Thunderstorm
Lucknow,India,2026-08-23,19:00:00,29.6,38.0,90,0.0,0.0,1.0,31,989.4,96,3,Overcast
Lucknow,India,2026-08-23,20:00:00,29.0,36.6,92,0.0,0.0,6.2,38,989.9,92,3,Overcast
Lucknow,India,2026-08-23,21:00:00,28.5,35.7,93,0.0,0.0,7.3,50,990.5,95,3,Overcast
Lucknow,India,2026-08-23,22:00:00,28.2,35.1,93,0.0,0.0,7.0,64,990.5,92,3,Overcast
Lucknow,India,2026-08-23,23:00:00,28.1,35.1,92,0.0,0.0,5.6,92,990.3,100,3,Overcast
Lucknow,India,2026-08-24,00:00:00,27.9,35.0,94,0.0,0.0,5.1,113,989.8,99,3,Overcast
Lucknow,India,2026-08-24,01:00:00,27.8,34.9,94,0.0,0.0,5.3,123,989.2,95,3,Overcast
Lucknow,India,2026-08-24,02:00:00,27.6,34.7,94,0.0,0.0,4.2,130,989.3,92,3,Overcast
Lucknow,India,2026-08-24,03:00:00,27.4,34.5,94,0.0,0.0,3.4,93,989.2,96,3,Overcast
Lucknow,India,2026-08-24,04:00:00,27.3,34.4,95,0.0,0.0,3.2,106,989.2,71,2,Partly Cloudy
Lucknow,India,2026-08-24,05:00:00,27.9,35.8,98,0.0,0.0,3.7,61,988.7,98,3,Overcast
Lucknow,India,2026-08-24,06:00:00,27.2,33.6,92,3.2,0.0,5.6,90,990.1,98,96,Thunderstorm with Hail
Lucknow,India,2026-08-24,07:00:00,27.5,34.7,92,0.9,0.7,1.8,354,989.9,95,95,Thunderstorm
Lucknow,India,2026-08-24,08:00:00,28.6,35.6,87,0.1,0.1,3.5,81,990.2,97,51,Light Drizzle
Lucknow,India,2026-08-24,09:00:00,30.2,37.5,81,0.0,0.0,3.1,83,990.5,100,3,Overcast
Lucknow,India,2026-08-24,10:00:00,31.0,38.4,79,0.0,0.0,4.5,95,990.6,100,3,Overcast
Lucknow,India,2026-08-24,11:00:00,31.5,38.5,74,0.1,0.0,6.1,135,990.9,100,95,Thunderstorm
Lucknow,India,2026-08-24,12:00:00,31.4,39.0,76,0.6,0.1,6.1,122,990.2,98,96,Thunderstorm with Hail
Lucknow,India,2026-08-24,13:00:00,31.4,38.9,78,0.4,0.1,4.3,123,988.9,91,95,Thunderstorm
Lucknow,India,2026-08-24,14:00:00,29.7,36.8,86,1.9,0.1,6.9,189,988.2,100,96,Thunderstorm with Hail
Lucknow,India,2026-08-24,15:00:00,29.2,36.6,87,1.9,0.5,4.0,234,987.7,68,96,Thunderstorm with Hail
Lucknow,India,2026-08-24,16:00:00,29.9,37.3,85,0.2,0.2,5.5,287,987.8,98,51,Light Drizzle
Lucknow,India,2026-08-24,17:00:00,28.4,35.6,89,0.1,0.1,3.5,114,988.0,96,51,Light Drizzle
Lucknow,India,2026-08-24,18:00:00,27.8,34.4,94,0.9,0.9,9.0,67,989.0,98,53,Moderate Drizzle
Lucknow,India,2026-08-24,19:00:00,27.4,33.9,94,0.1,0.1,8.3,90,990.2,94,51,Light Drizzle
Lucknow,India,2026-08-24,20:00:00,27.1,33.8,95,0.0,0.0,5.5,77,990.3,96,3,Overcast
Lucknow,India,2026-08-24,21:00:00,27.0,33.7,95,0.0,0.0,4.8,75,990.3,98,3,Overcast
Lucknow,India,2026-08-24,22:00:00,27.0,33.8,94,0.0,0.0,3.1,90,990.2,70,2,Partly Cloudy
Lucknow,India,2026-08-24,23:00:00,27.6,34.8,93,0.0,0.0,3.8,109,989.4,91,3,Overcast
Lucknow,India,2026-08-25,00:00:00,27.3,34.4,95,0.0,0.0,3.6,131,989.6,99,3,Overcast
Lucknow,India,2026-08-25,01:00:00,27.2,34.4,95,0.0,0.0,3.1,114,989.4,100,3,Overcast
Lucknow,India,2026-08-25,02:00:00,27.3,34.9,95,0.0,0.0,0.5,270,989.0,100,3,Overcast
Lucknow,India,2026-08-25,03:00:00,27.2,34.6,96,0.0,0.0,1.6,297,989.1,100,3,Overcast
Lucknow,India,2026-08-25,04:00:00,26.4,32.7,97,1.7,0.9,6.9,105,989.8,100,95,Thunderstorm
Lucknow,India,2026-08-25,05:00:00,26.9,33.7,97,1.1,1.1,5.0,46,989.3,80,55,Heavy Drizzle
Lucknow,India,2026-08-25,06:00:00,27.2,34.1,96,0.0,0.0,5.6,59,989.8,100,3,Overcast
Lucknow,India,2026-08-25,07:00:00,27.5,34.8,96,0.1,0.1,4.6,18,990.0,100,51,Light Drizzle
Lucknow,India,2026-08-25,08:00:00,28.3,35.3,91,0.2,0.2,5.9,45,990.4,100,51,Light Drizzle
Lucknow,India,2026-08-25,09:00:00,27.9,33.6,88,3.1,0.6,10.5,70,991.2,100,96,Thunderstorm with Hail
Lucknow,India,2026-08-25,10:00:00,27.0,32.8,95,3.1,2.7,11.7,47,991.1,100,95,Thunderstorm
Lucknow,India,2026-08-25,11:00:00,27.6,33.4,92,2.7,0.3,10.7,54,990.8,100,96,Thunderstorm with Hail
Lucknow,India,2026-08-25,12:00:00,28.5,35.1,89,1.6,0.5,8.1,47,990.0,100,96,Thunderstorm with Hail
Lucknow,India,2026-08-25,13:00:00,29.2,36.0,86,0.3,0.1,7.8,32,989.1,100,95,Thunderstorm
Lucknow,India,2026-08-25,14:00:00,29.7,35.9,82,0.2,0.1,9.6,41,988.2,99,51,Light Drizzle
Lucknow,India,2026-08-25,15:00:00,27.7,34.0,94,3.0,2.2,10.1,59,987.7,96,95,Thunderstorm
Lucknow,India,2026-08-25,16:00:00,28.8,35.9,90,0.4,0.4,6.1,32,987.6,77,51,Light Drizzle
Lucknow,India,2026-08-25,17:00:00,27.7,34.4,95,0.2,0.0,8.1,45,988.1,95,95,Thunderstorm
Lucknow,India,2026-08-25,18:00:00,26.5,33.0,94,1.7,0.6,3.5,141,988.6,100,80,Light Rain Showers
Lucknow,India,2026-08-25,19:00:00,27.1,33.3,95,0.2,0.2,9.2,12,988.6,99,51,Light Drizzle
Lucknow,India,2026-08-25,20:00:00,27.4,33.7,95,1.4,0.2,9.8,44,989.7,99,95,Thunderstorm
Lucknow,India,2026-08-25,21:00:00,27.1,33.0,95,3.7,1.4,11.5,90,990.4,100,96,Thunderstorm with Hail
Lucknow,India,2026-08-25,22:00:00,26.4,32.4,95,1.5,1.2,6.9,83,990.2,99,95,Thunderstorm
Lucknow,India,2026-08-25,23:00:00,27.7,34.7,95,2.3,0.7,7.1,75,989.6,100,96,Thunderstorm with Hail
Lucknow,India,2026-08-26,00:00:00,27.3,33.8,95,0.4,0.3,7.8,82,988.9,98,51,Light Drizzle
Lucknow,India,2026-08-26,01:00:00,26.7,33.0,95,3.8,0.0,6.3,24,989.1,100,96,Thunderstorm with Hail
Lucknow,India,2026-08-26,02:00:00,26.2,32.2,97,4.9,0.3,7.9,33,988.7,100,96,Thunderstorm with Hail
Lucknow,India,2026-08-26,03:00:00,25.6,30.6,98,1.0,0.3,12.5,4,988.6,100,95,Thunderstorm
Lucknow,India,2026-08-26,04:00:00,25.6,30.9,98,1.1,0.2,10.9,39,988.8,100,95,Thunderstorm
Lucknow,India,2026-08-26,05:00:00,26.9,33.1,97,0.9,0.9,10.3,54,988.5,93,53,Moderate Drizzle
Lucknow,India,2026-08-26,06:00:00,27.1,33.2,96,0.0,0.0,10.7,67,988.8,98,3,Overcast
Lucknow,India,2026-08-26,07:00:00,27.8,33.3,90,0.1,0.0,13.2,83,989.0,100,51,Light Drizzle
Lucknow,India,2026-08-26,08:00:00,28.8,34.8,87,0.1,0.0,11.2,86,989.0,100,51,Light Drizzle
Lucknow,India,2026-08-26,09:00:00,30.1,36.3,81,0.2,0.0,10.2,100,990.0,100,95,Thunderstorm
Lucknow,India,2026-08-26,10:00:00,29.9,36.4,83,0.5,0.0,9.6,99,990.0,100,95,Thunderstorm
Lucknow,India,2026-08-26,11:00:00,30.6,36.4,75,0.4,0.1,9.2,89,989.6,99,95,Thunderstorm
Lucknow,India,2026-08-26,12:00:00,30.9,37.7,79,0.9,0.4,8.3,84,988.6,98,96,Thunderstorm with Hail
Lucknow,India,2026-08-26,13:00:00,31.2,39.1,79,0.3,0.0,5.6,84,988.0,99,95,Thunderstorm
Lucknow,India,2026-08-26,14:00:00,31.2,39.3,81,0.6,0.0,3.8,90,987.2,93,96,Thunderstorm with Hail
Lucknow,India,2026-08-26,15:00:00,31.9,39.9,77,0.3,0.0,1.7,18,985.9,98,95,Thunderstorm
Lucknow,India,2026-08-26,16:00:00,28.2,34.9,93,3.8,1.0,8.8,67,986.0,100,96,Thunderstorm with Hail
Lucknow,India,2026-08-26,17:00:00,28.4,36.5,94,0.3,0.3,2.4,81,986.4,99,51,Light Drizzle
Lucknow,India,2026-08-26,18:00:00,28.6,37.0,95,0.7,0.7,1.8,66,986.7,91,53,Moderate Drizzle
Lucknow,India,2026-08-26,19:00:00,27.8,35.4,96,0.4,0.1,3.7,43,987.8,96,95,Thunderstorm
Lucknow,India,2026-08-26,20:00:00,27.3,34.2,98,1.6,0.6,8.2,351,988.8,98,96,Thunderstorm with Hail
Lucknow,India,2026-08-26,21:00:00,27.0,34.0,95,1.4,0.8,2.8,40,989.8,100,95,Thunderstorm
Lucknow,India,2026-08-26,22:00:00,26.6,32.8,98,1.2,1.0,9.3,351,990.0,98,55,Heavy Drizzle
Lucknow,India,2026-08-26,23:00:00,27.3,33.8,97,0.8,0.6,9.6,43,989.4,99,95,Thunderstorm
Lucknow,India,2026-08-27,00:00:00,26.7,33.0,97,0.1,0.0,8.6,53,989.2,99,51,Light Drizzle
Lucknow,India,2026-08-27,01:00:00,26.6,32.7,98,0.2,0.2,9.2,74,988.2,97,51,Light Drizzle
Lucknow,India,2026-08-27,02:00:00,26.6,33.1,98,0.1,0.1,6.9,60,988.2,95,51,Light Drizzle
Lucknow,India,2026-08-27,03:00:00,26.5,32.9,98,0.0,0.0,6.9,59,988.0,70,2,Partly Cloudy
Lucknow,India,2026-08-27,04:00:00,26.5,32.7,96,0.0,0.0,7.1,41,987.8,94,3,Overcast
Lucknow,India,2026-08-27,05:00:00,26.7,32.5,95,0.3,0.1,10.6,67,988.1,98,51,Light Drizzle
Lucknow,India,2026-08-27,06:00:00,26.7,33.1,97,0.4,0.4,6.9,59,988.3,83,51,Light Drizzle
Lucknow,India,2026-08-27,07:00:00,27.5,33.7,93,0.2,0.1,9.2,67,988.9,59,51,Light Drizzle
Lucknow,India,2026-08-27,08:00:00,28.2,34.8,90,0.2,0.1,7.5,73,988.9,85,51,Light Drizzle
Lucknow,India,2026-08-27,09:00:00,29.9,36.8,83,0.2,0.0,6.1,71,989.3,65,95,Thunderstorm
Lucknow,India,2026-08-27,10:00:00,30.9,38.4,78,0.3,0.0,5.3,78,989.3,63,95,Thunderstorm
Lucknow,India,2026-08-27,11:00:00,31.8,39.7,73,0.3,0.0,4.5,43,989.1,100,95,Thunderstorm
Lucknow,India,2026-08-27,12:00:00,31.4,39.1,75,0.4,0.1,2.5,45,988.1,100,95,Thunderstorm
Lucknow,India,2026-08-27,13:00:00,31.4,38.9,76,0.7,0.1,2.7,110,987.4,100,96,Thunderstorm with Hail
Lucknow,India,2026-08-27,14:00:00,27.8,33.8,90,13.0,0.0,9.0,233,986.5,100,96,Thunderstorm with Hail
Lucknow,India,2026-08-27,15:00:00,26.2,32.5,100,5.0,0.4,8.4,312,986.1,99,96,Thunderstorm with Hail
Lucknow,India,2026-08-27,16:00:00,27.8,34.8,93,0.4,0.4,5.4,326,985.6,94,51,Light Drizzle
Lucknow,India,2026-08-27,17:00:00,29.6,35.8,81,0.0,0.0,7.5,316,986.2,77,2,Partly Cloudy
Lucknow,India,2026-08-27,18:00:00,28.6,35.2,86,0.0,0.0,6.3,309,986.9,80,3,Overcast
Lucknow,India,2026-08-27,19:00:00,28.2,34.9,89,0.0,0.0,5.5,302,987.9,84,3,Overcast
Lucknow,India,2026-08-27,20:00:00,28.0,34.5,90,0.0,0.0,7.1,319,988.5,87,3,Overcast
Lucknow,India,2026-08-27,21:00:00,27.7,34.8,92,0.0,0.0,3.8,329,989.1,86,3,Overcast
Lucknow,India,2026-08-27,22:00:00,27.6,34.6,93,0.0,0.0,3.7,313,989.2,56,2,Partly Cloudy
Lucknow,India,2026-08-27,23:00:00,28.3,35.5,93,0.0,0.0,5.9,322,988.9,87,3,Overcast
Lucknow,India,2026-08-28,00:00:00,27.9,35.1,94,0.0,0.0,5.6,310,988.5,97,3,Overcast
Lucknow,India,2026-08-28,01:00:00,27.0,33.7,97,2.7,0.0,6.7,276,987.9,98,96,Thunderstorm with Hail
Lucknow,India,2026-08-28,02:00:00,26.3,32.6,98,8.2,1.6,6.8,258,988.5,100,96,Thunderstorm with Hail
Lucknow,India,2026-08-28,03:00:00,26.1,32.4,97,3.1,1.3,5.6,327,988.1,100,95,Thunderstorm
Lucknow,India,2026-08-28,04:00:00,26.0,32.4,99,0.9,0.7,5.0,341,987.7,99,53,Moderate Drizzle
Lucknow,India,2026-08-28,05:00:00,25.9,32.3,99,1.6,0.2,4.8,15,987.9,100,95,Thunderstorm
Lucknow,India,2026-08-28,06:00:00,26.3,33.3,98,2.9,0.6,2.0,280,988.5,94,96,Thunderstorm with Hail
Lucknow,India,2026-08-28,07:00:00,27.0,33.6,95,0.2,0.2,5.5,314,988.8,88,51,Light Drizzle
Lucknow,India,2026-08-28,08:00:00,28.0,34.7,91,0.0,0.0,5.9,301,989.0,68,2,Partly Cloudy
Lucknow,India,2026-08-28,09:00:00,29.7,36.9,83,0.0,0.0,3.5,325,989.2,80,3,Overcast
Lucknow,India,2026-08-28,10:00:00,30.9,39.1,79,0.0,0.0,1.8,281,989.1,100,3,Overcast
Lucknow,India,2026-08-28,11:00:00,31.4,39.0,75,0.1,0.0,3.6,229,989.1,63,95,Thunderstorm
Lucknow,India,2026-08-28,12:00:00,31.7,40.0,74,0.3,0.0,3.5,231,988.3,100,95,Thunderstorm
Lucknow,India,2026-08-28,13:00:00,31.9,39.7,73,0.2,0.1,4.0,260,987.6,85,95,Thunderstorm
Lucknow,India,2026-08-28,14:00:00,31.7,38.5,72,0.2,0.1,3.7,241,986.5,79,51,Light Drizzle
Lucknow,India,2026-08-28,15:00:00,30.3,36.4,80,0.1,0.1,10.6,231,985.8,80,51,Light Drizzle
Lucknow,India,2026-08-28,16:00:00,29.3,36.0,86,0.0,0.0,8.0,306,985.9,97,3,Overcast
Lucknow,India,2026-08-28,17:00:00,29.0,35.8,87,0.1,0.1,6.7,265,986.4,97,51,Light Drizzle
Lucknow,India,2026-08-28,18:00:00,28.3,35.0,90,0.1,0.1,6.3,272,986.9,98,51,Light Drizzle
Lucknow,India,2026-08-28,19:00:00,28.0,35.2,91,0.1,0.1,3.6,221,987.6,95,51,Light Drizzle
Lucknow,India,2026-08-28,20:00:00,27.1,34.3,96,3.3,0.4,3.1,118,988.9,99,96,Thunderstorm with Hail
Lucknow,India,2026-08-28,21:00:00,26.8,33.6,95,2.6,0.4,3.2,218,989.7,99,96,Thunderstorm with Hail
Lucknow,India,2026-08-28,22:00:00,26.9,33.6,97,1.1,1.1,6.2,224,989.5,98,55,Heavy Drizzle
Lucknow,India,2026-08-28,23:00:00,27.3,34.4,96,0.1,0.1,4.8,217,988.5,98,51,Light Drizzle
Lucknow,India,2026-08-29,00:00:00,27.1,33.5,96,0.0,0.0,8.8,219,988.2,98,3,Overcast
Lucknow,India,2026-08-29,01:00:00,27.1,33.7,97,0.0,0.0,7.4,247,988.0,97,3,Overcast
Lucknow,India,2026-08-29,02:00:00,26.9,33.6,97,0.0,0.0,6.2,258,987.5,98,3,Overcast
Lucknow,India,2026-08-29,03:00:00,26.9,33.5,96,0.0,0.0,5.9,270,987.0,98,3,Overcast
Lucknow,India,2026-08-29,04:00:00,26.3,32.6,98,0.8,0.0,7.1,171,987.9,98,95,Thunderstorm
Lucknow,India,2026-08-29,05:00:00,27.8,35.7,96,1.2,0.6,1.6,270,987.5,98,95,Thunderstorm
Lucknow,India,2026-08-29,06:00:00,27.3,34.4,97,0.3,0.1,6.2,244,988.1,99,95,Thunderstorm
Lucknow,India,2026-08-29,07:00:00,27.6,34.7,95,1.0,0.4,5.1,253,988.8,99,95,Thunderstorm
Lucknow,India,2026-08-29,08:00:00,28.3,35.3,89,0.5,0.2,4.0,270,989.0,99,95,Thunderstorm
Lucknow,India,2026-08-29,09:00:00,29.8,36.7,81,0.1,0.1,3.6,279,989.0,100,51,Light Drizzle
Lucknow,India,2026-08-29,10:00:00,30.6,37.9,79,0.0,0.0,3.1,315,989.3,98,3,Overcast
Lucknow,India,2026-08-29,11:00:00,31.5,39.0,76,0.0,0.0,5.2,292,989.2,95,3,Overcast
Lucknow,India,2026-08-29,12:00:00,32.0,40.8,75,0.2,0.0,3.6,307,988.3,87,95,Thunderstorm
Lucknow,India,2026-08-29,13:00:00,32.3,41.0,75,0.2,0.0,4.1,322,987.2,93,95,Thunderstorm
Lucknow,India,2026-08-29,14:00:00,32.6,41.1,74,0.1,0.0,3.2,313,986.3,94,95,Thunderstorm
Lucknow,India,2026-08-29,15:00:00,31.8,39.3,77,0.5,0.1,6.0,299,985.7,100,95,Thunderstorm
Lucknow,India,2026-08-29,16:00:00,28.5,35.1,92,3.9,0.6,9.6,240,986.1,100,96,Thunderstorm with Hail
Lucknow,India,2026-08-29,17:00:00,29.8,36.4,82,0.5,0.5,6.9,329,986.2,100,53,Moderate Drizzle
Lucknow,India,2026-08-29,18:00:00,28.9,36.2,88,0.0,0.0,3.3,347,987.0,100,3,Overcast
Lucknow,India,2026-08-29,19:00:00,28.6,36.1,90,0.0,0.0,2.6,39,987.8,100,3,Overcast
Lucknow,India,2026-08-29,20:00:00,28.3,36.0,91,0.0,0.0,1.7,41,988.5,100,3,Overcast
Lucknow,India,2026-08-29,21:00:00,28.1,35.9,92,0.1,0.1,0.7,104,989.2,98,51,Light Drizzle
Lucknow,India,2026-08-29,22:00:00,27.8,35.4,95,0.0,0.0,2.9,180,989.4,95,3,Overcast
Lucknow,India,2026-08-29,23:00:00,28.5,36.4,95,0.0,0.0,3.8,205,988.8,97,3,Overcast
Lucknow,India,2026-08-30,00:00:00,28.1,35.7,96,0.0,0.0,5.5,232,988.3,99,3,Overcast
Lucknow,India,2026-08-30,01:00:00,27.9,35.1,96,0.0,0.0,6.4,225,987.7,99,3,Overcast
Lucknow,India,2026-08-30,02:00:00,27.8,34.9,95,0.0,0.0,6.0,224,987.6,100,3,Overcast
Lucknow,India,2026-08-30,03:00:00,27.7,34.8,95,0.0,0.0,5.8,231,987.4,99,3,Overcast
Lucknow,India,2026-08-30,04:00:00,27.6,34.7,95,0.0,0.0,5.4,233,987.6,98,3,Overcast
Lucknow,India,2026-08-30,05:00:00,27.1,34.2,98,0.0,0.0,5.1,39,988.4,100,3,Overcast
Lucknow,India,2026-08-30,06:00:00,27.1,34.2,98,1.1,1.1,5.4,60,988.5,100,55,Heavy Drizzle
Lucknow,India,2026-08-30,07:00:00,27.3,34.5,96,1.0,1.0,4.8,68,989.1,99,55,Heavy Drizzle
Lucknow,India,2026-08-30,08:00:00,28.1,35.5,93,0.5,0.5,3.5,99,989.8,99,53,Moderate Drizzle
Lucknow,India,2026-08-30,09:00:00,29.5,37.0,84,0.2,0.1,1.8,11,990.1,98,51,Light Drizzle
Lucknow,India,2026-08-30,10:00:00,31.0,38.7,76,0.1,0.0,2.3,337,990.2,100,51,Light Drizzle
Lucknow,India,2026-08-30,11:00:00,31.5,39.3,74,0.1,0.0,3.9,344,990.7,98,95,Thunderstorm
Lucknow,India,2026-08-30,12:00:00,31.7,39.5,72,0.1,0.0,3.9,332,990.1,100,95,Thunderstorm
Lucknow,India,2026-08-30,13:00:00,31.8,39.1,74,0.0,0.0,5.2,319,989.2,100,3,Overcast
Lucknow,India,2026-08-30,14:00:00,31.7,38.6,73,0.1,0.0,5.1,318,988.2,97,95,Thunderstorm
Lucknow,India,2026-08-30,15:00:00,32.0,38.1,69,0.0,0.0,6.8,320,987.4,98,3,Overcast
Lucknow,India,2026-08-30,16:00:00,31.8,37.6,69,0.0,0.0,7.9,327,987.4,95,3,Overcast
Lucknow,India,2026-08-30,17:00:00,30.1,37.3,81,0.8,0.3,3.3,311,987.9,97,95,Thunderstorm
Lucknow,India,2026-08-30,18:00:00,29.2,36.1,86,0.0,0.0,5.8,326,988.6,98,3,Overcast
Lucknow,India,2026-08-30,19:00:00,28.5,35.2,89,0.1,0.1,7.3,327,989.0,99,51,Light Drizzle
Lucknow,India,2026-08-30,20:00:00,28.0,34.8,91,0.1,0.0,6.0,303,989.8,95,51,Light Drizzle
Lucknow,India,2026-08-30,21:00:00,27.8,34.5,93,0.1,0.1,7.3,290,990.0,96,51,Light Drizzle
Lucknow,India,2026-08-30,22:00:00,27.5,34.2,93,0.0,0.0,6.1,275,990.0,99,3,Overcast
Lucknow,India,2026-08-30,23:00:00,28.3,35.7,93,0.0,0.0,4.2,252,989.5,99,3,Overcast
Lucknow,India,2026-08-31,00:00:00,27.8,35.0,94,0.0,0.0,5.2,256,989.3,99,3,Overcast
Lucknow,India,2026-08-31,01:00:00,27.6,34.6,95,0.1,0.1,5.9,284,988.8,100,51,Light Drizzle
Lucknow,India,2026-08-31,02:00:00,27.4,34.5,95,0.0,0.0,4.7,270,988.4,100,3,Overcast
Lucknow,India,2026-08-31,03:00:00,27.4,34.3,96,0.0,0.0,6.0,263,988.7,100,3,Overcast
Lucknow,India,2026-08-31,04:00:00,27.3,33.8,96,0.0,0.0,8.4,260,988.7,99,3,Overcast
Lucknow,India,2026-08-31,05:00:00,26.6,32.5,94,0.1,0.1,7.8,351,989.1,100,51,Light Drizzle
Lucknow,India,2026-08-31,06:00:00,25.8,31.4,94,2.8,1.4,6.4,344,989.2,100,95,Thunderstorm
Lucknow,India,2026-08-31,07:00:00,26.1,32.1,93,0.5,0.5,5.0,322,989.7,100,53,Moderate Drizzle
Lucknow,India,2026-08-31,08:00:00,26.9,33.1,91,0.2,0.1,4.8,285,990.0,99,51,Light Drizzle
Lucknow,India,2026-08-31,09:00:00,28.4,34.6,85,0.1,0.0,6.5,314,990.4,98,51,Light Drizzle
Lucknow,India,2026-08-31,10:00:00,29.6,36.0,81,0.0,0.0,6.9,309,990.4,93,3,Overcast
Lucknow,India,2026-08-31,11:00:00,27.2,34.8,93,0.0,0.0,3.3,167,990.4,94,3,Overcast
Lucknow,India,2026-08-31,12:00:00,29.5,37.3,88,0.8,0.7,3.3,261,989.4,77,53,Moderate Drizzle
Lucknow,India,2026-08-31,13:00:00,31.0,38.0,79,0.3,0.1,7.0,293,988.1,74,95,Thunderstorm
Lucknow,India,2026-08-31,14:00:00,31.5,38.6,76,0.2,0.0,7.6,282,987.2,99,95,Thunderstorm
Lucknow,India,2026-08-31,15:00:00,31.5,38.2,76,0.1,0.0,8.4,285,986.8,99,95,Thunderstorm
Lucknow,India,2026-08-31,16:00:00,30.4,36.7,80,0.1,0.0,9.5,297,986.4,95,51,Light Drizzle
Lucknow,India,2026-08-31,17:00:00,27.3,34.2,97,4.0,1.3,6.2,232,987.8,100,96,Thunderstorm with Hail
Lucknow,India,2026-08-31,18:00:00,27.6,35.0,97,0.4,0.4,5.1,212,988.0,100,51,Light Drizzle
Lucknow,India,2026-08-31,19:00:00,27.6,35.0,97,0.2,0.2,4.7,270,988.6,100,51,Light Drizzle
Lucknow,India,2026-08-31,20:00:00,27.7,35.1,95,0.4,0.2,3.4,317,989.8,100,95,Thunderstorm
Lucknow,India,2026-08-31,21:00:00,26.6,33.7,99,3.2,0.3,3.0,107,990.7,100,96,Thunderstorm with Hail
Lucknow,India,2026-08-31,22:00:00,26.6,33.7,98,0.9,0.9,2.5,278,990.5,100,53,Moderate Drizzle
Lucknow,India,2026-08-31,23:00:00,26.5,32.8,97,0.3,0.3,6.6,279,989.9,100,51,Light Drizzle
Lucknow,India,2026-09-01,00:00:00,26.3,32.5,97,0.1,0.1,7.0,339,989.8,99,51,Light Drizzle
Lucknow,India,2026-09-01,01:00:00,26.2,33.0,98,0.2,0.2,2.3,94,989.4,100,51,Light Drizzle
Lucknow,India,2026-09-01,02:00:00,25.7,31.7,98,0.6,0.1,6.7,268,989.4,100,53,Moderate Drizzle
Lucknow,India,2026-09-01,03:00:00,25.5,32.0,97,1.6,0.3,1.5,346,989.3,100,95,Thunderstorm
Lucknow,India,2026-09-01,04:00:00,25.3,31.3,97,3.1,1.0,3.8,311,989.4,100,95,Thunderstorm
Lucknow,India,2026-09-01,05:00:00,25.9,32.1,97,1.6,0.6,4.7,94,989.4,97,80,Light Rain Showers
Lucknow,India,2026-09-01,06:00:00,25.5,31.9,97,2.9,0.1,1.8,217,990.1,100,95,Thunderstorm
Lucknow,India,2026-09-01,07:00:00,25.9,32.0,96,1.0,0.9,5.3,82,990.9,100,55,Heavy Drizzle
Lucknow,India,2026-09-01,08:00:00,26.7,32.8,94,0.8,0.8,6.7,93,991.2,100,53,Moderate Drizzle
Lucknow,India,2026-09-01,09:00:00,27.2,33.3,92,0.6,0.6,7.3,97,991.5,100,53,Moderate Drizzle
Lucknow,India,2026-09-01,10:00:00,28.2,33.9,86,0.1,0.1,9.5,92,991.7,100,51,Light Drizzle
Lucknow,India,2026-09-01,11:00:00,28.8,34.9,85,0.2,0.1,8.3,114,991.6,99,51,Light Drizzle
Lucknow,India,2026-09-01,12:00:00,30.0,36.4,79,0.1,0.1,6.4,137,990.7,81,51,Light Drizzle
Lucknow,India,2026-09-01,13:00:00,30.7,38.4,75,0.1,0.0,2.1,121,989.9,93,51,Light Drizzle
Lucknow,India,2026-09-01,14:00:00,30.6,37.4,75,0.1,0.0,2.4,347,989.3,100,51,Light Drizzle
Lucknow,India,2026-09-01,15:00:00,29.9,36.2,79,0.1,0.0,6.9,355,988.9,100,51,Light Drizzle
Lucknow,India,2026-09-01,16:00:00,28.4,35.3,87,2.0,0.2,3.4,58,989.2,100,96,Thunderstorm with Hail
Lucknow,India,2026-09-01,17:00:00,28.9,34.4,81,1.6,1.1,9.8,95,989.8,98,80,Light Rain Showers
Lucknow,India,2026-09-01,18:00:00,28.0,34.3,86,0.0,0.0,5.0,88,990.4,100,3,Overcast
Lucknow,India,2026-09-01,19:00:00,27.6,33.5,88,0.0,0.0,7.4,84,991.3,100,3,Overcast
Lucknow,India,2026-09-01,20:00:00,27.4,33.5,89,0.0,0.0,5.8,81,991.8,100,3,Overcast
Lucknow,India,2026-09-01,21:00:00,27.0,33.3,91,0.0,0.0,5.0,55,992.1,100,3,Overcast
Lucknow,India,2026-09-01,22:00:00,26.9,33.3,92,0.0,0.0,4.3,42,992.2,100,3,Overcast
Lucknow,India,2026-09-01,23:00:00,27.7,34.8,90,0.0,0.0,1.7,311,991.7,100,3,Overcast
Lucknow,India,2026-09-02,00:00:00,26.7,33.8,94,1.1,0.1,0.7,90,991.1,100,95,Thunderstorm
Lucknow,India,2026-09-02,01:00:00,25.9,32.0,97,3.8,0.5,5.3,352,991.0,100,95,Thunderstorm
Lucknow,India,2026-09-02,02:00:00,25.6,32.1,99,5.2,0.2,3.7,325,990.6,100,96,Thunderstorm with Hail
Lucknow,India,2026-09-02,03:00:00,25.7,31.2,96,2.9,0.8,7.6,27,990.4,100,95,Thunderstorm
Lucknow,India,2026-09-02,04:00:00,25.2,30.6,99,2.7,1.1,8.9,56,990.6,100,95,Thunderstorm
Lucknow,India,2026-09-02,05:00:00,25.9,31.4,97,6.0,1.0,9.6,60,989.9,100,96,Thunderstorm with Hail
Lucknow,India,2026-09-02,06:00:00,25.7,30.9,97,2.1,0.2,10.7,60,990.8,100,95,Thunderstorm
Lucknow,India,2026-09-02,07:00:00,25.9,31.1,97,1.0,0.6,11.5,46,990.8,100,55,Heavy Drizzle
Lucknow,India,2026-09-02,08:00:00,26.4,31.8,96,0.5,0.5,12.0,60,991.4,100,53,Moderate Drizzle
Lucknow,India,2026-09-02,09:00:00,26.8,32.0,93,1.0,0.6,12.9,72,992.1,100,55,Heavy Drizzle
Lucknow,India,2026-09-02,10:00:00,27.3,33.2,93,0.7,0.3,10.5,66,992.0,100,95,Thunderstorm
Lucknow,India,2026-09-02,11:00:00,28.2,34.4,88,0.4,0.3,8.7,47,992.0,100,51,Light Drizzle
Lucknow,India,2026-09-02,12:00:00,28.8,34.7,84,0.2,0.1,9.8,40,990.9,100,51,Light Drizzle
Lucknow,India,2026-09-02,13:00:00,29.4,35.1,81,0.2,0.1,10.2,39,989.9,100,51,Light Drizzle
Lucknow,India,2026-09-02,14:00:00,28.8,34.4,82,0.2,0.1,9.6,30,988.9,100,51,Light Drizzle
Lucknow,India,2026-09-02,15:00:00,29.0,33.8,76,0.2,0.0,10.2,31,988.7,100,51,Light Drizzle
Lucknow,India,2026-09-02,16:00:00,27.8,34.0,88,1.3,0.3,6.3,347,988.6,100,95,Thunderstorm
Lucknow,India,2026-09-02,17:00:00,28.4,34.3,84,0.3,0.3,7.2,53,988.6,98,51,Light Drizzle
Lucknow,India,2026-09-02,18:00:00,27.8,33.8,87,0.0,0.0,6.8,35,989.4,98,3,Overcast
Lucknow,India,2026-09-02,19:00:00,27.3,32.9,90,0.3,0.3,9.2,48,990.1,100,51,Light Drizzle
Lucknow,India,2026-09-02,20:00:00,26.5,31.7,94,1.0,0.1,11.7,44,990.6,100,55,Heavy Drizzle
Lucknow,India,2026-09-02,21:00:00,26.4,31.6,95,0.8,0.1,12.2,54,991.3,100,53,Moderate Drizzle
Lucknow,India,2026-09-02,22:00:00,26.2,31.5,95,0.0,0.0,11.5,59,991.1,99,3,Overcast
Lucknow,India,2026-09-02,23:00:00,26.4,32.0,95,0.1,0.1,9.5,65,990.3,99,51,Light Drizzle
Lucknow,India,2026-09-03,00:00:00,26.0,31.6,96,0.6,0.2,8.9,56,989.9,100,53,Moderate Drizzle
Lucknow,India,2026-09-03,01:00:00,25.9,31.6,97,0.0,0.0,8.7,48,989.7,100,3,Overcast
Lucknow,India,2026-09-03,02:00:00,25.8,30.6,95,0.5,0.4,12.6,71,989.3,100,53,Moderate Drizzle
Lucknow,India,2026-09-03,03:00:00,25.5,30.5,96,0.6,0.6,10.7,54,989.2,98,53,Moderate Drizzle
Lucknow,India,2026-09-03,04:00:00,25.4,30.2,96,0.0,0.0,12.7,58,989.2,100,3,Overcast
Lucknow,India,2026-09-03,05:00:00,25.6,30.5,96,1.1,1.0,11.9,80,989.2,98,55,Heavy Drizzle
Lucknow,India,2026-09-03,06:00:00,25.7,30.6,96,0.2,0.2,12.4,68,989.5,86,51,Light Drizzle
Lucknow,India,2026-09-03,07:00:00,26.7,31.6,91,0.0,0.0,13.2,73,990.3,97,3,Overcast
Lucknow,India,2026-09-03,08:00:00,27.4,32.0,88,0.1,0.0,15.0,73,990.6,100,51,Light Drizzle
Lucknow,India,2026-09-03,09:00:00,28.4,32.7,81,0.1,0.0,16.0,82,990.8,100,51,Light Drizzle
Lucknow,India,2026-09-03,10:00:00,28.9,33.4,80,0.1,0.0,15.2,80,991.0,100,51,Light Drizzle
Lucknow,India,2026-09-03,11:00:00,29.0,34.1,81,0.1,0.0,12.7,78,990.4,97,51,Light Drizzle
Lucknow,India,2026-09-03,12:00:00,29.5,34.4,79,0.2,0.1,14.7,83,989.7,77,51,Light Drizzle
Lucknow,India,2026-09-03,13:00:00,28.1,33.6,86,7.1,0.5,10.9,81,989.2,95,96,Thunderstorm with Hail
Lucknow,India,2026-09-03,14:00:00,28.6,34.1,84,0.0,0.0,10.9,61,988.0,85,3,Overcast
Lucknow,India,2026-09-03,15:00:00,30.0,35.1,75,0.0,0.0,11.5,82,987.4,87,3,Overcast
Lucknow,India,2026-09-03,16:00:00,29.9,34.9,76,0.0,0.0,12.3,87,987.3,91,3,Overcast
Lucknow,India,2026-09-03,17:00:00,27.8,33.2,88,0.1,0.1,12.1,84,987.9,98,51,Light Drizzle
Lucknow,India,2026-09-03,18:00:00,27.3,32.8,90,0.2,0.2,10.8,89,988.4,99,51,Light Drizzle
Lucknow,India,2026-09-03,19:00:00,27.1,32.6,92,0.1,0.1,11.6,94,989.4,99,51,Light Drizzle
Lucknow,India,2026-09-03,20:00:00,27.0,32.5,92,0.0,0.0,10.8,89,990.0,98,3,Overcast
Lucknow,India,2026-09-03,21:00:00,26.8,32.5,92,0.0,0.0,9.4,85,990.6,98,3,Overcast
Lucknow,India,2026-09-03,22:00:00,26.8,32.5,93,0.0,0.0,9.6,82,990.8,100,3,Overcast
Lucknow,India,2026-09-03,23:00:00,26.7,32.4,94,0.0,0.0,10.3,90,990.6,99,3,Overcast
Lucknow,India,2026-09-04,00:00:00,26.0,31.2,96,0.4,0.4,10.9,81,989.8,91,51,Light Drizzle
Lucknow,India,2026-09-04,01:00:00,25.9,31.1,96,0.1,0.1,10.8,86,989.4,77,51,Light Drizzle
Lucknow,India,2026-09-04,02:00:00,25.8,31.4,96,0.1,0.1,9.0,80,989.3,97,51,Light Drizzle
Lucknow,India,2026-09-04,03:00:00,25.8,31.2,97,0.0,0.0,10.4,81,989.3,93,3,Overcast
Lucknow,India,2026-09-04,04:00:00,25.8,31.2,97,0.0,0.0,10.1,80,989.0,100,3,Overcast
Lucknow,India,2026-09-04,05:00:00,25.8,31.3,98,0.0,0.0,10.1,80,989.7,98,3,Overcast
Lucknow,India,2026-09-04,06:00:00,26.0,31.4,97,0.0,0.0,11.0,85,990.3,88,3,Overcast
Lucknow,India,2026-09-04,07:00:00,26.8,32.2,94,0.1,0.0,11.9,93,990.9,100,51,Light Drizzle
Lucknow,India,2026-09-04,08:00:00,27.9,32.8,88,0.1,0.0,15.2,100,991.1,82,51,Light Drizzle
Lucknow,India,2026-09-04,09:00:00,29.2,34.0,82,0.2,0.1,16.4,99,991.7,100,51,Light Drizzle
Lucknow,India,2026-09-04,10:00:00,29.9,34.7,78,0.1,0.0,16.0,99,992.1,100,51,Light Drizzle
Lucknow,India,2026-09-04,11:00:00,30.1,35.1,76,0.1,0.0,15.9,102,991.7,51,51,Light Drizzle
Lucknow,India,2026-09-04,12:00:00,30.8,37.0,75,0.5,0.2,16.5,106,990.8,42,95,Thunderstorm
Lucknow,India,2026-09-04,13:00:00,31.0,36.5,72,0.2,0.1,14.6,111,990.3,93,51,Light Drizzle
Lucknow,India,2026-09-04,14:00:00,30.4,35.4,74,0.4,0.4,15.6,124,989.6,98,51,Light Drizzle
Lucknow,India,2026-09-04,15:00:00,29.1,34.8,82,1.3,0.6,10.0,131,989.3,98,95,Thunderstorm
Lucknow,India,2026-09-04,16:00:00,28.4,33.7,85,0.4,0.4,12.2,112,989.3,98,51,Light Drizzle
Lucknow,India,2026-09-04,17:00:00,29.2,35.0,83,0.1,0.1,10.4,127,989.5,84,51,Light Drizzle
Lucknow,India,2026-09-04,18:00:00,28.2,33.8,86,0.2,0.2,10.3,121,990.6,95,51,Light Drizzle
Lucknow,India,2026-09-04,19:00:00,27.5,32.9,88,0.1,0.1,10.7,98,991.8,97,51,Light Drizzle
Lucknow,India,2026-09-04,20:00:00,27.4,32.7,89,0.1,0.1,11.0,93,992.8,98,51,Light Drizzle
Lucknow,India,2026-09-04,21:00:00,26.1,31.0,94,1.6,1.0,11.7,131,993.9,100,80,Light Rain Showers
Lucknow,India,2026-09-04,22:00:00,25.4,30.3,96,1.4,1.4,11.5,98,993.2,94,61,Light Rain
Lucknow,India,2026-09-04,23:00:00,26.4,31.6,93,0.1,0.1,10.7,97,992.8,83,51,Light Drizzle
Lucknow,India,2026-09-05,00:00:00,26.0,31.1,94,0.0,0.0,10.5,98,992.5,61,2,Partly Cloudy
Lucknow,India,2026-09-05,01:00:00,26.0,31.2,94,0.0,0.0,9.3,103,991.9,80,3,Overcast
Lucknow,India,2026-09-05,02:00:00,25.9,31.4,95,0.0,0.0,8.8,91,991.9,98,3,Overcast
Lucknow,India,2026-09-05,03:00:00,25.9,31.4,97,0.0,0.0,10.0,96,991.8,99,3,Overcast
Lucknow,India,2026-09-05,04:00:00,25.8,31.3,97,0.0,0.0,9.5,101,991.8,99,3,Overcast
Lucknow,India,2026-09-05,05:00:00,25.9,31.1,98,0.0,0.0,12.3,100,992.0,75,2,Partly Cloudy
Lucknow,India,2026-09-05,06:00:00,26.1,31.4,97,0.0,0.0,12.3,117,992.3,74,2,Partly Cloudy
Lucknow,India,2026-09-05,07:00:00,27.0,32.2,92,0.0,0.0,13.0,116,992.6,92,3,Overcast
Lucknow,India,2026-09-05,08:00:00,28.4,33.6,84,0.0,0.0,11.9,115,993.1,96,3,Overcast
Lucknow,India,2026-09-05,09:00:00,29.6,34.3,74,0.1,0.0,11.8,126,993.8,96,51,Light Drizzle
Lucknow,India,2026-09-05,10:00:00,30.4,35.7,72,0.0,0.0,10.7,135,993.9,83,3,Overcast
Lucknow,India,2026-09-05,11:00:00,30.2,35.8,72,0.0,0.0,11.7,133,993.8,80,3,Overcast
Lucknow,India,2026-09-05,12:00:00,30.2,35.8,72,0.6,0.4,12.4,131,992.5,48,53,Moderate Drizzle
Lucknow,India,2026-09-05,13:00:00,30.6,36.1,70,0.9,0.7,13.8,137,991.7,49,53,Moderate Drizzle
Lucknow,India,2026-09-05,14:00:00,30.6,35.3,70,0.8,0.4,13.0,137,990.4,44,53,Moderate Drizzle
Lucknow,India,2026-09-05,15:00:00,30.7,35.2,68,0.1,0.1,11.9,124,990.3,63,51,Light Drizzle
Lucknow,India,2026-09-05,16:00:00,30.5,35.1,69,0.0,0.0,10.0,118,990.2,75,2,Partly Cloudy
Lucknow,India,2026-09-05,17:00:00,29.8,35.0,75,0.1,0.1,9.8,140,990.7,78,51,Light Drizzle
Lucknow,India,2026-09-05,18:00:00,28.6,34.4,81,0.0,0.0,6.1,114,991.1,78,2,Partly Cloudy
Lucknow,India,2026-09-05,19:00:00,27.9,33.7,86,0.0,0.0,7.4,84,992.1,98,3,Overcast
Lucknow,India,2026-09-05,20:00:00,27.5,33.4,89,0.2,0.1,7.0,90,993.1,98,51,Light Drizzle
Lucknow,India,2026-09-05,21:00:00,27.2,33.2,91,0.1,0.1,7.4,103,993.6,100,51,Light Drizzle
Lucknow,India,2026-09-05,22:00:00,27.2,33.1,91,0.0,0.0,8.0,95,993.6,98,3,Overcast
Lucknow,India,2026-09-05,23:00:00,26.6,32.3,93,0.0,0.0,8.2,98,993.2,95,3,Overcast
Lucknow,India,2026-09-06,00:00:00,26.4,32.0,93,0.0,0.0,9.0,105,992.7,92,3,Overcast
Lucknow,India,2026-09-06,01:00:00,26.3,31.9,94,0.0,0.0,8.9,117,992.1,75,2,Partly Cloudy
Lucknow,India,2026-09-06,02:00:00,26.2,31.5,93,0.0,0.0,8.8,121,991.9,80,3,Overcast
Lucknow,India,2026-09-06,03:00:00,26.0,31.0,91,0.0,0.0,8.4,118,991.5,77,2,Partly Cloudy
Lucknow,India,2026-09-06,04:00:00,25.7,30.7,91,0.0,0.0,8.0,115,991.5,38,1,Mainly Clear
Lucknow,India,2026-09-06,05:00:00,26.2,31.9,94,0.0,0.0,7.3,106,991.8,26,1,Mainly Clear
Lucknow,India,2026-09-06,06:00:00,26.2,31.8,94,0.0,0.0,8.5,107,992.2,34,1,Mainly Clear
Lucknow,India,2026-09-06,07:00:00,27.3,33.0,89,0.0,0.0,8.5,102,992.8,52,2,Partly Cloudy
Lucknow,India,2026-09-06,08:00:00,28.7,33.9,80,0.0,0.0,10.6,120,993.7,80,3,Overcast
Lucknow,India,2026-09-06,09:00:00,29.6,33.8,73,0.0,0.0,14.2,119,993.9,96,3,Overcast
Lucknow,India,2026-09-06,10:00:00,30.5,35.7,72,0.1,0.0,13.0,127,994.1,97,51,Light Drizzle
Lucknow,India,2026-09-06,11:00:00,29.4,34.6,73,0.1,0.0,10.7,123,994.2,81,51,Light Drizzle
Lucknow,India,2026-09-06,12:00:00,30.0,35.5,74,0.8,0.3,12.9,133,992.5,65,95,Thunderstorm
Lucknow,India,2026-09-06,13:00:00,29.7,36.5,79,2.6,0.2,7.7,118,992.3,85,96,Thunderstorm with Hail
Lucknow,India,2026-09-06,14:00:00,28.3,34.1,86,2.7,0.8,10.0,116,991.3,95,96,Thunderstorm with Hail
Lucknow,India,2026-09-06,15:00:00,28.4,34.2,83,1.1,0.8,6.9,113,991.2,98,95,Thunderstorm
Lucknow,India,2026-09-06,16:00:00,27.3,33.4,91,2.2,1.1,7.5,123,990.9,98,95,Thunderstorm
Lucknow,India,2026-09-06,17:00:00,28.0,34.5,91,0.5,0.5,7.7,144,991.0,79,53,Moderate Drizzle
Lucknow,India,2026-09-06,18:00:00,27.3,33.4,93,0.3,0.3,8.3,129,991.7,73,51,Light Drizzle
Lucknow,India,2026-09-06,19:00:00,26.9,32.7,93,0.0,0.0,9.9,125,992.6,70,2,Partly Cloudy
Lucknow,India,2026-09-06,20:00:00,26.8,32.4,93,0.0,0.0,10.3,126,993.2,98,3,Overcast
Lucknow,India,2026-09-06,21:00:00,26.7,32.3,94,0.0,0.0,10.1,121,993.8,97,3,Overcast
Lucknow,India,2026-09-06,22:00:00,26.5,32.1,95,0.0,0.0,10.3,119,993.6,94,3,Overcast
Lucknow,India,2026-09-06,23:00:00,26.3,31.8,95,0.1,0.1,10.4,136,993.2,96,51,Light Drizzle
Lucknow,India,2026-09-07,00:00:00,26.2,31.8,96,0.0,0.0,10.1,133,992.7,90,3,Overcast
Lucknow,India,2026-09-07,01:00:00,25.6,31.0,96,0.6,0.2,8.6,143,992.4,95,53,Moderate Drizzle
Lucknow,India,2026-09-07,02:00:00,25.5,31.0,97,0.6,0.2,7.8,124,991.9,98,53,Moderate Drizzle
Lucknow,India,2026-09-07,03:00:00,25.4,30.8,97,0.2,0.2,8.6,131,991.8,94,51,Light Drizzle
Lucknow,India,2026-09-07,04:00:00,25.3,30.3,94,0.1,0.0,8.7,158,991.7,100,51,Light Drizzle
Lucknow,India,2026-09-07,05:00:00,25.5,31.2,96,1.2,0.1,6.3,173,991.9,100,95,Thunderstorm
Lucknow,India,2026-09-07,06:00:00,25.3,30.8,96,0.4,0.4,6.9,189,992.0,62,51,Light Drizzle
Lucknow,India,2026-09-07,07:00:00,25.7,31.1,92,0.2,0.2,5.5,212,992.6,27,51,Light Drizzle
Lucknow,India,2026-09-07,08:00:00,27.0,32.1,84,0.1,0.1,6.5,172,993.3,100,51,Light Drizzle
Lucknow,India,2026-09-07,09:00:00,28.0,33.6,82,0.2,0.1,5.6,158,993.8,100,51,Light Drizzle
Lucknow,India,2026-09-07,10:00:00,28.4,33.9,81,0.3,0.2,6.7,146,993.8,91,51,Light Drizzle
Lucknow,India,2026-09-07,11:00:00,29.1,34.6,76,0.3,0.1,7.8,143,993.7,63,51,Light Drizzle
Lucknow,India,2026-09-07,12:00:00,30.1,36.5,74,0.4,0.2,8.0,157,992.5,30,51,Light Drizzle
Lucknow,India,2026-09-07,13:00:00,30.9,38.1,73,0.3,0.1,7.4,177,991.5,66,95,Thunderstorm
Lucknow,India,2026-09-07,14:00:00,30.8,36.6,72,0.1,0.0,9.2,181,990.2,69,51,Light Drizzle
Lucknow,India,2026-09-07,15:00:00,30.4,36.0,75,0.1,0.0,9.5,205,989.4,100,51,Light Drizzle
Lucknow,India,2026-09-07,16:00:00,28.8,35.5,85,2.0,0.5,5.0,322,989.3,67,96,Thunderstorm with Hail
Lucknow,India,2026-09-07,17:00:00,28.3,35.3,87,3.5,0.8,2.5,150,990.4,94,96,Thunderstorm with Hail
Lucknow,India,2026-09-07,18:00:00,27.3,34.6,93,0.0,0.0,1.3,172,990.6,77,2,Partly Cloudy
Lucknow,India,2026-09-07,19:00:00,27.1,34.3,93,0.0,0.0,0.5,90,991.3,43,1,Mainly Clear
Lucknow,India,2026-09-07,20:00:00,26.9,33.7,94,0.0,0.0,2.7,82,991.9,54,2,Partly Cloudy
Lucknow,India,2026-09-07,21:00:00,26.8,33.3,94,0.0,0.0,4.7,74,992.5,38,1,Mainly Clear
Lucknow,India,2026-09-07,22:00:00,26.7,33.0,94,0.0,0.0,5.1,67,992.6,64,2,Partly Cloudy
Lucknow,India,2026-09-07,23:00:00,27.0,32.9,90,0.0,0.0,6.4,74,992.2,74,2,Partly Cloudy
Lucknow,India,2026-09-08,00:00:00,26.5,32.4,91,0.0,0.0,5.3,82,992.1,41,1,Mainly Clear
Lucknow,India,2026-09-08,01:00:00,26.2,32.0,93,0.0,0.0,5.9,76,991.8,32,1,Mainly Clear
Lucknow,India,2026-09-08,02:00:00,25.8,32.1,95,0.0,0.0,2.0,63,991.5,63,2,Partly Cloudy
Lucknow,India,2026-09-08,03:00:00,25.6,32.1,96,0.1,0.1,0.8,225,991.1,28,51,Light Drizzle
Lucknow,India,2026-09-08,04:00:00,25.3,30.6,97,0.2,0.2,8.6,286,991.2,73,51,Light Drizzle
Lucknow,India,2026-09-08,05:00:00,25.1,30.6,97,0.2,0.2,6.5,336,991.7,80,51,Light Drizzle
Lucknow,India,2026-09-08,06:00:00,25.3,30.9,97,0.0,0.0,6.9,335,992.3,75,2,Partly Cloudy
Lucknow,India,2026-09-08,07:00:00,26.2,32.2,94,0.0,0.0,6.3,347,993.0,31,1,Mainly Clear
Lucknow,India,2026-09-08,08:00:00,27.6,33.5,88,0.0,0.0,7.4,353,993.6,14,0,Clear Sky
Lucknow,India,2026-09-08,09:00:00,29.1,34.8,79,0.0,0.0,7.3,10,993.9,26,1,Mainly Clear
Lucknow,India,2026-09-08,10:00:00,30.3,37.3,77,0.0,0.0,5.2,12,994.0,27,1,Mainly Clear
Lucknow,India,2026-09-08,11:00:00,31.0,38.6,73,0.1,0.0,5.0,330,993.7,43,51,Light Drizzle
Lucknow,India,2026-09-08,12:00:00,31.5,39.1,71,0.1,0.0,4.9,336,992.9,52,51,Light Drizzle
Lucknow,India,2026-09-08,13:00:00,31.7,39.3,71,0.1,0.0,5.2,326,991.6,40,51,Light Drizzle
Lucknow,India,2026-09-08,14:00:00,31.7,39.0,73,0.1,0.0,5.7,314,990.7,65,95,Thunderstorm
Lucknow,India,2026-09-08,15:00:00,31.0,37.4,75,0.2,0.1,7.5,300,990.1,100,51,Light Drizzle
Lucknow,India,2026-09-08,16:00:00,29.0,34.4,81,0.9,0.4,10.7,293,989.9,91,95,Thunderstorm
Lucknow,India,2026-09-08,17:00:00,29.7,35.5,78,0.9,0.9,8.9,310,990.0,65,53,Moderate Drizzle
Lucknow,India,2026-09-08,18:00:00,28.4,34.7,83,0.0,0.0,4.1,308,990.2,58,2,Partly Cloudy
Lucknow,India,2026-09-08,19:00:00,28.1,34.7,85,0.0,0.0,2.1,290,991.0,60,2,Partly Cloudy
Lucknow,India,2026-09-08,20:00:00,27.8,34.4,86,0.0,0.0,1.6,207,991.8,55,2,Partly Cloudy
Lucknow,India,2026-09-08,21:00:00,27.2,33.7,89,0.0,0.0,2.8,191,992.7,42,1,Mainly Clear
Lucknow,India,2026-09-08,22:00:00,26.8,33.1,92,0.0,0.0,4.8,214,992.6,28,1,Mainly Clear
Lucknow,India,2026-09-08,23:00:00,28.0,34.7,88,0.0,0.0,4.2,265,992.4,52,2,Partly Cloudy
Lucknow,India,2026-09-09,00:00:00,26.6,33.1,94,0.2,0.2,3.4,252,992.1,18,51,Light Drizzle
Lucknow,India,2026-09-09,01:00:00,26.1,31.5,90,0.1,0.1,5.6,299,991.6,10,51,Light Drizzle
Lucknow,India,2026-09-09,02:00:00,25.3,29.7,87,0.1,0.1,6.8,299,991.4,41,51,Light Drizzle
Lucknow,India,2026-09-09,03:00:00,24.9,29.5,89,0.0,0.0,6.1,300,991.3,11,0,Clear Sky
Lucknow,India,2026-09-09,04:00:00,24.8,29.3,91,0.0,0.0,7.6,297,991.7,21,1,Mainly Clear
Lucknow,India,2026-09-09,05:00:00,26.3,31.6,90,0.0,0.0,7.2,302,991.3,9,0,Clear Sky
Lucknow,India,2026-09-09,06:00:00,26.3,31.9,91,0.0,0.0,6.5,294,991.7,4,0,Clear Sky
Lucknow,India,2026-09-09,07:00:00,27.5,33.8,89,0.0,0.0,5.6,268,992.3,2,0,Clear Sky
Lucknow,India,2026-09-09,08:00:00,29.3,35.7,81,0.0,0.0,4.2,290,992.9,1,0,Clear Sky
Lucknow,India,2026-09-09,09:00:00,30.7,37.1,74,0.0,0.0,4.5,304,993.4,2,0,Clear Sky
Lucknow,India,2026-09-09,10:00:00,31.9,39.2,69,0.0,0.0,5.1,312,993.3,4,0,Clear Sky
Lucknow,India,2026-09-09,11:00:00,32.9,40.6,64,0.0,0.0,4.6,309,993.5,25,1,Mainly Clear
Lucknow,India,2026-09-09,12:00:00,33.1,41.4,65,0.2,0.1,2.2,246,992.4,23,51,Light Drizzle
Lucknow,India,2026-09-09,13:00:00,28.5,34.0,83,1.9,0.9,17.6,283,992.1,70,95,Thunderstorm
Lucknow,India,2026-09-09,14:00:00,28.9,35.3,82,0.9,0.9,4.6,309,990.8,3,53,Moderate Drizzle
Lucknow,India,2026-09-09,15:00:00,30.4,37.0,76,0.1,0.1,4.4,330,990.4,5,51,Light Drizzle
Lucknow,India,2026-09-09,16:00:00,30.9,37.0,73,0.0,0.0,6.7,308,990.5,23,1,Mainly Clear
Lucknow,India,2026-09-09,17:00:00,30.1,37.0,81,0.0,0.0,5.1,228,990.3,5,0,Clear Sky
Lucknow,India,2026-09-09,18:00:00,29.6,36.6,82,0.0,0.0,2.6,245,990.8,15,0,Clear Sky
Lucknow,India,2026-09-09,19:00:00,29.2,36.2,82,0.0,0.0,1.9,209,991.7,48,1,Mainly Clear
Lucknow,India,2026-09-09,20:00:00,28.5,35.3,85,0.0,0.0,2.7,172,992.8,66,2,Partly Cloudy
Lucknow,India,2026-09-09,21:00:00,28.3,34.6,85,0.0,0.0,5.4,184,993.6,67,2,Partly Cloudy
Lucknow,India,2026-09-09,22:00:00,27.5,33.4,89,0.1,0.1,7.9,41,993.9,90,51,Light Drizzle
Lucknow,India,2026-09-09,23:00:00,28.2,34.9,87,0.0,0.0,4.0,100,992.9,97,3,Overcast
Lucknow,India,2026-09-10,00:00:00,27.6,33.9,89,0.0,0.0,5.4,140,992.6,99,3,Overcast
Lucknow,India,2026-09-10,01:00:00,27.0,33.4,92,0.0,0.0,5.1,144,992.3,96,3,Overcast
Lucknow,India,2026-09-10,02:00:00,26.5,32.3,94,0.4,0.3,7.9,131,992.1,90,51,Light Drizzle
Lucknow,India,2026-09-10,03:00:00,26.2,32.0,95,0.0,0.0,7.7,177,992.3,95,3,Overcast
Lucknow,India,2026-09-10,04:00:00,26.3,32.3,94,0.1,0.1,6.5,208,992.5,88,51,Light Drizzle
Lucknow,India,2026-09-10,05:00:00,26.2,31.4,90,0.1,0.1,7.4,124,992.9,96,51,Light Drizzle
Lucknow,India,2026-09-10,06:00:00,26.2,31.5,90,0.0,0.0,6.7,124,993.3,97,3,Overcast
Lucknow,India,2026-09-10,07:00:00,27.5,33.5,86,0.0,0.0,4.6,132,993.8,98,3,Overcast
Lucknow,India,2026-09-10,08:00:00,29.2,35.4,79,0.0,0.0,4.9,126,994.4,99,3,Overcast
Lucknow,India,2026-09-10,09:00:00,30.5,37.1,75,0.0,0.0,3.9,133,994.4,99,3,Overcast
Lucknow,India,2026-09-10,10:00:00,31.3,38.5,74,0.1,0.0,6.1,114,994.8,90,51,Light Drizzle
Lucknow,India,2026-09-10,11:00:00,31.7,39.8,74,0.2,0.0,5.6,111,994.3,87,95,Thunderstorm
Lucknow,India,2026-09-10,12:00:00,31.9,40.0,74,0.3,0.0,5.3,118,993.2,69,95,Thunderstorm
Lucknow,India,2026-09-10,13:00:00,31.5,39.3,76,0.3,0.0,4.9,144,991.8,100,95,Thunderstorm
Lucknow,India,2026-09-10,14:00:00,30.9,38.3,79,0.3,0.0,4.6,169,990.1,95,95,Thunderstorm
Lucknow,India,2026-09-10,15:00:00,30.8,38.3,78,0.2,0.0,1.9,248,990.0,100,95,Thunderstorm
Lucknow,India,2026-09-10,16:00:00,27.4,33.5,95,2.9,0.5,11.2,350,990.9,100,96,Thunderstorm with Hail
Lucknow,India,2026-09-10,17:00:00,26.9,33.5,97,0.4,0.4,7.0,29,990.9,100,51,Light Drizzle
Lucknow,India,2026-09-10,18:00:00,27.1,34.4,96,0.3,0.3,2.0,170,992.0,99,51,Light Drizzle
Lucknow,India,2026-09-10,19:00:00,27.1,34.7,96,0.2,0.2,0.2,360,992.7,99,51,Light Drizzle
Lucknow,India,2026-09-10,20:00:00,26.9,34.3,98,0.0,0.0,2.7,67,993.9,100,3,Overcast
Lucknow,India,2026-09-10,21:00:00,27.0,34.2,97,0.0,0.0,2.9,68,993.8,99,3,Overcast
Lucknow,India,2026-09-10,22:00:00,26.8,33.6,97,0.0,0.0,4.8,63,993.9,100,3,Overcast
Lucknow,India,2026-09-10,23:00:00,26.7,33.3,97,0.0,0.0,5.7,55,993.8,98,3,Overcast
Mumbai,India,2026-08-11,00:00:00,26.5,30.8,84,0.0,0.0,10.4,255,1004.9,35,1,Mainly Clear
Mumbai,India,2026-08-11,01:00:00,26.3,30.5,85,0.2,0.1,11.2,252,1004.3,47,51,Light Drizzle
Mumbai,India,2026-08-11,02:00:00,25.7,29.7,86,0.2,0.1,10.6,252,1003.9,59,51,Light Drizzle
Mumbai,India,2026-08-11,03:00:00,25.9,30.2,86,0.5,0.3,9.3,238,1004.0,42,53,Moderate Drizzle
Mumbai,India,2026-08-11,04:00:00,25.4,30.2,90,0.2,0.1,7.7,229,1003.9,70,51,Light Drizzle
Mumbai,India,2026-08-11,05:00:00,26.2,31.4,89,1.1,0.9,7.3,237,1003.7,49,55,Heavy Drizzle
Mumbai,India,2026-08-11,06:00:00,25.6,29.8,90,0.6,0.4,12.5,240,1004.4,90,53,Moderate Drizzle
Mumbai,India,2026-08-11,07:00:00,25.7,30.9,92,0.8,0.5,7.9,254,1005.0,93,53,Moderate Drizzle
Mumbai,India,2026-08-11,08:00:00,26.2,31.4,92,4.4,1.3,9.0,283,1005.5,100,95,Thunderstorm
Mumbai,India,2026-08-11,09:00:00,25.7,30.4,93,6.7,1.5,11.7,285,1006.2,100,95,Thunderstorm
Mumbai,India,2026-08-11,10:00:00,26.3,31.0,89,1.9,0.5,10.4,285,1006.0,99,80,Light Rain Showers
Mumbai,India,2026-08-11,11:00:00,26.0,30.3,91,0.4,0.2,13.7,281,1005.8,100,51,Light Drizzle
Mumbai,India,2026-08-11,12:00:00,26.8,30.9,87,1.8,0.7,15.3,269,1005.4,100,80,Light Rain Showers
Mumbai,India,2026-08-11,13:00:00,27.1,31.2,86,0.4,0.1,16.0,273,1004.7,100,51,Light Drizzle
Mumbai,India,2026-08-11,14:00:00,26.7,29.7,82,0.5,0.2,18.7,278,1003.9,100,53,Moderate Drizzle
Mumbai,India,2026-08-11,15:00:00,27.0,30.3,83,1.1,0.5,18.6,285,1003.3,100,55,Heavy Drizzle
Mumbai,India,2026-08-11,16:00:00,26.4,29.7,84,0.9,0.8,17.5,289,1002.8,100,53,Moderate Drizzle
Mumbai,India,2026-08-11,17:00:00,26.4,30.9,91,0.3,0.1,13.4,296,1003.2,100,51,Light Drizzle
Mumbai,India,2026-08-11,18:00:00,25.8,30.7,93,2.5,2.1,10.6,281,1003.4,100,81,Moderate Rain Showers
Mumbai,India,2026-08-11,19:00:00,25.9,30.7,91,2.5,2.0,10.0,284,1004.0,100,81,Moderate Rain Showers
Mumbai,India,2026-08-11,20:00:00,25.6,30.1,93,2.1,1.3,12.3,291,1004.7,100,80,Light Rain Showers
Mumbai,India,2026-08-11,21:00:00,26.0,31.4,93,0.4,0.2,8.3,288,1005.5,99,51,Light Drizzle
Mumbai,India,2026-08-11,22:00:00,25.8,30.4,91,0.6,0.1,10.9,279,1006.0,100,53,Moderate Drizzle
Mumbai,India,2026-08-11,23:00:00,25.6,30.3,92,0.5,0.3,9.9,261,1005.7,98,53,Moderate Drizzle
Mumbai,India,2026-08-12,00:00:00,25.8,31.1,91,1.1,0.9,6.6,257,1005.4,100,55,Heavy Drizzle
Mumbai,India,2026-08-12,01:00:00,25.9,30.7,91,0.6,0.5,9.9,274,1005.0,100,53,Moderate Drizzle
Mumbai,India,2026-08-12,02:00:00,25.8,30.4,90,0.6,0.5,10.8,260,1004.6,100,53,Moderate Drizzle
Mumbai,India,2026-08-12,03:00:00,26.1,31.0,91,0.2,0.1,10.5,264,1004.4,100,51,Light Drizzle
Mumbai,India,2026-08-12,04:00:00,24.8,28.8,90,0.8,0.2,10.5,267,1004.5,100,53,Moderate Drizzle
Mumbai,India,2026-08-12,05:00:00,25.5,29.9,91,0.5,0.1,11.7,255,1004.4,100,53,Moderate Drizzle
Mumbai,India,2026-08-12,06:00:00,25.6,30.1,91,1.2,0.4,11.7,269,1004.7,100,55,Heavy Drizzle
Mumbai,India,2026-08-12,07:00:00,26.3,31.1,89,0.1,0.0,11.0,260,1005.5,99,51,Light Drizzle
Mumbai,India,2026-08-12,08:00:00,26.9,31.6,88,0.1,0.0,12.6,268,1005.9,95,51,Light Drizzle
Mumbai,India,2026-08-12,09:00:00,27.7,31.8,79,0.2,0.1,12.6,283,1006.4,81,51,Light Drizzle
Mumbai,India,2026-08-12,10:00:00,27.9,31.5,77,0.5,0.1,14.7,276,1006.5,98,53,Moderate Drizzle
Mumbai,India,2026-08-12,11:00:00,26.6,30.3,88,0.6,0.0,17.6,259,1006.7,100,53,Moderate Drizzle
Mumbai,India,2026-08-12,12:00:00,26.9,31.0,85,1.0,0.5,14.7,299,1006.2,98,55,Heavy Drizzle
Mumbai,India,2026-08-12,13:00:00,27.9,32.6,82,0.4,0.2,11.9,280,1005.9,97,51,Light Drizzle
Mumbai,India,2026-08-12,14:00:00,27.7,31.9,81,0.8,0.4,13.0,269,1005.6,100,53,Moderate Drizzle
Mumbai,India,2026-08-12,15:00:00,28.3,32.3,80,0.5,0.2,16.1,280,1004.9,88,53,Moderate Drizzle
Mumbai,India,2026-08-12,16:00:00,28.5,31.9,74,0.3,0.0,15.2,277,1004.7,82,51,Light Drizzle
Mumbai,India,2026-08-12,17:00:00,28.3,32.1,76,0.9,0.2,14.1,283,1005.1,99,53,Moderate Drizzle
Mumbai,India,2026-08-12,18:00:00,27.9,31.8,79,0.2,0.1,14.4,279,1005.5,82,51,Light Drizzle
Mumbai,India,2026-08-12,19:00:00,26.8,31.2,86,0.3,0.3,11.8,263,1006.3,63,51,Light Drizzle
Mumbai,India,2026-08-12,20:00:00,26.8,31.9,88,0.2,0.1,9.2,254,1006.9,70,51,Light Drizzle
Mumbai,India,2026-08-12,21:00:00,27.1,32.2,87,0.1,0.1,9.4,258,1007.9,86,51,Light Drizzle
Mumbai,India,2026-08-12,22:00:00,26.3,31.3,89,0.5,0.2,8.9,242,1008.4,100,53,Moderate Drizzle
Mumbai,India,2026-08-12,23:00:00,26.8,31.9,87,0.3,0.2,8.7,236,1008.0,72,51,Light Drizzle
Mumbai,India,2026-08-13,00:00:00,26.3,30.9,88,0.3,0.1,11.2,242,1007.2,89,51,Light Drizzle
Mumbai,India,2026-08-13,01:00:00,26.0,30.1,88,0.7,0.6,12.5,237,1007.2,98,53,Moderate Drizzle
Mumbai,India,2026-08-13,02:00:00,25.9,30.0,89,0.4,0.3,13.0,233,1006.7,97,51,Light Drizzle
Mumbai,India,2026-08-13,03:00:00,25.5,29.4,89,0.8,0.4,13.5,256,1006.4,82,53,Moderate Drizzle
Mumbai,India,2026-08-13,04:00:00,26.5,30.9,88,0.3,0.1,13.4,250,1006.3,20,51,Light Drizzle
Mumbai,India,2026-08-13,05:00:00,26.3,30.2,87,0.5,0.1,14.1,256,1005.9,63,53,Moderate Drizzle
Mumbai,India,2026-08-13,06:00:00,26.7,31.0,88,0.3,0.1,14.4,260,1006.5,95,51,Light Drizzle
Mumbai,India,2026-08-13,07:00:00,27.3,31.9,85,0.0,0.0,12.6,257,1007.3,84,3,Overcast
Mumbai,India,2026-08-13,08:00:00,27.6,30.9,77,1.0,0.2,14.8,256,1007.6,74,55,Heavy Drizzle
Mumbai,India,2026-08-13,09:00:00,28.1,31.8,78,0.4,0.1,15.4,259,1008.1,91,51,Light Drizzle
Mumbai,India,2026-08-13,10:00:00,27.2,30.5,78,0.7,0.3,15.4,259,1008.5,100,53,Moderate Drizzle
Mumbai,India,2026-08-13,11:00:00,26.1,29.5,88,2.6,1.5,17.8,267,1008.4,100,81,Moderate Rain Showers
Mumbai,India,2026-08-13,12:00:00,27.3,32.4,87,2.7,0.8,9.7,242,1008.1,74,95,Thunderstorm
Mumbai,India,2026-08-13,13:00:00,28.1,33.1,80,0.5,0.3,12.8,253,1007.5,100,53,Moderate Drizzle
Mumbai,India,2026-08-13,14:00:00,28.3,32.5,79,0.0,0.0,16.8,268,1007.1,99,3,Overcast
Mumbai,India,2026-08-13,15:00:00,28.3,32.1,78,0.2,0.1,16.0,268,1006.6,72,51,Light Drizzle
Mumbai,India,2026-08-13,16:00:00,27.9,31.3,78,0.2,0.1,17.0,260,1006.2,96,51,Light Drizzle
Mumbai,India,2026-08-13,17:00:00,26.9,30.6,82,0.6,0.3,14.1,274,1006.7,100,53,Moderate Drizzle
Mumbai,India,2026-08-13,18:00:00,27.3,31.5,83,0.1,0.1,14.1,272,1006.5,100,51,Light Drizzle
Mumbai,India,2026-08-13,19:00:00,27.0,30.9,82,0.2,0.1,13.7,274,1007.3,99,51,Light Drizzle
Mumbai,India,2026-08-13,20:00:00,27.5,31.4,80,0.0,0.0,13.7,268,1007.8,88,3,Overcast
Mumbai,India,2026-08-13,21:00:00,27.4,31.4,80,0.0,0.0,12.1,266,1008.5,90,3,Overcast
Mumbai,India,2026-08-13,22:00:00,27.4,31.4,80,0.0,0.0,12.7,263,1008.4,87,3,Overcast
Mumbai,India,2026-08-13,23:00:00,26.8,31.4,85,0.1,0.1,9.9,249,1007.7,87,51,Light Drizzle
Mumbai,India,2026-08-14,00:00:00,26.7,31.0,84,0.3,0.2,11.0,259,1007.3,66,51,Light Drizzle
Mumbai,India,2026-08-14,01:00:00,26.3,30.6,86,0.3,0.0,11.4,259,1006.8,57,51,Light Drizzle
Mumbai,India,2026-08-14,02:00:00,26.0,30.5,88,0.5,0.4,10.2,263,1006.4,66,53,Moderate Drizzle
Mumbai,India,2026-08-14,03:00:00,25.5,30.0,90,0.3,0.1,10.4,256,1006.4,100,51,Light Drizzle
Mumbai,India,2026-08-14,04:00:00,25.9,30.7,88,0.5,0.3,7.8,244,1006.1,98,53,Moderate Drizzle
Mumbai,India,2026-08-14,05:00:00,25.8,30.7,91,0.3,0.1,9.4,259,1006.2,70,51,Light Drizzle
Mumbai,India,2026-08-14,06:00:00,25.4,29.5,89,0.1,0.0,10.9,250,1006.6,95,51,Light Drizzle
Mumbai,India,2026-08-14,07:00:00,26.1,30.8,89,0.3,0.1,10.0,247,1007.4,91,51,Light Drizzle
Mumbai,India,2026-08-14,08:00:00,26.9,31.8,86,0.9,0.5,9.9,255,1007.8,95,53,Moderate Drizzle
Mumbai,India,2026-08-14,09:00:00,28.1,32.2,77,0.3,0.2,12.3,260,1008.2,91,51,Light Drizzle
Mumbai,India,2026-08-14,10:00:00,28.2,32.3,78,0.2,0.1,12.8,254,1008.2,99,51,Light Drizzle
Mumbai,India,2026-08-14,11:00:00,28.9,33.4,76,0.3,0.1,15.9,260,1008.1,88,51,Light Drizzle
Mumbai,India,2026-08-14,12:00:00,29.0,33.3,75,0.1,0.0,17.1,261,1008.0,79,51,Light Drizzle
Mumbai,India,2026-08-14,13:00:00,29.0,33.0,74,0.2,0.1,17.4,262,1007.9,86,51,Light Drizzle
Mumbai,India,2026-08-14,14:00:00,28.5,32.1,72,0.3,0.0,18.2,266,1007.2,97,51,Light Drizzle
Mumbai,India,2026-08-14,15:00:00,28.2,31.7,77,0.6,0.1,15.7,260,1006.8,93,53,Moderate Drizzle
Mumbai,India,2026-08-14,16:00:00,28.1,31.4,76,0.0,0.0,17.0,265,1006.1,85,3,Overcast
Mumbai,India,2026-08-14,17:00:00,27.2,31.1,82,0.5,0.2,14.1,247,1006.6,97,53,Moderate Drizzle
Mumbai,India,2026-08-14,18:00:00,27.4,31.0,81,0.7,0.3,15.5,265,1006.2,83,53,Moderate Drizzle
Mumbai,India,2026-08-14,19:00:00,27.4,31.2,81,0.3,0.1,14.3,264,1006.8,98,51,Light Drizzle
Mumbai,India,2026-08-14,20:00:00,27.5,31.1,79,0.2,0.1,14.0,269,1007.2,96,51,Light Drizzle
Mumbai,India,2026-08-14,21:00:00,26.9,30.8,83,0.5,0.4,14.2,269,1007.8,99,53,Moderate Drizzle
Mumbai,India,2026-08-14,22:00:00,27.0,30.6,80,0.1,0.1,14.3,260,1007.8,95,51,Light Drizzle
Mumbai,India,2026-08-14,23:00:00,26.1,30.7,88,0.7,0.3,10.1,268,1007.5,95,53,Moderate Drizzle
Mumbai,India,2026-08-15,00:00:00,26.8,31.5,85,0.0,0.0,9.6,267,1006.9,67,2,Partly Cloudy
Mumbai,India,2026-08-15,01:00:00,26.6,30.9,83,0.1,0.1,10.3,275,1006.9,86,51,Light Drizzle
Mumbai,India,2026-08-15,02:00:00,26.0,30.8,87,0.1,0.1,7.6,262,1006.6,97,51,Light Drizzle
Mumbai,India,2026-08-15,03:00:00,25.7,30.1,88,0.2,0.1,9.4,240,1006.7,100,51,Light Drizzle
Mumbai,India,2026-08-15,04:00:00,25.8,30.3,88,0.5,0.2,9.6,264,1006.7,100,53,Moderate Drizzle
Mumbai,India,2026-08-15,05:00:00,24.9,29.3,94,0.6,0.3,11.5,215,1006.8,97,53,Moderate Drizzle
Mumbai,India,2026-08-15,06:00:00,24.8,30.3,96,1.1,0.0,4.7,180,1007.0,100,55,Heavy Drizzle
Mumbai,India,2026-08-15,07:00:00,25.6,30.6,95,2.1,1.1,11.1,231,1007.8,100,80,Light Rain Showers
Mumbai,India,2026-08-15,08:00:00,26.2,30.9,90,1.5,0.7,11.4,264,1008.2,97,80,Light Rain Showers
Mumbai,India,2026-08-15,09:00:00,26.4,30.5,85,0.6,0.3,11.2,252,1008.7,99,53,Moderate Drizzle
Mumbai,India,2026-08-15,10:00:00,26.7,31.6,86,0.7,0.4,8.5,224,1008.7,100,53,Moderate Drizzle
Mumbai,India,2026-08-15,11:00:00,28.4,32.9,77,0.2,0.1,10.8,249,1008.3,100,51,Light Drizzle
Mumbai,India,2026-08-15,12:00:00,27.8,31.8,76,0.3,0.0,14.1,240,1008.1,100,51,Light Drizzle
Mumbai,India,2026-08-15,13:00:00,27.4,31.9,82,0.7,0.2,11.5,228,1007.8,88,53,Moderate Drizzle
Mumbai,India,2026-08-15,14:00:00,28.3,33.1,79,0.1,0.0,12.5,233,1006.9,91,51,Light Drizzle
Mumbai,India,2026-08-15,15:00:00,27.9,31.8,76,0.5,0.2,14.4,252,1006.4,99,53,Moderate Drizzle
Mumbai,India,2026-08-15,16:00:00,27.5,30.9,79,0.6,0.4,16.2,258,1005.8,91,53,Moderate Drizzle
Mumbai,India,2026-08-15,17:00:00,28.3,32.3,79,0.4,0.1,15.8,258,1005.9,78,51,Light Drizzle
Mumbai,India,2026-08-15,18:00:00,27.1,31.6,87,1.2,0.8,13.6,262,1006.3,95,55,Heavy Drizzle
Mumbai,India,2026-08-15,19:00:00,26.7,31.2,87,0.4,0.2,12.3,255,1006.7,94,51,Light Drizzle
Mumbai,India,2026-08-15,20:00:00,25.8,30.1,90,0.5,0.1,12.4,249,1007.6,96,53,Moderate Drizzle
Mumbai,India,2026-08-15,21:00:00,25.8,30.8,91,0.8,0.5,7.7,261,1008.0,95,53,Moderate Drizzle
Mumbai,India,2026-08-15,22:00:00,26.1,31.7,91,0.2,0.1,5.4,256,1008.2,99,51,Light Drizzle
Mumbai,India,2026-08-15,23:00:00,25.8,31.1,93,0.1,0.0,7.6,271,1007.6,89,51,Light Drizzle
Mumbai,India,2026-08-16,00:00:00,25.5,30.7,94,0.3,0.2,7.9,258,1007.4,99,51,Light Drizzle
Mumbai,India,2026-08-16,01:00:00,25.8,30.8,91,0.2,0.1,8.4,255,1007.0,98,51,Light Drizzle
Mumbai,India,2026-08-16,02:00:00,26.0,31.0,90,0.6,0.3,8.5,266,1006.6,94,53,Moderate Drizzle
Mumbai,India,2026-08-16,03:00:00,26.1,30.9,90,0.0,0.0,9.9,254,1005.8,98,3,Overcast
Mumbai,India,2026-08-16,04:00:00,25.6,30.2,90,0.5,0.1,8.9,245,1006.1,89,53,Moderate Drizzle
Mumbai,India,2026-08-16,05:00:00,26.4,30.1,84,1.2,1.1,14.5,249,1006.0,96,55,Heavy Drizzle
Mumbai,India,2026-08-16,06:00:00,25.9,30.3,87,0.7,0.4,9.7,251,1006.5,91,53,Moderate Drizzle
Mumbai,India,2026-08-16,07:00:00,26.3,30.8,88,0.4,0.2,11.4,254,1006.9,84,51,Light Drizzle
Mumbai,India,2026-08-16,08:00:00,27.9,32.0,79,0.1,0.0,13.4,255,1007.3,95,51,Light Drizzle
Mumbai,India,2026-08-16,09:00:00,28.6,32.4,76,0.0,0.0,14.8,249,1007.6,66,2,Partly Cloudy
Mumbai,India,2026-08-16,10:00:00,28.8,33.2,76,0.1,0.1,14.2,254,1007.7,76,51,Light Drizzle
Mumbai,India,2026-08-16,11:00:00,29.6,33.9,72,0.1,0.0,17.8,246,1007.4,91,51,Light Drizzle
Mumbai,India,2026-08-16,12:00:00,29.7,34.8,72,0.1,0.0,17.5,245,1006.9,81,51,Light Drizzle
Mumbai,India,2026-08-16,13:00:00,29.6,34.8,72,0.1,0.0,17.4,244,1006.5,97,51,Light Drizzle
Mumbai,India,2026-08-16,14:00:00,29.0,33.6,74,0.9,0.1,18.7,242,1006.1,91,53,Moderate Drizzle
Mumbai,India,2026-08-16,15:00:00,28.9,32.9,74,0.9,0.2,18.0,243,1005.7,87,53,Moderate Drizzle
Mumbai,India,2026-08-16,16:00:00,28.5,31.6,75,0.9,0.1,18.7,245,1005.5,98,53,Moderate Drizzle
Mumbai,India,2026-08-16,17:00:00,26.1,29.5,85,0.2,0.1,15.5,238,1005.7,100,51,Light Drizzle
Mumbai,India,2026-08-16,18:00:00,25.7,30.5,92,2.0,1.0,9.8,232,1006.1,98,80,Light Rain Showers
Mumbai,India,2026-08-16,19:00:00,26.0,30.7,91,0.5,0.3,11.2,228,1006.9,88,53,Moderate Drizzle
Mumbai,India,2026-08-16,20:00:00,26.0,30.6,90,0.5,0.4,11.7,243,1007.5,97,53,Moderate Drizzle
Mumbai,India,2026-08-16,21:00:00,26.4,31.2,91,0.6,0.5,11.6,252,1008.0,82,53,Moderate Drizzle
Mumbai,India,2026-08-16,22:00:00,26.5,31.1,89,0.1,0.1,12.2,246,1008.1,87,51,Light Drizzle
Mumbai,India,2026-08-16,23:00:00,27.0,31.2,84,0.3,0.2,12.8,241,1007.7,70,51,Light Drizzle
Mumbai,India,2026-08-17,00:00:00,27.1,30.9,80,0.2,0.1,13.0,241,1007.3,99,51,Light Drizzle
Mumbai,India,2026-08-17,01:00:00,26.7,30.3,82,0.4,0.1,13.5,241,1006.8,100,51,Light Drizzle
Mumbai,India,2026-08-17,02:00:00,26.3,30.1,84,0.6,0.1,13.4,241,1006.5,97,53,Moderate Drizzle
Mumbai,India,2026-08-17,03:00:00,25.5,29.4,87,1.3,0.6,12.1,253,1006.6,97,80,Light Rain Showers
Mumbai,India,2026-08-17,04:00:00,26.3,30.3,85,0.1,0.1,12.5,242,1006.6,100,51,Light Drizzle
Mumbai,India,2026-08-17,05:00:00,25.6,28.3,84,0.7,0.4,17.6,233,1006.5,92,53,Moderate Drizzle
Mumbai,India,2026-08-17,06:00:00,26.9,30.7,86,0.6,0.3,17.1,236,1006.8,62,53,Moderate Drizzle
Mumbai,India,2026-08-17,07:00:00,28.0,30.9,75,0.0,0.0,18.4,244,1007.1,76,2,Partly Cloudy
Mumbai,India,2026-08-17,08:00:00,28.5,31.1,70,0.5,0.1,17.7,242,1007.6,96,53,Moderate Drizzle
Mumbai,India,2026-08-17,09:00:00,28.6,31.8,73,0.5,0.2,16.7,241,1008.5,97,53,Moderate Drizzle
Mumbai,India,2026-08-17,10:00:00,28.2,31.5,76,0.7,0.3,16.9,240,1008.9,78,53,Moderate Drizzle
Mumbai,India,2026-08-17,11:00:00,27.2,30.5,80,1.2,0.3,16.9,268,1009.1,100,55,Heavy Drizzle
Mumbai,India,2026-08-17,12:00:00,27.3,31.8,83,0.9,0.6,11.6,249,1009.0,81,53,Moderate Drizzle
Mumbai,India,2026-08-17,13:00:00,27.5,32.2,79,0.4,0.1,14.8,247,1008.1,89,51,Light Drizzle
Mumbai,India,2026-08-17,14:00:00,29.4,34.3,74,0.5,0.2,17.1,249,1007.6,100,53,Moderate Drizzle
Mumbai,India,2026-08-17,15:00:00,28.4,31.6,76,0.3,0.0,18.2,256,1007.2,55,51,Light Drizzle
Mumbai,India,2026-08-17,16:00:00,27.8,30.9,78,0.2,0.0,18.6,254,1006.8,96,51,Light Drizzle
Mumbai,India,2026-08-17,17:00:00,27.7,30.9,79,0.5,0.2,18.5,246,1007.1,95,53,Moderate Drizzle
Mumbai,India,2026-08-17,18:00:00,27.7,31.2,81,0.2,0.0,18.2,245,1007.4,95,51,Light Drizzle
Mumbai,India,2026-08-17,19:00:00,27.7,31.0,79,0.3,0.1,17.8,249,1007.7,88,51,Light Drizzle
Mumbai,India,2026-08-17,20:00:00,27.5,31.0,82,0.5,0.0,17.8,247,1008.3,95,53,Moderate Drizzle
Mumbai,India,2026-08-17,21:00:00,27.6,31.1,82,0.1,0.0,18.1,241,1009.0,84,51,Light Drizzle
Mumbai,India,2026-08-17,22:00:00,27.6,31.2,81,0.0,0.0,16.6,241,1009.3,97,3,Overcast
Mumbai,India,2026-08-17,23:00:00,27.5,30.5,77,0.7,0.5,16.5,246,1009.0,97,53,Moderate Drizzle
Mumbai,India,2026-08-18,00:00:00,27.2,31.0,83,0.3,0.3,15.5,243,1008.5,91,51,Light Drizzle
Mumbai,India,2026-08-18,01:00:00,27.0,30.5,82,0.5,0.4,16.1,252,1008.1,85,53,Moderate Drizzle
Mumbai,India,2026-08-18,02:00:00,26.5,30.0,85,0.6,0.2,16.6,254,1007.6,79,53,Moderate Drizzle
Mumbai,India,2026-08-18,03:00:00,25.8,29.5,89,0.2,0.1,15.9,254,1007.6,65,51,Light Drizzle
Mumbai,India,2026-08-18,04:00:00,26.8,31.0,88,0.2,0.2,14.7,252,1007.4,93,51,Light Drizzle
Mumbai,India,2026-08-18,05:00:00,27.3,31.2,83,0.1,0.1,16.1,259,1007.2,91,51,Light Drizzle
Mumbai,India,2026-08-18,06:00:00,27.3,31.2,83,0.1,0.1,15.4,256,1007.8,95,51,Light Drizzle
Mumbai,India,2026-08-18,07:00:00,26.7,30.9,86,0.6,0.4,13.1,261,1008.5,84,53,Moderate Drizzle
Mumbai,India,2026-08-18,08:00:00,27.0,30.5,81,0.6,0.2,16.2,266,1009.2,95,53,Moderate Drizzle
Mumbai,India,2026-08-18,09:00:00,28.0,31.8,80,0.3,0.2,16.4,268,1009.8,94,51,Light Drizzle
Mumbai,India,2026-08-18,10:00:00,28.1,31.8,78,0.9,0.5,16.1,274,1010.1,74,53,Moderate Drizzle
Mumbai,India,2026-08-18,11:00:00,29.0,32.4,74,1.0,0.8,19.3,268,1009.8,59,55,Heavy Drizzle
Mumbai,India,2026-08-18,12:00:00,28.9,33.1,75,0.8,0.3,20.6,266,1009.4,44,53,Moderate Drizzle
Mumbai,India,2026-08-18,13:00:00,29.2,34.2,75,0.0,0.0,18.9,269,1009.0,63,2,Partly Cloudy
Mumbai,India,2026-08-18,14:00:00,29.1,33.2,73,0.3,0.1,18.9,272,1008.7,69,51,Light Drizzle
Mumbai,India,2026-08-18,15:00:00,28.3,31.6,77,0.9,0.2,20.0,275,1008.0,92,53,Moderate Drizzle
Mumbai,India,2026-08-18,16:00:00,28.0,31.1,78,0.7,0.3,19.1,279,1007.5,89,53,Moderate Drizzle
Mumbai,India,2026-08-18,17:00:00,28.1,32.3,83,0.5,0.3,16.4,274,1007.4,35,53,Moderate Drizzle
Mumbai,India,2026-08-18,18:00:00,27.6,32.2,85,0.4,0.1,13.9,275,1007.9,38,51,Light Drizzle
Mumbai,India,2026-08-18,19:00:00,27.2,31.3,85,0.1,0.1,15.3,273,1008.2,45,51,Light Drizzle
Mumbai,India,2026-08-18,20:00:00,27.2,31.3,85,0.3,0.2,16.0,270,1008.7,27,51,Light Drizzle
Mumbai,India,2026-08-18,21:00:00,27.1,31.2,87,0.1,0.0,16.0,267,1009.0,43,51,Light Drizzle
Mumbai,India,2026-08-18,22:00:00,26.8,31.0,88,0.0,0.0,15.3,262,1009.5,49,1,Mainly Clear
Mumbai,India,2026-08-18,23:00:00,26.8,31.0,87,0.1,0.1,15.1,262,1008.9,98,51,Light Drizzle
Mumbai,India,2026-08-19,00:00:00,27.0,31.0,85,0.2,0.2,15.0,267,1008.4,99,51,Light Drizzle
Mumbai,India,2026-08-19,01:00:00,27.1,31.2,84,0.0,0.0,14.4,266,1008.0,97,3,Overcast
Mumbai,India,2026-08-19,02:00:00,26.0,29.9,88,0.1,0.0,13.8,264,1007.6,100,51,Light Drizzle
Mumbai,India,2026-08-19,03:00:00,26.3,30.7,88,0.1,0.1,12.3,263,1007.5,98,51,Light Drizzle
Mumbai,India,2026-08-19,04:00:00,26.2,30.1,87,0.4,0.3,14.1,272,1007.6,100,51,Light Drizzle
Mumbai,India,2026-08-19,05:00:00,26.3,31.1,91,0.4,0.2,11.2,276,1007.5,100,51,Light Drizzle
Mumbai,India,2026-08-19,06:00:00,26.7,31.7,91,0.0,0.0,12.3,278,1007.7,100,3,Overcast
Mumbai,India,2026-08-19,07:00:00,27.4,32.0,87,0.0,0.0,13.7,275,1008.1,100,3,Overcast
Mumbai,India,2026-08-19,08:00:00,27.2,31.0,82,0.2,0.0,14.6,272,1008.7,99,51,Light Drizzle
Mumbai,India,2026-08-19,09:00:00,28.0,32.2,80,0.1,0.1,14.1,274,1009.4,100,51,Light Drizzle
Mumbai,India,2026-08-19,10:00:00,28.4,32.8,81,0.7,0.1,14.8,273,1009.9,100,53,Moderate Drizzle
Mumbai,India,2026-08-19,11:00:00,28.4,32.2,77,0.5,0.1,15.3,261,1009.7,99,53,Moderate Drizzle
Mumbai,India,2026-08-19,12:00:00,28.7,34.0,78,0.6,0.1,16.2,257,1009.6,56,53,Moderate Drizzle
Mumbai,India,2026-08-19,13:00:00,28.2,33.0,78,0.3,0.1,17.4,276,1009.3,83,51,Light Drizzle
Mumbai,India,2026-08-19,14:00:00,29.1,33.6,77,0.0,0.0,17.1,272,1008.3,97,3,Overcast
Mumbai,India,2026-08-19,15:00:00,29.0,33.0,75,0.1,0.1,18.1,276,1008.0,97,51,Light Drizzle
Mumbai,India,2026-08-19,16:00:00,28.5,32.0,77,0.4,0.2,17.5,275,1007.9,97,51,Light Drizzle
Mumbai,India,2026-08-19,17:00:00,28.1,31.8,78,0.5,0.1,15.4,280,1008.0,100,53,Moderate Drizzle
Mumbai,India,2026-08-19,18:00:00,27.9,31.9,81,0.2,0.1,15.1,279,1008.4,100,51,Light Drizzle
Mumbai,India,2026-08-19,19:00:00,27.5,31.9,84,0.0,0.0,14.0,270,1008.5,100,3,Overcast
Mumbai,India,2026-08-19,20:00:00,27.5,31.8,84,0.0,0.0,14.1,267,1009.1,100,3,Overcast
Mumbai,India,2026-08-19,21:00:00,27.4,31.8,85,0.0,0.0,14.1,265,1009.4,100,3,Overcast
Mumbai,India,2026-08-19,22:00:00,27.2,31.6,86,0.1,0.1,14.3,263,1009.8,100,51,Light Drizzle
Mumbai,India,2026-08-19,23:00:00,26.9,31.4,88,0.1,0.1,14.1,260,1009.4,100,51,Light Drizzle
Mumbai,India,2026-08-20,00:00:00,26.8,31.0,88,0.2,0.2,15.2,259,1008.7,98,51,Light Drizzle
Mumbai,India,2026-08-20,01:00:00,25.9,30.1,91,0.2,0.1,14.5,263,1008.3,98,51,Light Drizzle
Mumbai,India,2026-08-20,02:00:00,26.7,31.1,89,0.2,0.2,14.1,273,1008.1,98,51,Light Drizzle
Mumbai,India,2026-08-20,03:00:00,26.4,30.6,89,0.1,0.1,14.8,273,1008.0,98,51,Light Drizzle
Mumbai,India,2026-08-20,04:00:00,26.7,30.6,85,0.1,0.1,13.9,275,1007.9,100,51,Light Drizzle
Mumbai,India,2026-08-20,05:00:00,26.8,30.7,85,0.1,0.1,15.9,273,1007.6,92,51,Light Drizzle
Mumbai,India,2026-08-20,06:00:00,26.9,31.1,85,0.0,0.0,13.5,270,1008.1,60,2,Partly Cloudy
Mumbai,India,2026-08-20,07:00:00,27.3,31.4,83,0.1,0.1,13.4,265,1008.6,38,51,Light Drizzle
Mumbai,India,2026-08-20,08:00:00,27.7,31.7,80,0.3,0.2,13.5,280,1009.3,77,51,Light Drizzle
Mumbai,India,2026-08-20,09:00:00,28.4,32.1,76,0.3,0.2,15.7,279,1009.6,60,51,Light Drizzle
Mumbai,India,2026-08-20,10:00:00,28.7,32.7,75,0.0,0.0,16.3,277,1009.6,55,2,Partly Cloudy
Mumbai,India,2026-08-20,11:00:00,28.8,34.1,78,0.1,0.0,15.8,277,1009.7,38,51,Light Drizzle
Mumbai,India,2026-08-20,12:00:00,29.3,34.8,75,0.0,0.0,16.4,279,1009.4,10,0,Clear Sky
Mumbai,India,2026-08-20,13:00:00,29.7,34.6,69,0.0,0.0,16.2,280,1008.7,59,2,Partly Cloudy
Mumbai,India,2026-08-20,14:00:00,29.7,34.8,70,0.0,0.0,15.6,277,1007.9,6,0,Clear Sky
Mumbai,India,2026-08-20,15:00:00,29.2,34.0,73,0.0,0.0,15.2,275,1007.4,13,0,Clear Sky
Mumbai,India,2026-08-20,16:00:00,28.9,32.7,74,0.1,0.0,15.0,273,1007.3,16,51,Light Drizzle
Mumbai,India,2026-08-20,17:00:00,28.8,32.5,74,0.1,0.1,14.4,268,1007.2,11,51,Light Drizzle
Mumbai,India,2026-08-20,18:00:00,28.2,32.2,77,0.0,0.0,13.0,264,1007.4,18,0,Clear Sky
Mumbai,India,2026-08-20,19:00:00,27.8,31.7,78,0.0,0.0,13.2,260,1007.9,30,1,Mainly Clear
Mumbai,India,2026-08-20,20:00:00,27.6,31.7,80,0.0,0.0,12.7,258,1008.4,23,1,Mainly Clear
Mumbai,India,2026-08-20,21:00:00,27.4,31.6,82,0.0,0.0,12.7,258,1008.7,23,1,Mainly Clear
Mumbai,India,2026-08-20,22:00:00,27.3,31.5,83,0.1,0.1,13.1,258,1009.1,22,51,Light Drizzle
Mumbai,India,2026-08-20,23:00:00,26.4,30.3,85,0.1,0.0,13.1,262,1008.6,73,51,Light Drizzle
Mumbai,India,2026-08-21,00:00:00,26.4,30.7,86,0.3,0.3,11.9,255,1008.2,21,51,Light Drizzle
Mumbai,India,2026-08-21,01:00:00,26.1,30.2,87,0.5,0.2,12.1,263,1007.9,73,53,Moderate Drizzle
Mumbai,India,2026-08-21,02:00:00,26.3,30.5,84,0.3,0.2,10.7,261,1007.8,60,51,Light Drizzle
Mumbai,India,2026-08-21,03:00:00,26.2,30.0,83,0.1,0.1,11.2,272,1007.4,84,51,Light Drizzle
Mumbai,India,2026-08-21,04:00:00,25.4,30.0,88,0.8,0.6,7.1,280,1007.6,83,53,Moderate Drizzle
Mumbai,India,2026-08-21,05:00:00,25.9,30.2,86,0.9,0.5,9.9,270,1007.4,77,53,Moderate Drizzle
Mumbai,India,2026-08-21,06:00:00,26.4,30.4,83,0.4,0.1,11.1,257,1007.6,41,51,Light Drizzle
Mumbai,India,2026-08-21,07:00:00,27.0,31.1,82,0.6,0.0,11.2,260,1008.1,62,53,Moderate Drizzle
Mumbai,India,2026-08-21,08:00:00,28.0,31.8,77,0.3,0.0,14.2,263,1008.6,96,51,Light Drizzle
Mumbai,India,2026-08-21,09:00:00,28.4,31.9,75,0.4,0.0,15.9,260,1008.9,96,51,Light Drizzle
Mumbai,India,2026-08-21,10:00:00,28.5,32.4,78,0.4,0.1,16.1,256,1008.8,71,51,Light Drizzle
Mumbai,India,2026-08-21,11:00:00,28.7,32.6,74,0.4,0.3,16.0,267,1008.7,40,51,Light Drizzle
Mumbai,India,2026-08-21,12:00:00,28.9,32.8,72,0.3,0.1,19.0,263,1008.2,86,51,Light Drizzle
Mumbai,India,2026-08-21,13:00:00,28.8,32.6,74,0.5,0.3,18.0,263,1007.8,31,53,Moderate Drizzle
Mumbai,India,2026-08-21,14:00:00,28.8,32.7,74,0.4,0.3,19.6,262,1007.1,47,51,Light Drizzle
Mumbai,India,2026-08-21,15:00:00,28.5,32.0,76,0.3,0.2,19.5,268,1006.7,57,51,Light Drizzle
Mumbai,India,2026-08-21,16:00:00,28.0,31.1,76,0.4,0.2,17.2,263,1006.4,100,51,Light Drizzle
Mumbai,India,2026-08-21,17:00:00,28.1,31.5,76,1.0,0.5,15.7,270,1006.4,44,55,Heavy Drizzle
Mumbai,India,2026-08-21,18:00:00,27.9,31.6,77,0.1,0.0,14.1,268,1006.6,37,51,Light Drizzle
Mumbai,India,2026-08-21,19:00:00,27.6,31.3,77,0.1,0.1,12.9,264,1007.3,47,51,Light Drizzle
Mumbai,India,2026-08-21,20:00:00,27.5,31.4,77,0.1,0.0,11.5,256,1007.7,38,51,Light Drizzle
Mumbai,India,2026-08-21,21:00:00,27.5,31.4,77,0.2,0.1,11.2,255,1008.2,48,51,Light Drizzle
Mumbai,India,2026-08-21,22:00:00,26.9,31.1,81,0.6,0.2,10.6,247,1008.7,87,53,Moderate Drizzle
Mumbai,India,2026-08-21,23:00:00,26.6,31.1,84,0.5,0.1,8.9,245,1008.4,84,53,Moderate Drizzle
Mumbai,India,2026-08-22,00:00:00,26.0,30.7,87,0.2,0.0,7.9,249,1007.9,91,51,Light Drizzle
Mumbai,India,2026-08-22,01:00:00,26.0,31.0,87,0.3,0.2,6.0,243,1007.5,82,51,Light Drizzle
Mumbai,India,2026-08-22,02:00:00,25.8,30.7,88,0.3,0.2,7.1,246,1006.8,98,51,Light Drizzle
Mumbai,India,2026-08-22,03:00:00,26.0,30.9,87,0.3,0.1,7.2,251,1006.4,100,51,Light Drizzle
Mumbai,India,2026-08-22,04:00:00,24.7,29.7,93,1.6,1.0,5.6,243,1006.9,97,80,Light Rain Showers
Mumbai,India,2026-08-22,05:00:00,25.6,30.6,90,2.3,1.8,6.5,212,1006.7,46,80,Light Rain Showers
Mumbai,India,2026-08-22,06:00:00,25.8,30.5,89,0.4,0.2,8.7,218,1007.3,88,51,Light Drizzle
Mumbai,India,2026-08-22,07:00:00,26.2,30.9,89,1.0,0.6,9.8,229,1007.8,78,55,Heavy Drizzle
Mumbai,India,2026-08-22,08:00:00,27.0,32.2,88,0.3,0.1,9.2,254,1008.2,100,51,Light Drizzle
Mumbai,India,2026-08-22,09:00:00,27.3,32.3,85,0.6,0.3,9.5,259,1008.7,98,53,Moderate Drizzle
Mumbai,India,2026-08-22,10:00:00,26.5,31.3,86,2.5,1.6,8.9,291,1009.1,100,81,Moderate Rain Showers
Mumbai,India,2026-08-22,11:00:00,29.0,31.3,68,3.1,1.6,20.0,270,1008.4,83,81,Moderate Rain Showers
Mumbai,India,2026-08-22,12:00:00,28.6,32.5,79,0.6,0.4,18.0,273,1007.7,95,53,Moderate Drizzle
Mumbai,India,2026-08-22,13:00:00,28.5,33.4,79,0.2,0.0,18.8,274,1007.3,91,51,Light Drizzle
Mumbai,India,2026-08-22,14:00:00,28.7,32.9,79,0.1,0.0,19.3,270,1006.5,96,51,Light Drizzle
Mumbai,India,2026-08-22,15:00:00,28.8,32.7,76,0.0,0.0,18.5,278,1006.1,92,3,Overcast
Mumbai,India,2026-08-22,16:00:00,28.1,31.1,75,0.3,0.1,17.5,278,1005.7,99,51,Light Drizzle
Mumbai,India,2026-08-22,17:00:00,28.2,32.6,82,0.3,0.1,14.8,271,1005.5,81,51,Light Drizzle
Mumbai,India,2026-08-22,18:00:00,27.3,31.5,84,0.6,0.2,14.4,271,1005.7,91,53,Moderate Drizzle
Mumbai,India,2026-08-22,19:00:00,27.2,31.7,85,0.1,0.1,13.5,269,1006.3,93,51,Light Drizzle
Mumbai,India,2026-08-22,20:00:00,26.6,31.0,85,0.3,0.2,10.8,266,1006.9,100,51,Light Drizzle
Mumbai,India,2026-08-22,21:00:00,26.0,30.6,89,0.7,0.4,9.7,272,1007.5,100,53,Moderate Drizzle
Mumbai,India,2026-08-22,22:00:00,26.5,31.6,89,0.3,0.2,8.8,268,1007.7,100,51,Light Drizzle
Mumbai,India,2026-08-22,23:00:00,27.0,31.3,85,0.3,0.1,13.4,252,1007.2,99,51,Light Drizzle
Mumbai,India,2026-08-23,00:00:00,26.3,31.0,90,0.6,0.2,11.7,243,1006.5,84,53,Moderate Drizzle
Mumbai,India,2026-08-23,01:00:00,26.3,30.8,88,0.2,0.1,11.8,254,1006.0,73,51,Light Drizzle
Mumbai,India,2026-08-23,02:00:00,26.2,30.3,86,0.8,0.4,12.1,258,1005.7,73,53,Moderate Drizzle
Mumbai,India,2026-08-23,03:00:00,26.0,30.4,89,0.4,0.2,11.6,258,1005.4,74,51,Light Drizzle
Mumbai,India,2026-08-23,04:00:00,26.0,30.5,88,0.2,0.2,9.6,256,1005.6,80,51,Light Drizzle
Mumbai,India,2026-08-23,05:00:00,26.9,31.4,83,0.4,0.2,9.2,263,1005.3,100,51,Light Drizzle
Mumbai,India,2026-08-23,06:00:00,26.7,30.6,78,0.8,0.4,8.7,256,1005.9,100,53,Moderate Drizzle
Mumbai,India,2026-08-23,07:00:00,27.0,31.0,79,1.1,0.1,10.9,254,1006.7,100,55,Heavy Drizzle
Mumbai,India,2026-08-23,08:00:00,27.4,32.3,88,0.4,0.2,12.6,253,1007.2,82,51,Light Drizzle
Mumbai,India,2026-08-23,09:00:00,28.1,32.8,83,0.0,0.0,13.8,259,1007.6,55,2,Partly Cloudy
Mumbai,India,2026-08-23,10:00:00,28.8,32.9,78,0.0,0.0,15.4,263,1007.9,73,2,Partly Cloudy
Mumbai,India,2026-08-23,11:00:00,28.6,33.1,78,0.1,0.1,15.7,257,1007.8,58,51,Light Drizzle
Mumbai,India,2026-08-23,12:00:00,29.0,33.8,77,0.0,0.0,17.0,261,1007.6,30,1,Mainly Clear
Mumbai,India,2026-08-23,13:00:00,29.3,34.7,75,0.1,0.1,16.3,263,1007.0,18,51,Light Drizzle
Mumbai,India,2026-08-23,14:00:00,29.1,34.1,76,0.1,0.1,16.7,264,1006.4,22,51,Light Drizzle
Mumbai,India,2026-08-23,15:00:00,29.0,33.5,76,0.1,0.1,16.2,262,1006.2,23,51,Light Drizzle
Mumbai,India,2026-08-23,16:00:00,28.7,32.4,76,0.1,0.1,16.2,262,1005.8,23,51,Light Drizzle
Mumbai,India,2026-08-23,17:00:00,28.6,32.5,77,0.2,0.1,15.4,259,1005.9,25,51,Light Drizzle
Mumbai,India,2026-08-23,18:00:00,28.1,32.1,79,0.1,0.1,14.3,258,1006.0,41,51,Light Drizzle
Mumbai,India,2026-08-23,19:00:00,27.4,31.8,82,0.1,0.1,12.4,260,1006.9,47,51,Light Drizzle
Mumbai,India,2026-08-23,20:00:00,27.2,31.7,84,0.2,0.2,12.3,263,1007.4,95,51,Light Drizzle
Mumbai,India,2026-08-23,21:00:00,27.2,31.8,85,0.1,0.1,11.9,264,1008.0,93,51,Light Drizzle
Mumbai,India,2026-08-23,22:00:00,27.1,31.9,85,0.1,0.0,10.8,265,1008.5,84,51,Light Drizzle
Mumbai,India,2026-08-23,23:00:00,26.8,31.8,86,0.1,0.0,8.7,253,1007.9,96,51,Light Drizzle
Mumbai,India,2026-08-24,00:00:00,26.4,31.7,89,0.4,0.1,6.5,265,1007.3,83,51,Light Drizzle
Mumbai,India,2026-08-24,01:00:00,26.2,31.9,90,0.2,0.1,4.5,268,1006.9,37,51,Light Drizzle
Mumbai,India,2026-08-24,02:00:00,26.0,31.5,91,0.1,0.0,5.8,261,1006.1,76,51,Light Drizzle
Mumbai,India,2026-08-24,03:00:00,26.0,31.1,90,0.1,0.1,7.9,258,1005.9,35,51,Light Drizzle
Mumbai,India,2026-08-24,04:00:00,25.8,31.1,91,0.1,0.0,6.3,267,1006.1,51,51,Light Drizzle
Mumbai,India,2026-08-24,05:00:00,26.0,31.9,93,0.1,0.1,4.0,262,1006.0,96,51,Light Drizzle
Mumbai,India,2026-08-24,06:00:00,26.4,32.2,91,0.0,0.0,5.7,298,1006.3,41,1,Mainly Clear
Mumbai,India,2026-08-24,07:00:00,27.2,32.8,88,0.0,0.0,8.0,293,1007.2,91,3,Overcast
Mumbai,India,2026-08-24,08:00:00,28.0,33.1,81,0.1,0.1,8.4,295,1007.5,92,51,Light Drizzle
Mumbai,India,2026-08-24,09:00:00,28.0,32.8,80,0.2,0.1,9.3,283,1008.1,82,51,Light Drizzle
Mumbai,India,2026-08-24,10:00:00,28.5,33.0,77,0.3,0.2,11.4,285,1008.4,93,51,Light Drizzle
Mumbai,India,2026-08-24,11:00:00,28.7,34.1,77,0.1,0.0,10.0,285,1007.9,90,51,Light Drizzle
Mumbai,India,2026-08-24,12:00:00,28.9,34.6,79,0.7,0.3,13.2,264,1007.6,97,53,Moderate Drizzle
Mumbai,India,2026-08-24,13:00:00,28.9,34.5,80,0.2,0.1,14.3,276,1007.2,98,51,Light Drizzle
Mumbai,India,2026-08-24,14:00:00,28.9,34.6,79,0.1,0.0,14.9,282,1006.6,98,51,Light Drizzle
Mumbai,India,2026-08-24,15:00:00,28.9,33.2,76,0.3,0.2,15.5,283,1006.3,88,51,Light Drizzle
Mumbai,India,2026-08-24,16:00:00,28.9,32.4,74,0.5,0.2,16.8,280,1005.8,98,53,Moderate Drizzle
Mumbai,India,2026-08-24,17:00:00,27.9,32.1,81,0.1,0.0,14.8,271,1005.8,68,51,Light Drizzle
Mumbai,India,2026-08-24,18:00:00,27.5,31.7,82,0.1,0.1,13.9,270,1006.3,84,51,Light Drizzle
Mumbai,India,2026-08-24,19:00:00,27.0,31.4,86,0.3,0.2,13.3,271,1006.8,89,51,Light Drizzle
Mumbai,India,2026-08-24,20:00:00,27.1,31.7,86,0.1,0.1,12.8,269,1007.5,95,51,Light Drizzle
Mumbai,India,2026-08-24,21:00:00,27.0,31.7,86,0.1,0.1,11.5,271,1008.0,98,51,Light Drizzle
Mumbai,India,2026-08-24,22:00:00,26.9,31.7,86,0.1,0.1,10.6,273,1008.4,86,51,Light Drizzle
Mumbai,India,2026-08-24,23:00:00,26.6,31.1,86,0.1,0.1,11.5,267,1008.2,92,51,Light Drizzle
Mumbai,India,2026-08-25,00:00:00,26.4,31.1,88,0.5,0.3,9.9,275,1007.6,55,53,Moderate Drizzle
Mumbai,India,2026-08-25,01:00:00,26.0,30.7,90,0.0,0.0,10.6,268,1007.3,67,2,Partly Cloudy
Mumbai,India,2026-08-25,02:00:00,26.3,30.8,87,0.2,0.1,10.5,287,1006.5,77,51,Light Drizzle
Mumbai,India,2026-08-25,03:00:00,26.3,30.8,85,0.1,0.1,9.8,294,1006.1,74,51,Light Drizzle
Mumbai,India,2026-08-25,04:00:00,25.7,30.4,88,0.3,0.1,7.3,290,1006.2,81,51,Light Drizzle
Mumbai,India,2026-08-25,05:00:00,26.3,31.5,89,0.3,0.1,7.5,291,1006.0,79,51,Light Drizzle
Mumbai,India,2026-08-25,06:00:00,25.9,31.1,90,0.5,0.2,6.1,273,1006.7,79,53,Moderate Drizzle
Mumbai,India,2026-08-25,07:00:00,26.5,32.0,88,0.3,0.1,5.7,298,1007.1,78,51,Light Drizzle
Mumbai,India,2026-08-25,08:00:00,27.5,32.6,81,0.5,0.2,6.3,283,1007.7,77,53,Moderate Drizzle
Mumbai,India,2026-08-25,09:00:00,28.8,32.8,70,0.4,0.2,9.6,278,1008.1,65,51,Light Drizzle
Mumbai,India,2026-08-25,10:00:00,29.4,33.8,69,0.2,0.0,11.9,267,1008.5,96,51,Light Drizzle
Mumbai,India,2026-08-25,11:00:00,28.6,33.5,75,0.3,0.0,12.8,267,1008.7,99,51,Light Drizzle
Mumbai,India,2026-08-25,12:00:00,29.3,34.9,74,0.4,0.2,14.2,269,1008.3,99,51,Light Drizzle
Mumbai,India,2026-08-25,13:00:00,29.3,34.9,74,0.4,0.1,13.0,265,1007.5,99,51,Light Drizzle
Mumbai,India,2026-08-25,14:00:00,29.1,34.1,74,0.6,0.1,15.3,269,1006.7,99,53,Moderate Drizzle
Mumbai,India,2026-08-25,15:00:00,28.8,32.7,74,0.4,0.0,14.8,273,1006.6,88,51,Light Drizzle
Mumbai,India,2026-08-25,16:00:00,28.9,32.8,75,0.2,0.0,14.4,271,1006.3,35,51,Light Drizzle
Mumbai,India,2026-08-25,17:00:00,28.9,32.9,75,0.1,0.1,14.2,268,1006.4,30,51,Light Drizzle
Mumbai,India,2026-08-25,18:00:00,28.1,32.5,80,0.1,0.0,11.9,271,1006.8,66,51,Light Drizzle
Mumbai,India,2026-08-25,19:00:00,27.7,32.0,81,0.1,0.0,12.0,277,1007.5,59,51,Light Drizzle
Mumbai,India,2026-08-25,20:00:00,27.5,31.7,82,0.0,0.0,13.1,279,1008.1,57,2,Partly Cloudy
Mumbai,India,2026-08-25,21:00:00,27.4,31.7,83,0.1,0.1,13.3,279,1008.8,77,51,Light Drizzle
Mumbai,India,2026-08-25,22:00:00,26.5,30.5,85,0.8,0.1,12.9,278,1009.2,66,53,Moderate Drizzle
Mumbai,India,2026-08-25,23:00:00,26.9,31.3,85,0.5,0.1,11.7,269,1009.2,72,53,Moderate Drizzle
Mumbai,India,2026-08-26,00:00:00,26.8,31.3,85,0.0,0.0,10.2,279,1008.8,63,2,Partly Cloudy
Mumbai,India,2026-08-26,01:00:00,26.9,31.3,83,0.1,0.1,10.8,280,1008.3,41,51,Light Drizzle
Mumbai,India,2026-08-26,02:00:00,26.6,30.9,85,0.0,0.0,11.0,275,1008.0,30,1,Mainly Clear
Mumbai,India,2026-08-26,03:00:00,26.6,31.0,85,0.0,0.0,10.3,275,1007.6,42,1,Mainly Clear
Mumbai,India,2026-08-26,04:00:00,26.5,31.0,85,0.0,0.0,9.6,273,1007.6,16,0,Clear Sky
Mumbai,India,2026-08-26,05:00:00,26.1,31.0,88,0.0,0.0,7.9,269,1007.8,12,0,Clear Sky
Mumbai,India,2026-08-26,06:00:00,26.2,31.3,88,0.0,0.0,6.5,275,1008.1,42,1,Mainly Clear
Mumbai,India,2026-08-26,07:00:00,26.7,31.7,86,0.3,0.1,7.9,283,1008.6,56,51,Light Drizzle
Mumbai,India,2026-08-26,08:00:00,27.2,31.8,82,0.3,0.1,9.5,259,1009.2,87,51,Light Drizzle
Mumbai,India,2026-08-26,09:00:00,27.8,32.1,79,0.6,0.3,11.1,287,1009.6,58,53,Moderate Drizzle
Mumbai,India,2026-08-26,10:00:00,28.3,33.1,79,0.4,0.2,11.9,284,1009.5,79,51,Light Drizzle
Mumbai,India,2026-08-26,11:00:00,29.4,34.6,73,0.4,0.0,13.7,275,1009.0,26,51,Light Drizzle
Mumbai,India,2026-08-26,12:00:00,29.1,34.4,75,0.8,0.0,16.2,268,1008.7,46,53,Moderate Drizzle
Mumbai,India,2026-08-26,13:00:00,29.4,35.4,76,0.3,0.1,14.9,272,1008.3,13,51,Light Drizzle
Mumbai,India,2026-08-26,14:00:00,29.4,35.3,76,0.0,0.0,14.8,269,1007.7,39,1,Mainly Clear
Mumbai,India,2026-08-26,15:00:00,28.8,33.5,78,0.0,0.0,14.6,274,1007.3,63,2,Partly Cloudy
Mumbai,India,2026-08-26,16:00:00,28.4,32.7,80,0.1,0.1,14.5,278,1006.8,22,51,Light Drizzle
Mumbai,India,2026-08-26,17:00:00,28.4,32.7,79,0.1,0.0,14.3,277,1007.0,49,51,Light Drizzle
Mumbai,India,2026-08-26,18:00:00,27.9,32.4,82,0.1,0.0,12.5,275,1007.3,16,51,Light Drizzle
Mumbai,India,2026-08-26,19:00:00,27.5,32.3,83,0.1,0.1,10.5,265,1007.8,75,51,Light Drizzle
Mumbai,India,2026-08-26,20:00:00,27.3,32.1,84,0.1,0.0,10.3,266,1008.4,52,51,Light Drizzle
Mumbai,India,2026-08-26,21:00:00,27.2,32.0,84,0.1,0.1,10.3,258,1009.0,77,51,Light Drizzle
Mumbai,India,2026-08-26,22:00:00,26.9,31.6,85,0.1,0.0,9.9,258,1009.6,74,51,Light Drizzle
Mumbai,India,2026-08-26,23:00:00,26.8,31.1,84,0.3,0.2,11.2,255,1009.1,52,51,Light Drizzle
Mumbai,India,2026-08-27,00:00:00,26.4,30.9,87,0.7,0.2,10.9,250,1008.8,80,53,Moderate Drizzle
Mumbai,India,2026-08-27,01:00:00,26.4,30.6,87,0.5,0.1,12.9,252,1008.3,68,53,Moderate Drizzle
Mumbai,India,2026-08-27,02:00:00,26.1,30.4,89,0.5,0.1,12.8,251,1008.1,49,53,Moderate Drizzle
Mumbai,India,2026-08-27,03:00:00,26.2,29.8,84,0.2,0.0,13.9,256,1007.4,55,51,Light Drizzle
Mumbai,India,2026-08-27,04:00:00,26.1,30.3,90,0.2,0.1,13.6,253,1007.5,34,51,Light Drizzle
Mumbai,India,2026-08-27,05:00:00,26.5,30.5,86,0.4,0.1,13.7,265,1007.7,35,51,Light Drizzle
Mumbai,India,2026-08-27,06:00:00,26.3,30.1,86,0.3,0.1,14.7,262,1007.8,69,51,Light Drizzle
Mumbai,India,2026-08-27,07:00:00,26.9,30.8,84,0.2,0.1,14.9,261,1008.4,38,51,Light Drizzle
Mumbai,India,2026-08-27,08:00:00,27.7,31.3,78,0.2,0.1,15.6,263,1009.0,42,51,Light Drizzle
Mumbai,India,2026-08-27,09:00:00,28.4,31.6,74,0.1,0.1,17.4,259,1009.2,29,51,Light Drizzle
Mumbai,India,2026-08-27,10:00:00,28.6,32.0,73,0.2,0.2,16.4,266,1009.5,55,51,Light Drizzle
Mumbai,India,2026-08-27,11:00:00,29.1,33.3,72,0.4,0.2,16.9,263,1009.3,34,51,Light Drizzle
Mumbai,India,2026-08-27,12:00:00,29.6,34.4,69,0.1,0.0,16.9,277,1008.8,20,51,Light Drizzle
Mumbai,India,2026-08-27,13:00:00,29.4,34.4,70,0.3,0.1,16.7,269,1008.2,26,51,Light Drizzle
Mumbai,India,2026-08-27,14:00:00,29.2,33.8,72,0.2,0.1,17.8,277,1007.3,17,51,Light Drizzle
Mumbai,India,2026-08-27,15:00:00,28.7,32.9,74,0.3,0.1,16.8,279,1007.1,90,51,Light Drizzle
Mumbai,India,2026-08-27,16:00:00,28.5,31.9,75,0.4,0.1,16.2,278,1006.8,53,51,Light Drizzle
Mumbai,India,2026-08-27,17:00:00,28.9,32.2,71,0.1,0.0,15.7,273,1006.9,33,51,Light Drizzle
Mumbai,India,2026-08-27,18:00:00,27.8,31.5,78,0.3,0.1,14.2,271,1007.2,55,51,Light Drizzle
Mumbai,India,2026-08-27,19:00:00,27.4,31.1,78,0.6,0.2,13.2,277,1007.7,49,53,Moderate Drizzle
Mumbai,India,2026-08-27,20:00:00,27.3,31.3,82,0.4,0.2,13.4,266,1008.3,47,51,Light Drizzle
Mumbai,India,2026-08-27,21:00:00,26.8,30.9,84,0.3,0.2,13.5,269,1008.8,56,51,Light Drizzle
Mumbai,India,2026-08-27,22:00:00,26.9,31.1,84,0.4,0.1,12.7,264,1009.0,37,51,Light Drizzle
Mumbai,India,2026-08-27,23:00:00,27.1,31.1,84,0.3,0.0,15.0,257,1008.5,20,51,Light Drizzle
Mumbai,India,2026-08-28,00:00:00,27.0,30.8,83,0.2,0.0,15.6,258,1008.1,76,51,Light Drizzle
Mumbai,India,2026-08-28,01:00:00,27.0,30.7,83,0.1,0.0,15.7,260,1007.9,52,51,Light Drizzle
Mumbai,India,2026-08-28,02:00:00,26.7,30.3,84,0.1,0.0,15.7,264,1007.2,55,51,Light Drizzle
Mumbai,India,2026-08-28,03:00:00,26.6,30.2,84,0.1,0.0,15.6,262,1007.0,52,51,Light Drizzle
Mumbai,India,2026-08-28,04:00:00,26.9,30.5,83,0.1,0.1,15.5,265,1007.1,25,51,Light Drizzle
Mumbai,India,2026-08-28,05:00:00,27.1,30.3,80,0.0,0.0,16.8,261,1007.3,97,3,Overcast
Mumbai,India,2026-08-28,06:00:00,26.8,30.7,85,0.7,0.1,15.1,255,1007.6,93,53,Moderate Drizzle
Mumbai,India,2026-08-28,07:00:00,27.2,31.5,86,0.0,0.0,14.8,264,1008.4,77,2,Partly Cloudy
Mumbai,India,2026-08-28,08:00:00,28.1,30.8,73,0.5,0.1,17.3,269,1008.8,91,53,Moderate Drizzle
Mumbai,India,2026-08-28,09:00:00,28.1,31.2,75,0.3,0.2,17.1,273,1008.9,94,51,Light Drizzle
Mumbai,India,2026-08-28,10:00:00,28.2,31.7,75,0.4,0.3,18.2,272,1009.1,78,51,Light Drizzle
Mumbai,India,2026-08-28,11:00:00,28.2,31.7,74,0.2,0.1,19.5,265,1008.9,47,51,Light Drizzle
Mumbai,India,2026-08-28,12:00:00,28.2,32.0,74,0.3,0.1,20.5,267,1008.7,56,51,Light Drizzle
Mumbai,India,2026-08-28,13:00:00,29.0,32.7,76,0.2,0.1,21.1,271,1008.1,76,51,Light Drizzle
Mumbai,India,2026-08-28,14:00:00,29.1,33.4,75,0.1,0.1,21.1,274,1007.5,55,51,Light Drizzle
Mumbai,India,2026-08-28,15:00:00,29.0,32.9,75,0.1,0.0,19.8,274,1007.2,16,51,Light Drizzle
Mumbai,India,2026-08-28,16:00:00,28.6,31.9,76,0.1,0.0,18.9,272,1006.8,29,51,Light Drizzle
Mumbai,India,2026-08-28,17:00:00,27.5,30.5,79,0.2,0.0,19.4,271,1006.9,38,51,Light Drizzle
Mumbai,India,2026-08-28,18:00:00,28.1,31.3,77,0.3,0.1,17.3,274,1007.4,84,51,Light Drizzle
Mumbai,India,2026-08-28,19:00:00,27.4,30.9,79,0.4,0.2,15.0,277,1007.8,94,51,Light Drizzle
Mumbai,India,2026-08-28,20:00:00,27.0,30.9,84,0.5,0.2,14.5,281,1008.3,98,53,Moderate Drizzle
Mumbai,India,2026-08-28,21:00:00,27.2,31.2,82,0.2,0.2,13.8,276,1009.1,94,51,Light Drizzle
Mumbai,India,2026-08-28,22:00:00,27.0,30.9,83,0.1,0.1,14.2,270,1009.4,90,51,Light Drizzle
Mumbai,India,2026-08-28,23:00:00,26.9,30.6,84,0.2,0.1,15.8,259,1008.9,75,51,Light Drizzle
Mumbai,India,2026-08-29,00:00:00,27.0,30.5,83,0.0,0.0,16.8,255,1008.5,58,2,Partly Cloudy
Mumbai,India,2026-08-29,01:00:00,26.9,30.4,83,0.0,0.0,16.4,257,1008.2,58,2,Partly Cloudy
Mumbai,India,2026-08-29,02:00:00,26.8,30.4,84,0.0,0.0,15.7,259,1007.7,83,3,Overcast
Mumbai,India,2026-08-29,03:00:00,26.2,29.6,85,0.1,0.1,16.8,258,1007.7,95,51,Light Drizzle
Mumbai,India,2026-08-29,04:00:00,26.3,30.1,85,0.1,0.1,13.6,262,1007.6,94,51,Light Drizzle
Mumbai,India,2026-08-29,05:00:00,26.9,30.6,84,0.4,0.2,15.9,258,1007.3,91,51,Light Drizzle
Mumbai,India,2026-08-29,06:00:00,27.1,30.7,83,0.1,0.0,16.9,269,1007.7,53,51,Light Drizzle
Mumbai,India,2026-08-29,07:00:00,27.4,30.5,78,0.1,0.1,16.9,272,1008.3,88,51,Light Drizzle
Mumbai,India,2026-08-29,08:00:00,27.4,31.4,82,0.1,0.1,14.2,269,1008.9,94,51,Light Drizzle
Mumbai,India,2026-08-29,09:00:00,28.2,31.5,75,0.5,0.3,16.6,283,1009.4,100,53,Moderate Drizzle
Mumbai,India,2026-08-29,10:00:00,28.2,31.9,78,0.6,0.4,17.1,282,1009.6,98,53,Moderate Drizzle
Mumbai,India,2026-08-29,11:00:00,28.2,31.5,73,0.6,0.2,20.2,271,1009.7,90,53,Moderate Drizzle
Mumbai,India,2026-08-29,12:00:00,28.9,32.4,71,0.2,0.1,20.9,273,1009.4,85,51,Light Drizzle
Mumbai,India,2026-08-29,13:00:00,28.5,32.7,76,0.5,0.1,19.7,274,1008.9,99,53,Moderate Drizzle
Mumbai,India,2026-08-29,14:00:00,28.2,31.4,75,0.1,0.0,19.1,259,1008.3,100,51,Light Drizzle
Mumbai,India,2026-08-29,15:00:00,28.2,31.6,79,0.2,0.0,18.9,274,1007.8,100,51,Light Drizzle
Mumbai,India,2026-08-29,16:00:00,28.3,31.5,76,0.0,0.0,18.8,277,1007.5,92,3,Overcast
Mumbai,India,2026-08-29,17:00:00,27.9,31.2,80,0.1,0.1,19.6,278,1007.6,89,51,Light Drizzle
Mumbai,India,2026-08-29,18:00:00,27.7,31.0,79,0.1,0.1,17.9,276,1007.8,79,51,Light Drizzle
Mumbai,India,2026-08-29,19:00:00,26.8,30.0,81,0.4,0.4,16.1,284,1008.5,81,51,Light Drizzle
Mumbai,India,2026-08-29,20:00:00,27.0,30.4,81,0.1,0.1,15.5,278,1009.0,26,51,Light Drizzle
Mumbai,India,2026-08-29,21:00:00,26.9,30.7,83,0.1,0.0,14.6,275,1009.5,39,51,Light Drizzle
Mumbai,India,2026-08-29,22:00:00,27.1,30.6,81,0.1,0.1,15.7,272,1009.4,73,51,Light Drizzle
Mumbai,India,2026-08-29,23:00:00,27.2,30.7,79,0.1,0.1,14.7,262,1009.0,33,51,Light Drizzle
Mumbai,India,2026-08-30,00:00:00,26.9,30.5,80,0.1,0.1,14.1,263,1008.7,54,51,Light Drizzle
Mumbai,India,2026-08-30,01:00:00,26.9,30.6,80,0.1,0.1,13.3,261,1008.2,60,51,Light Drizzle
Mumbai,India,2026-08-30,02:00:00,26.8,30.1,81,0.2,0.1,15.2,256,1007.6,34,51,Light Drizzle
Mumbai,India,2026-08-30,03:00:00,26.6,30.2,84,0.0,0.0,15.6,251,1007.4,29,1,Mainly Clear
Mumbai,India,2026-08-30,04:00:00,26.6,30.2,84,0.0,0.0,16.2,251,1007.3,60,2,Partly Cloudy
Mumbai,India,2026-08-30,05:00:00,26.6,30.2,84,0.0,0.0,16.0,247,1007.4,65,2,Partly Cloudy
Mumbai,India,2026-08-30,06:00:00,26.8,30.4,83,0.1,0.1,15.9,252,1007.6,63,51,Light Drizzle
Mumbai,India,2026-08-30,07:00:00,27.2,31.0,82,0.3,0.0,14.7,259,1008.4,40,51,Light Drizzle
Mumbai,India,2026-08-30,08:00:00,27.8,31.3,79,0.2,0.0,16.6,261,1009.1,30,51,Light Drizzle
Mumbai,India,2026-08-30,09:00:00,28.4,31.7,77,0.2,0.0,18.7,263,1009.4,26,51,Light Drizzle
Mumbai,India,2026-08-30,10:00:00,28.9,32.5,74,0.1,0.0,18.8,266,1010.0,25,51,Light Drizzle
Mumbai,India,2026-08-30,11:00:00,29.1,33.5,73,0.2,0.0,17.4,259,1010.2,21,51,Light Drizzle
Mumbai,India,2026-08-30,12:00:00,29.4,34.1,70,0.2,0.0,18.7,263,1009.8,26,51,Light Drizzle
Mumbai,India,2026-08-30,13:00:00,29.5,33.9,70,0.3,0.0,19.5,265,1009.2,45,51,Light Drizzle
Mumbai,India,2026-08-30,14:00:00,29.3,33.2,71,0.3,0.0,20.2,266,1008.6,28,51,Light Drizzle
Mumbai,India,2026-08-30,15:00:00,29.1,32.6,72,0.2,0.0,19.5,265,1008.5,52,51,Light Drizzle
Mumbai,India,2026-08-30,16:00:00,28.7,31.7,74,0.1,0.0,19.3,266,1008.2,73,51,Light Drizzle
Mumbai,India,2026-08-30,17:00:00,28.5,31.8,75,0.0,0.0,17.3,270,1008.3,39,1,Mainly Clear
Mumbai,India,2026-08-30,18:00:00,27.7,31.5,80,0.1,0.0,15.3,273,1008.3,41,51,Light Drizzle
Mumbai,India,2026-08-30,19:00:00,27.4,31.3,81,0.1,0.1,14.5,275,1008.9,45,51,Light Drizzle
Mumbai,India,2026-08-30,20:00:00,27.4,31.2,81,0.0,0.0,14.6,271,1009.2,16,0,Clear Sky
Mumbai,India,2026-08-30,21:00:00,27.2,31.3,82,0.0,0.0,13.2,264,1009.8,12,0,Clear Sky
Mumbai,India,2026-08-30,22:00:00,27.1,31.3,83,0.0,0.0,12.8,265,1009.8,20,1,Mainly Clear
Mumbai,India,2026-08-30,23:00:00,26.4,30.8,87,0.1,0.1,11.6,251,1009.6,10,51,Light Drizzle
Mumbai,India,2026-08-31,00:00:00,26.3,30.5,85,0.0,0.0,11.1,253,1009.2,39,1,Mainly Clear
Mumbai,India,2026-08-31,01:00:00,26.3,30.2,84,0.4,0.2,11.5,259,1009.0,47,51,Light Drizzle
Mumbai,India,2026-08-31,02:00:00,26.6,30.1,82,0.2,0.1,14.0,263,1008.5,88,51,Light Drizzle
Mumbai,India,2026-08-31,03:00:00,26.6,30.1,81,0.2,0.0,13.5,262,1008.1,92,51,Light Drizzle
Mumbai,India,2026-08-31,04:00:00,26.4,29.7,83,0.2,0.0,15.3,261,1008.4,95,51,Light Drizzle
Mumbai,India,2026-08-31,05:00:00,26.3,30.4,87,0.1,0.1,13.0,269,1008.5,98,51,Light Drizzle
Mumbai,India,2026-08-31,06:00:00,26.6,30.2,82,0.1,0.1,13.7,271,1009.0,99,51,Light Drizzle
Mumbai,India,2026-08-31,07:00:00,27.2,30.9,80,0.1,0.0,13.1,277,1009.2,95,51,Light Drizzle
Mumbai,India,2026-08-31,08:00:00,27.9,31.5,77,0.0,0.0,14.3,274,1009.7,92,3,Overcast
Mumbai,India,2026-08-31,09:00:00,28.3,31.9,75,0.1,0.1,14.7,276,1009.9,70,51,Light Drizzle
Mumbai,India,2026-08-31,10:00:00,28.6,32.9,75,0.3,0.0,15.0,277,1010.0,50,51,Light Drizzle
Mumbai,India,2026-08-31,11:00:00,28.8,33.4,75,0.3,0.0,16.3,262,1010.2,28,51,Light Drizzle
Mumbai,India,2026-08-31,12:00:00,28.9,33.1,68,0.2,0.0,17.0,264,1009.6,48,51,Light Drizzle
Mumbai,India,2026-08-31,13:00:00,28.9,33.4,72,0.8,0.1,17.3,272,1008.8,37,53,Moderate Drizzle
Mumbai,India,2026-08-31,14:00:00,29.1,33.4,71,0.3,0.1,17.8,269,1008.3,63,51,Light Drizzle
Mumbai,India,2026-08-31,15:00:00,28.9,32.5,72,0.5,0.1,18.4,271,1007.7,78,53,Moderate Drizzle
Mumbai,India,2026-08-31,16:00:00,28.9,31.9,71,0.3,0.1,17.5,274,1007.1,17,51,Light Drizzle
Mumbai,India,2026-08-31,17:00:00,28.5,32.1,75,0.1,0.0,15.7,276,1007.3,21,51,Light Drizzle
Mumbai,India,2026-08-31,18:00:00,27.9,31.7,77,0.1,0.1,13.9,271,1007.4,40,51,Light Drizzle
Mumbai,India,2026-08-31,19:00:00,27.5,31.4,80,0.1,0.1,13.5,267,1008.1,43,51,Light Drizzle
Mumbai,India,2026-08-31,20:00:00,27.3,31.4,81,0.1,0.1,12.3,264,1008.7,78,51,Light Drizzle
Mumbai,India,2026-08-31,21:00:00,27.5,31.6,81,0.1,0.1,12.7,263,1009.2,67,51,Light Drizzle
Mumbai,India,2026-08-31,22:00:00,27.5,31.4,81,0.0,0.0,14.1,263,1009.4,67,2,Partly Cloudy
Mumbai,India,2026-08-31,23:00:00,26.9,30.9,83,0.0,0.0,13.4,259,1009.0,67,2,Partly Cloudy
Mumbai,India,2026-09-01,00:00:00,26.2,30.4,87,0.4,0.0,12.5,252,1008.6,66,51,Light Drizzle
Mumbai,India,2026-09-01,01:00:00,26.4,30.6,84,0.3,0.0,10.8,255,1008.1,31,51,Light Drizzle
Mumbai,India,2026-09-01,02:00:00,26.1,29.8,85,0.2,0.0,13.3,252,1007.4,45,51,Light Drizzle
Mumbai,India,2026-09-01,03:00:00,26.1,30.2,86,0.2,0.1,12.1,255,1007.1,47,51,Light Drizzle
Mumbai,India,2026-09-01,04:00:00,26.4,30.2,84,0.2,0.1,12.9,252,1007.0,27,51,Light Drizzle
Mumbai,India,2026-09-01,05:00:00,26.8,30.4,81,0.3,0.0,13.8,262,1007.0,49,51,Light Drizzle
Mumbai,India,2026-09-01,06:00:00,26.9,30.8,81,0.2,0.1,12.5,262,1007.7,38,51,Light Drizzle
Mumbai,India,2026-09-01,07:00:00,27.4,31.3,79,0.1,0.0,12.2,272,1008.3,53,51,Light Drizzle
Mumbai,India,2026-09-01,08:00:00,27.9,31.7,77,0.2,0.1,13.8,276,1008.9,70,51,Light Drizzle
Mumbai,India,2026-09-01,09:00:00,28.7,32.5,75,0.1,0.0,14.9,269,1009.3,36,51,Light Drizzle
Mumbai,India,2026-09-01,10:00:00,28.1,31.5,75,0.2,0.1,15.9,267,1009.7,64,51,Light Drizzle
Mumbai,India,2026-09-01,11:00:00,29.6,33.7,71,0.9,0.5,15.3,257,1009.6,48,53,Moderate Drizzle
Mumbai,India,2026-09-01,12:00:00,29.1,34.1,74,0.2,0.0,15.3,286,1009.4,49,51,Light Drizzle
Mumbai,India,2026-09-01,13:00:00,28.0,32.8,77,0.6,0.3,17.5,268,1008.9,83,53,Moderate Drizzle
Mumbai,India,2026-09-01,14:00:00,28.7,33.2,76,0.3,0.1,15.7,275,1008.4,32,51,Light Drizzle
Mumbai,India,2026-09-01,15:00:00,28.0,31.9,76,0.5,0.2,15.0,281,1008.0,75,53,Moderate Drizzle
Mumbai,India,2026-09-01,16:00:00,27.9,32.1,80,0.3,0.3,13.5,272,1007.7,43,51,Light Drizzle
Mumbai,India,2026-09-01,17:00:00,28.1,32.7,80,0.3,0.3,11.6,275,1008.0,82,51,Light Drizzle
Mumbai,India,2026-09-01,18:00:00,28.1,32.4,79,0.1,0.1,12.0,278,1008.3,48,51,Light Drizzle
Mumbai,India,2026-09-01,19:00:00,27.7,32.6,81,0.1,0.1,8.4,279,1009.0,84,51,Light Drizzle
Mumbai,India,2026-09-01,20:00:00,27.7,32.5,81,0.1,0.1,8.3,269,1009.6,89,51,Light Drizzle
Mumbai,India,2026-09-01,21:00:00,27.4,32.4,82,0.1,0.0,7.2,264,1010.1,97,51,Light Drizzle
Mumbai,India,2026-09-01,22:00:00,27.2,32.2,82,0.1,0.0,7.3,253,1010.2,99,51,Light Drizzle
Mumbai,India,2026-09-01,23:00:00,26.7,31.9,85,0.1,0.0,5.7,246,1009.5,96,51,Light Drizzle
Mumbai,India,2026-09-02,00:00:00,26.5,31.3,84,0.1,0.0,7.1,232,1008.9,68,51,Light Drizzle
Mumbai,India,2026-09-02,01:00:00,26.1,30.7,86,0.1,0.0,8.1,227,1008.8,70,51,Light Drizzle
Mumbai,India,2026-09-02,02:00:00,26.3,30.6,84,0.4,0.1,8.5,228,1008.2,100,51,Light Drizzle
Mumbai,India,2026-09-02,03:00:00,26.0,30.6,86,0.3,0.2,8.0,232,1008.2,100,51,Light Drizzle
Mumbai,India,2026-09-02,04:00:00,25.7,30.1,86,0.1,0.1,8.0,224,1008.2,98,51,Light Drizzle
Mumbai,India,2026-09-02,05:00:00,25.0,29.1,89,0.6,0.3,9.7,225,1008.3,98,53,Moderate Drizzle
Mumbai,India,2026-09-02,06:00:00,25.3,30.5,91,0.2,0.1,4.4,199,1008.5,95,51,Light Drizzle
Mumbai,India,2026-09-02,07:00:00,25.7,30.7,92,0.9,0.5,8.4,215,1009.2,99,53,Moderate Drizzle
Mumbai,India,2026-09-02,08:00:00,26.7,31.4,84,0.7,0.6,8.7,238,1009.8,89,53,Moderate Drizzle
Mumbai,India,2026-09-02,09:00:00,27.7,32.1,79,0.3,0.2,10.1,239,1010.2,98,51,Light Drizzle
Mumbai,India,2026-09-02,10:00:00,26.0,29.8,84,1.3,0.5,11.8,223,1010.7,100,80,Light Rain Showers
Mumbai,India,2026-09-02,11:00:00,28.0,31.8,77,1.7,0.7,13.1,258,1009.8,99,80,Light Rain Showers
Mumbai,India,2026-09-02,12:00:00,27.8,32.2,80,0.8,0.6,14.1,232,1009.7,100,53,Moderate Drizzle
Mumbai,India,2026-09-02,13:00:00,28.2,33.8,78,0.6,0.3,12.2,256,1009.5,99,53,Moderate Drizzle
Mumbai,India,2026-09-02,14:00:00,26.6,31.1,83,2.4,0.8,11.7,241,1008.9,98,80,Light Rain Showers
Mumbai,India,2026-09-02,15:00:00,28.1,32.1,77,1.0,0.5,13.5,279,1008.0,97,55,Heavy Drizzle
Mumbai,India,2026-09-02,16:00:00,28.0,32.0,78,0.4,0.2,13.6,290,1007.7,96,51,Light Drizzle
Mumbai,India,2026-09-02,17:00:00,26.8,32.3,88,0.3,0.1,7.3,312,1008.0,96,51,Light Drizzle
Mumbai,India,2026-09-02,18:00:00,27.2,32.0,83,0.1,0.1,9.2,293,1008.2,98,51,Light Drizzle
Mumbai,India,2026-09-02,19:00:00,27.1,32.0,82,0.2,0.2,7.0,283,1009.0,84,51,Light Drizzle
Mumbai,India,2026-09-02,20:00:00,26.8,32.3,84,0.1,0.0,4.1,299,1009.4,92,51,Light Drizzle
Mumbai,India,2026-09-02,21:00:00,26.3,32.0,89,0.4,0.2,3.1,273,1009.8,69,51,Light Drizzle
Mumbai,India,2026-09-02,22:00:00,26.0,32.1,92,0.5,0.2,2.2,189,1010.0,69,53,Moderate Drizzle
Mumbai,India,2026-09-02,23:00:00,26.1,31.9,91,0.3,0.3,3.7,215,1009.2,97,51,Light Drizzle
Mumbai,India,2026-09-03,00:00:00,25.8,31.4,91,0.2,0.1,4.0,188,1008.7,84,51,Light Drizzle
Mumbai,India,2026-09-03,01:00:00,25.8,31.1,90,0.2,0.1,5.5,197,1008.4,98,51,Light Drizzle
Mumbai,India,2026-09-03,02:00:00,25.9,30.7,88,0.2,0.2,7.7,210,1008.1,98,51,Light Drizzle
Mumbai,India,2026-09-03,03:00:00,25.2,30.1,91,0.6,0.5,6.3,211,1008.0,100,53,Moderate Drizzle
Mumbai,India,2026-09-03,04:00:00,25.4,30.4,92,0.2,0.1,6.7,204,1007.7,100,51,Light Drizzle
Mumbai,India,2026-09-03,05:00:00,25.7,30.4,87,0.4,0.3,6.6,225,1007.6,99,51,Light Drizzle
Mumbai,India,2026-09-03,06:00:00,25.3,30.3,91,0.6,0.5,5.9,232,1008.0,99,53,Moderate Drizzle
Mumbai,India,2026-09-03,07:00:00,26.2,31.7,90,0.2,0.1,5.3,213,1008.5,98,51,Light Drizzle
Mumbai,India,2026-09-03,08:00:00,26.4,31.5,87,0.2,0.1,7.3,226,1009.1,94,51,Light Drizzle
Mumbai,India,2026-09-03,09:00:00,27.5,32.3,81,0.4,0.2,8.4,254,1009.7,97,51,Light Drizzle
Mumbai,India,2026-09-03,10:00:00,28.3,32.7,77,0.1,0.0,12.2,244,1009.7,82,51,Light Drizzle
Mumbai,India,2026-09-03,11:00:00,27.1,31.4,78,0.1,0.0,13.1,261,1009.5,91,51,Light Drizzle
Mumbai,India,2026-09-03,12:00:00,28.8,33.4,74,0.3,0.2,13.3,271,1009.1,42,51,Light Drizzle
Mumbai,India,2026-09-03,13:00:00,29.4,34.3,71,0.2,0.0,15.2,276,1008.5,30,51,Light Drizzle
Mumbai,India,2026-09-03,14:00:00,29.2,34.4,73,0.5,0.1,14.6,271,1007.6,40,53,Moderate Drizzle
Mumbai,India,2026-09-03,15:00:00,29.2,33.3,71,0.5,0.0,16.2,272,1007.0,41,53,Moderate Drizzle
Mumbai,India,2026-09-03,16:00:00,28.7,32.2,74,0.4,0.1,15.5,272,1006.7,34,51,Light Drizzle
Mumbai,India,2026-09-03,17:00:00,28.4,32.3,76,0.2,0.0,13.7,274,1006.9,11,51,Light Drizzle
Mumbai,India,2026-09-03,18:00:00,27.8,32.1,79,0.0,0.0,11.2,274,1007.2,88,3,Overcast
Mumbai,India,2026-09-03,19:00:00,27.3,31.9,82,0.0,0.0,9.7,273,1007.9,100,3,Overcast
Mumbai,India,2026-09-03,20:00:00,27.2,32.0,82,0.0,0.0,8.5,269,1008.3,99,3,Overcast
Mumbai,India,2026-09-03,21:00:00,27.1,31.8,83,0.0,0.0,8.9,261,1008.5,98,3,Overcast
Mumbai,India,2026-09-03,22:00:00,27.0,31.9,84,0.0,0.0,9.1,260,1008.8,91,3,Overcast
Mumbai,India,2026-09-03,23:00:00,26.6,31.3,86,0.1,0.0,8.7,252,1008.6,94,51,Light Drizzle
Mumbai,India,2026-09-04,00:00:00,25.9,30.5,88,0.5,0.2,8.6,250,1008.1,97,53,Moderate Drizzle
Mumbai,India,2026-09-04,01:00:00,25.8,30.7,88,0.3,0.0,6.6,254,1007.8,98,51,Light Drizzle
Mumbai,India,2026-09-04,02:00:00,25.9,30.9,88,0.3,0.1,6.5,268,1007.5,95,51,Light Drizzle
Mumbai,India,2026-09-04,03:00:00,25.6,30.8,90,0.2,0.1,4.9,270,1007.1,99,51,Light Drizzle
Mumbai,India,2026-09-04,04:00:00,25.5,30.9,91,0.1,0.0,3.5,255,1007.0,100,51,Light Drizzle
Mumbai,India,2026-09-04,05:00:00,25.4,31.3,93,0.8,0.5,2.2,256,1007.1,99,53,Moderate Drizzle
Mumbai,India,2026-09-04,06:00:00,24.8,30.5,94,0.6,0.4,2.3,225,1007.6,100,53,Moderate Drizzle
Mumbai,India,2026-09-04,07:00:00,25.4,31.5,94,0.3,0.1,1.9,131,1008.2,100,51,Light Drizzle
Mumbai,India,2026-09-04,08:00:00,26.0,32.3,93,0.4,0.1,1.4,130,1009.0,100,51,Light Drizzle
Mumbai,India,2026-09-04,09:00:00,26.6,32.3,87,0.5,0.2,4.3,237,1009.8,100,53,Moderate Drizzle
Mumbai,India,2026-09-04,10:00:00,28.0,33.4,80,0.5,0.2,4.9,260,1009.9,100,53,Moderate Drizzle
Mumbai,India,2026-09-04,11:00:00,28.0,32.4,78,0.4,0.2,10.5,273,1010.1,96,51,Light Drizzle
Mumbai,India,2026-09-04,12:00:00,28.7,32.7,74,0.5,0.1,12.6,274,1009.5,74,53,Moderate Drizzle
Mumbai,India,2026-09-04,13:00:00,29.3,34.8,73,0.4,0.0,14.6,271,1009.2,91,51,Light Drizzle
Mumbai,India,2026-09-04,14:00:00,29.6,33.8,65,0.6,0.0,13.6,265,1008.5,83,53,Moderate Drizzle
Mumbai,India,2026-09-04,15:00:00,29.2,33.2,70,0.8,0.3,14.1,265,1008.1,82,53,Moderate Drizzle
Mumbai,India,2026-09-04,16:00:00,28.8,32.5,72,0.1,0.0,13.1,271,1007.8,80,51,Light Drizzle
Mumbai,India,2026-09-04,17:00:00,27.3,31.2,80,0.6,0.3,13.0,260,1008.1,94,53,Moderate Drizzle
Mumbai,India,2026-09-04,18:00:00,27.4,31.4,81,0.3,0.2,13.1,268,1008.7,61,51,Light Drizzle
Mumbai,India,2026-09-04,19:00:00,26.6,30.8,85,0.2,0.0,11.9,284,1009.5,100,51,Light Drizzle
Mumbai,India,2026-09-04,20:00:00,26.3,31.3,88,0.6,0.4,8.4,280,1009.8,34,53,Moderate Drizzle
Mumbai,India,2026-09-04,21:00:00,26.3,31.5,89,0.0,0.0,7.7,267,1010.3,38,1,Mainly Clear
Mumbai,India,2026-09-04,22:00:00,26.3,31.7,90,0.1,0.0,6.8,270,1010.5,62,51,Light Drizzle
Mumbai,India,2026-09-04,23:00:00,26.6,32.0,88,0.0,0.0,5.8,277,1010.0,88,3,Overcast
Mumbai,India,2026-09-05,00:00:00,26.4,31.7,87,0.1,0.1,5.9,284,1009.7,94,51,Light Drizzle
Mumbai,India,2026-09-05,01:00:00,25.7,31.0,91,0.1,0.1,5.3,282,1009.7,97,51,Light Drizzle
Mumbai,India,2026-09-05,02:00:00,25.6,31.2,91,0.2,0.1,3.1,280,1009.3,61,51,Light Drizzle
Mumbai,India,2026-09-05,03:00:00,25.2,30.5,92,0.5,0.3,4.4,305,1009.2,95,53,Moderate Drizzle
Mumbai,India,2026-09-05,04:00:00,25.1,30.9,94,0.3,0.2,1.7,238,1009.3,46,51,Light Drizzle
Mumbai,India,2026-09-05,05:00:00,25.6,31.3,93,0.6,0.5,4.0,240,1009.2,88,53,Moderate Drizzle
Mumbai,India,2026-09-05,06:00:00,25.0,30.2,94,0.5,0.4,5.8,290,1010.1,94,53,Moderate Drizzle
Mumbai,India,2026-09-05,07:00:00,25.8,31.0,90,0.6,0.4,6.4,278,1010.7,45,53,Moderate Drizzle
Mumbai,India,2026-09-05,08:00:00,25.9,30.3,85,0.7,0.5,7.8,279,1011.5,88,53,Moderate Drizzle
Mumbai,India,2026-09-05,09:00:00,26.3,31.1,84,1.1,0.7,5.6,301,1012.1,88,55,Heavy Drizzle
Mumbai,India,2026-09-05,10:00:00,26.6,31.0,83,1.7,1.6,9.0,290,1012.4,84,80,Light Rain Showers
Mumbai,India,2026-09-05,11:00:00,28.4,32.7,75,0.9,0.9,9.8,257,1012.0,49,53,Moderate Drizzle
Mumbai,India,2026-09-05,12:00:00,27.8,32.3,76,1.1,0.8,13.4,239,1011.7,55,55,Heavy Drizzle
Mumbai,India,2026-09-05,13:00:00,28.5,34.1,77,0.9,0.5,14.4,258,1011.1,50,53,Moderate Drizzle
Mumbai,India,2026-09-05,14:00:00,27.9,31.8,77,0.7,0.4,15.1,268,1010.2,64,53,Moderate Drizzle
Mumbai,India,2026-09-05,15:00:00,28.1,32.3,78,0.7,0.6,14.1,265,1009.7,43,53,Moderate Drizzle
Mumbai,India,2026-09-05,16:00:00,27.7,31.2,78,0.3,0.1,15.3,268,1009.4,52,51,Light Drizzle
Mumbai,India,2026-09-05,17:00:00,26.4,31.7,89,1.1,0.8,6.9,265,1009.3,81,55,Heavy Drizzle
Mumbai,India,2026-09-05,18:00:00,26.8,32.1,88,0.1,0.0,7.8,296,1009.7,52,51,Light Drizzle
Mumbai,India,2026-09-05,19:00:00,26.0,31.7,92,2.1,1.3,5.2,274,1010.6,91,80,Light Rain Showers
Mumbai,India,2026-09-05,20:00:00,25.9,32.0,94,0.3,0.3,3.1,180,1010.7,87,51,Light Drizzle
Mumbai,India,2026-09-05,21:00:00,25.7,31.9,96,0.2,0.1,3.2,106,1011.2,44,51,Light Drizzle
Mumbai,India,2026-09-05,22:00:00,25.2,30.7,93,0.9,0.5,4.3,213,1011.5,75,53,Moderate Drizzle
Mumbai,India,2026-09-05,23:00:00,25.5,31.6,93,0.4,0.4,1.5,324,1011.4,59,51,Light Drizzle
Mumbai,India,2026-09-06,00:00:00,25.3,31.7,97,0.2,0.2,1.3,352,1010.8,91,51,Light Drizzle
Mumbai,India,2026-09-06,01:00:00,25.2,31.7,98,0.3,0.3,0.9,323,1010.6,61,51,Light Drizzle
Mumbai,India,2026-09-06,02:00:00,25.3,30.7,90,0.4,0.2,3.1,220,1010.1,100,51,Light Drizzle
Mumbai,India,2026-09-06,03:00:00,25.0,30.2,93,0.7,0.4,5.6,268,1009.7,64,53,Moderate Drizzle
Mumbai,India,2026-09-06,04:00:00,25.6,31.5,90,0.0,0.0,0.7,256,1009.5,33,1,Mainly Clear
Mumbai,India,2026-09-06,05:00:00,24.7,30.2,98,0.3,0.3,5.4,110,1009.8,27,51,Light Drizzle
Mumbai,India,2026-09-06,06:00:00,24.7,30.7,97,0.2,0.2,1.9,163,1010.4,96,51,Light Drizzle
Mumbai,India,2026-09-06,07:00:00,25.3,31.4,95,0.2,0.2,1.6,117,1011.2,28,51,Light Drizzle
Mumbai,India,2026-09-06,08:00:00,25.9,31.0,87,0.5,0.4,4.3,242,1012.0,75,53,Moderate Drizzle
Mumbai,India,2026-09-06,09:00:00,27.0,32.2,81,0.2,0.1,4.0,234,1012.2,52,51,Light Drizzle
Mumbai,India,2026-09-06,10:00:00,27.7,32.6,81,0.3,0.1,8.3,254,1012.3,97,51,Light Drizzle
Mumbai,India,2026-09-06,11:00:00,28.1,32.7,80,0.1,0.1,10.9,263,1011.9,80,51,Light Drizzle
Mumbai,India,2026-09-06,12:00:00,28.0,32.9,79,0.3,0.1,11.7,287,1011.7,30,51,Light Drizzle
Mumbai,India,2026-09-06,13:00:00,28.5,33.8,78,0.2,0.1,12.4,278,1011.2,43,51,Light Drizzle
Mumbai,India,2026-09-06,14:00:00,28.8,34.0,77,0.1,0.0,14.3,290,1010.4,31,51,Light Drizzle
Mumbai,India,2026-09-06,15:00:00,28.9,33.1,76,0.1,0.1,14.8,283,1009.9,22,51,Light Drizzle
Mumbai,India,2026-09-06,16:00:00,28.2,32.2,77,0.2,0.1,13.5,283,1009.8,32,51,Light Drizzle
Mumbai,India,2026-09-06,17:00:00,28.5,32.3,74,0.7,0.1,12.6,281,1009.8,16,53,Moderate Drizzle
Mumbai,India,2026-09-06,18:00:00,27.7,32.1,78,0.1,0.1,9.6,284,1010.4,27,51,Light Drizzle
Mumbai,India,2026-09-06,19:00:00,27.2,31.8,81,0.1,0.1,8.3,283,1011.0,18,51,Light Drizzle
Mumbai,India,2026-09-06,20:00:00,26.9,31.7,82,0.1,0.1,7.1,279,1011.5,34,51,Light Drizzle
Mumbai,India,2026-09-06,21:00:00,26.7,31.6,84,0.2,0.0,6.7,286,1012.1,45,51,Light Drizzle
Mumbai,India,2026-09-06,22:00:00,26.4,31.8,86,0.2,0.1,4.4,289,1012.6,12,51,Light Drizzle
Mumbai,India,2026-09-06,23:00:00,26.2,31.3,87,0.0,0.0,6.4,281,1012.3,84,3,Overcast
Mumbai,India,2026-09-07,00:00:00,25.6,30.3,87,0.2,0.1,6.4,306,1011.8,62,51,Light Drizzle
Mumbai,India,2026-09-07,01:00:00,25.0,30.0,93,0.4,0.3,5.9,342,1011.7,76,51,Light Drizzle
Mumbai,India,2026-09-07,02:00:00,24.7,30.3,95,0.2,0.2,3.1,3,1011.2,80,51,Light Drizzle
Mumbai,India,2026-09-07,03:00:00,24.8,30.7,96,0.2,0.1,1.8,45,1010.6,20,51,Light Drizzle
Mumbai,India,2026-09-07,04:00:00,24.7,30.6,96,0.2,0.1,0.6,34,1010.6,79,51,Light Drizzle
Mumbai,India,2026-09-07,05:00:00,25.3,30.9,92,0.3,0.3,3.0,284,1010.5,95,51,Light Drizzle
Mumbai,India,2026-09-07,06:00:00,25.1,30.8,94,0.3,0.3,2.9,330,1010.7,98,51,Light Drizzle
Mumbai,India,2026-09-07,07:00:00,25.5,31.1,93,0.3,0.2,4.2,245,1011.4,100,51,Light Drizzle
Mumbai,India,2026-09-07,08:00:00,25.8,31.0,88,0.4,0.2,5.1,337,1012.0,27,51,Light Drizzle
Mumbai,India,2026-09-07,09:00:00,27.3,32.8,82,0.1,0.1,3.7,305,1012.4,49,51,Light Drizzle
Mumbai,India,2026-09-07,10:00:00,27.8,32.7,80,0.2,0.1,8.1,302,1012.3,93,51,Light Drizzle
Mumbai,India,2026-09-07,11:00:00,28.7,33.6,74,0.3,0.2,10.3,277,1012.2,63,51,Light Drizzle
Mumbai,India,2026-09-07,12:00:00,28.2,32.8,76,0.6,0.2,11.4,294,1011.6,100,53,Moderate Drizzle
Mumbai,India,2026-09-07,13:00:00,28.7,32.3,72,0.9,0.2,13.7,286,1010.9,91,53,Moderate Drizzle
Mumbai,India,2026-09-07,14:00:00,28.8,32.2,71,0.2,0.1,14.1,284,1009.8,30,51,Light Drizzle
Mumbai,India,2026-09-07,15:00:00,29.0,32.9,71,0.1,0.0,14.6,283,1009.2,31,51,Light Drizzle
Mumbai,India,2026-09-07,16:00:00,28.5,32.1,73,0.1,0.1,14.2,285,1009.0,42,51,Light Drizzle
Mumbai,India,2026-09-07,17:00:00,28.1,31.8,75,0.1,0.0,12.6,296,1009.4,52,51,Light Drizzle
Mumbai,India,2026-09-07,18:00:00,27.4,31.3,78,0.8,0.2,11.4,301,1009.7,45,53,Moderate Drizzle
Mumbai,India,2026-09-07,19:00:00,26.9,31.2,81,0.8,0.1,10.0,293,1010.5,34,53,Moderate Drizzle
Mumbai,India,2026-09-07,20:00:00,26.7,31.4,84,0.2,0.1,8.4,293,1010.8,25,51,Light Drizzle
Mumbai,India,2026-09-07,21:00:00,26.6,31.5,85,0.1,0.1,7.2,297,1011.5,37,51,Light Drizzle
Mumbai,India,2026-09-07,22:00:00,26.5,31.6,85,0.1,0.0,5.2,311,1011.8,37,51,Light Drizzle
Mumbai,India,2026-09-07,23:00:00,26.3,31.7,87,0.2,0.1,4.4,305,1011.6,38,51,Light Drizzle
Mumbai,India,2026-09-08,00:00:00,25.9,31.2,88,0.2,0.1,5.2,326,1011.2,41,51,Light Drizzle
Mumbai,India,2026-09-08,01:00:00,25.4,31.4,93,0.3,0.0,1.4,337,1011.0,72,51,Light Drizzle
Mumbai,India,2026-09-08,02:00:00,24.7,30.2,92,0.7,0.2,1.5,187,1010.7,98,53,Moderate Drizzle
Mumbai,India,2026-09-08,03:00:00,24.5,30.0,97,0.8,0.6,3.4,65,1010.4,54,53,Moderate Drizzle
Mumbai,India,2026-09-08,04:00:00,24.6,29.9,97,0.2,0.2,5.4,105,1010.0,86,51,Light Drizzle
Mumbai,India,2026-09-08,05:00:00,25.3,31.5,94,0.3,0.2,1.0,112,1010.0,13,51,Light Drizzle
Mumbai,India,2026-09-08,06:00:00,25.3,31.3,94,0.1,0.1,1.9,22,1010.6,45,51,Light Drizzle
Mumbai,India,2026-09-08,07:00:00,25.7,32.0,96,0.1,0.1,2.5,21,1011.6,48,51,Light Drizzle
Mumbai,India,2026-09-08,08:00:00,26.6,33.2,92,0.0,0.0,1.4,337,1012.0,42,1,Mainly Clear
Mumbai,India,2026-09-08,09:00:00,27.7,33.0,80,0.2,0.1,4.9,298,1012.7,88,51,Light Drizzle
Mumbai,India,2026-09-08,10:00:00,28.3,32.3,72,0.3,0.1,9.9,295,1012.6,66,51,Light Drizzle
Mumbai,India,2026-09-08,11:00:00,28.4,32.5,71,0.5,0.3,11.2,307,1012.6,58,53,Moderate Drizzle
Mumbai,India,2026-09-08,12:00:00,28.8,33.8,73,0.8,0.5,12.7,293,1011.7,37,53,Moderate Drizzle
Mumbai,India,2026-09-08,13:00:00,29.3,33.9,69,0.2,0.2,15.3,300,1010.9,29,51,Light Drizzle
Mumbai,India,2026-09-08,14:00:00,29.2,33.5,70,0.3,0.2,15.3,300,1010.1,27,51,Light Drizzle
Mumbai,India,2026-09-08,15:00:00,29.0,32.7,70,0.2,0.1,14.7,298,1009.6,21,51,Light Drizzle
Mumbai,India,2026-09-08,16:00:00,28.7,32.1,71,0.1,0.0,13.8,296,1009.3,20,51,Light Drizzle
Mumbai,India,2026-09-08,17:00:00,28.5,32.4,74,0.1,0.0,12.6,294,1009.3,9,51,Light Drizzle
Mumbai,India,2026-09-08,18:00:00,27.7,31.8,78,0.1,0.1,11.8,298,1009.4,22,51,Light Drizzle
Mumbai,India,2026-09-08,19:00:00,27.0,31.2,81,0.1,0.1,11.0,302,1009.9,48,51,Light Drizzle
Mumbai,India,2026-09-08,20:00:00,26.4,30.9,84,0.5,0.1,9.3,304,1010.8,55,53,Moderate Drizzle
Mumbai,India,2026-09-08,21:00:00,26.1,31.1,88,0.3,0.2,7.5,310,1011.4,58,51,Light Drizzle
Mumbai,India,2026-09-08,22:00:00,25.8,30.9,91,0.2,0.1,7.4,313,1012.0,55,51,Light Drizzle
Mumbai,India,2026-09-08,23:00:00,25.6,30.8,91,0.3,0.2,6.4,302,1011.5,39,51,Light Drizzle
Mumbai,India,2026-09-09,00:00:00,25.6,30.8,89,0.2,0.0,4.7,298,1011.0,60,51,Light Drizzle
Mumbai,India,2026-09-09,01:00:00,25.5,31.1,91,0.3,0.2,2.7,298,1010.7,65,51,Light Drizzle
Mumbai,India,2026-09-09,02:00:00,25.2,31.3,93,0.4,0.4,0.3,45,1010.4,41,51,Light Drizzle
Mumbai,India,2026-09-09,03:00:00,24.9,30.8,96,0.3,0.3,2.3,113,1009.8,62,51,Light Drizzle
Mumbai,India,2026-09-09,04:00:00,24.8,30.5,96,0.1,0.1,3.3,135,1009.7,47,51,Light Drizzle
Mumbai,India,2026-09-09,05:00:00,25.8,31.9,92,0.2,0.2,1.2,297,1009.6,29,51,Light Drizzle
Mumbai,India,2026-09-09,06:00:00,25.7,31.7,91,0.0,0.0,1.3,326,1010.1,24,1,Mainly Clear
Mumbai,India,2026-09-09,07:00:00,26.2,32.1,90,0.1,0.1,3.2,333,1010.6,38,51,Light Drizzle
Mumbai,India,2026-09-09,08:00:00,27.1,32.7,85,0.1,0.1,4.1,322,1011.3,36,51,Light Drizzle
Mumbai,India,2026-09-09,09:00:00,28.0,32.9,78,0.2,0.1,6.9,298,1011.5,34,51,Light Drizzle
Mumbai,India,2026-09-09,10:00:00,28.6,33.7,75,0.4,0.1,9.0,293,1011.5,35,51,Light Drizzle
Mumbai,India,2026-09-09,11:00:00,29.0,34.6,75,0.5,0.1,10.9,290,1011.6,41,53,Moderate Drizzle
Mumbai,India,2026-09-09,12:00:00,29.1,34.9,74,0.5,0.1,12.0,292,1011.1,36,53,Moderate Drizzle
Mumbai,India,2026-09-09,13:00:00,28.8,34.5,76,0.2,0.1,12.5,295,1010.3,28,51,Light Drizzle
Mumbai,India,2026-09-09,14:00:00,28.8,33.8,75,0.1,0.0,14.1,289,1009.5,26,51,Light Drizzle
Mumbai,India,2026-09-09,15:00:00,28.8,32.9,74,0.1,0.0,14.7,289,1009.1,15,51,Light Drizzle
Mumbai,India,2026-09-09,16:00:00,28.8,32.4,72,0.0,0.0,14.0,293,1008.8,13,0,Clear Sky
Mumbai,India,2026-09-09,17:00:00,28.7,32.7,72,0.0,0.0,11.0,300,1009.0,38,1,Mainly Clear
Mumbai,India,2026-09-09,18:00:00,28.1,32.7,77,0.2,0.1,8.1,299,1009.0,28,51,Light Drizzle
Mumbai,India,2026-09-09,19:00:00,27.6,32.7,80,0.1,0.1,5.7,307,1009.7,15,51,Light Drizzle
Mumbai,India,2026-09-09,20:00:00,27.3,32.6,82,0.0,0.0,4.5,307,1010.4,18,0,Clear Sky
Mumbai,India,2026-09-09,21:00:00,27.1,32.2,82,0.0,0.0,5.5,297,1010.9,52,2,Partly Cloudy
Mumbai,India,2026-09-09,22:00:00,26.8,31.9,83,0.0,0.0,5.4,304,1011.3,95,3,Overcast
Mumbai,India,2026-09-09,23:00:00,26.5,31.5,85,0.0,0.0,5.8,304,1010.8,98,3,Overcast
Mumbai,India,2026-09-10,00:00:00,26.1,31.8,89,0.1,0.1,2.4,297,1010.3,98,51,Light Drizzle
Mumbai,India,2026-09-10,01:00:00,26.0,31.9,90,0.0,0.0,1.8,315,1009.8,99,3,Overcast
Mumbai,India,2026-09-10,02:00:00,25.8,31.4,90,0.1,0.1,3.7,305,1009.5,100,51,Light Drizzle
Mumbai,India,2026-09-10,03:00:00,25.7,31.3,91,0.1,0.1,3.9,313,1009.4,100,51,Light Drizzle
Mumbai,India,2026-09-10,04:00:00,25.8,31.7,90,0.1,0.1,1.9,311,1009.3,89,51,Light Drizzle
Mumbai,India,2026-09-10,05:00:00,25.6,30.7,91,0.4,0.3,6.6,287,1009.8,97,51,Light Drizzle
Mumbai,India,2026-09-10,06:00:00,25.2,29.7,88,0.4,0.2,7.3,295,1010.2,78,51,Light Drizzle
Mumbai,India,2026-09-10,07:00:00,25.6,30.6,88,0.1,0.1,4.4,78,1010.9,54,51,Light Drizzle
Mumbai,India,2026-09-10,08:00:00,26.0,31.3,85,0.3,0.2,2.5,4,1011.7,75,51,Light Drizzle
Mumbai,India,2026-09-10,09:00:00,27.1,32.3,79,0.1,0.1,2.6,12,1011.8,95,51,Light Drizzle
Mumbai,India,2026-09-10,10:00:00,28.1,33.5,74,0.2,0.0,3.8,319,1012.0,100,51,Light Drizzle
Mumbai,India,2026-09-10,11:00:00,28.7,34.5,73,0.1,0.0,6.1,302,1011.6,100,51,Light Drizzle
Mumbai,India,2026-09-10,12:00:00,29.1,35.8,73,0.0,0.0,7.9,297,1011.0,95,3,Overcast
Mumbai,India,2026-09-10,13:00:00,28.9,35.2,74,0.1,0.1,8.3,304,1009.7,95,51,Light Drizzle
Mumbai,India,2026-09-10,14:00:00,28.9,34.9,74,0.0,0.0,9.8,287,1009.1,98,3,Overcast
Mumbai,India,2026-09-10,15:00:00,28.5,33.8,76,0.0,0.0,9.9,285,1008.4,100,3,Overcast
Mumbai,India,2026-09-10,16:00:00,28.0,32.5,78,0.0,0.0,9.8,284,1008.1,100,3,Overcast
Mumbai,India,2026-09-10,17:00:00,27.5,32.0,80,0.0,0.0,9.6,287,1008.2,99,3,Overcast
Mumbai,India,2026-09-10,18:00:00,26.9,31.7,83,0.0,0.0,7.5,287,1008.8,60,2,Partly Cloudy
Mumbai,India,2026-09-10,19:00:00,26.6,31.9,86,0.0,0.0,6.2,287,1009.5,77,2,Partly Cloudy
Mumbai,India,2026-09-10,20:00:00,26.6,31.9,87,0.0,0.0,5.6,287,1010.1,100,3,Overcast
Mumbai,India,2026-09-10,21:00:00,26.4,32.0,88,0.0,0.0,4.4,305,1010.6,48,1,Mainly Clear
Mumbai,India,2026-09-10,22:00:00,26.3,31.8,88,0.0,0.0,4.3,315,1010.8,33,1,Mainly Clear
Mumbai,India,2026-09-10,23:00:00,26.0,31.8,90,0.0,0.0,2.7,312,1010.4,46,1,Mainly Clear
Pune,India,2026-08-11,00:00:00,22.6,25.0,90,0.0,0.0,12.9,254,944.4,36,1,Mainly Clear
Pune,India,2026-08-11,01:00:00,22.6,24.9,90,0.0,0.0,13.6,259,943.8,23,1,Mainly Clear
Pune,India,2026-08-11,02:00:00,22.2,24.6,91,0.0,0.0,11.8,259,943.4,47,1,Mainly Clear
Pune,India,2026-08-11,03:00:00,22.2,24.6,91,0.0,0.0,12.0,254,943.6,77,2,Partly Cloudy
Pune,India,2026-08-11,04:00:00,22.4,24.9,90,0.0,0.0,11.4,254,943.4,32,1,Mainly Clear
Pune,India,2026-08-11,05:00:00,22.7,25.5,92,0.0,0.0,11.4,254,943.2,48,1,Mainly Clear
Pune,India,2026-08-11,06:00:00,22.9,25.4,90,0.0,0.0,12.7,255,943.8,44,1,Mainly Clear
Pune,India,2026-08-11,07:00:00,23.6,26.3,87,0.0,0.0,12.5,255,944.3,55,2,Partly Cloudy
Pune,India,2026-08-11,08:00:00,24.6,26.7,83,0.0,0.0,16.5,262,944.8,49,1,Mainly Clear
Pune,India,2026-08-11,09:00:00,25.3,27.6,80,0.1,0.1,16.6,260,945.4,82,51,Light Drizzle
Pune,India,2026-08-11,10:00:00,26.1,28.3,77,0.2,0.2,19.7,266,945.4,98,51,Light Drizzle
Pune,India,2026-08-11,11:00:00,27.0,30.3,72,0.2,0.1,17.3,267,945.2,97,51,Light Drizzle
Pune,India,2026-08-11,12:00:00,26.7,29.6,74,0.2,0.1,19.3,271,944.8,99,51,Light Drizzle
Pune,India,2026-08-11,13:00:00,25.8,28.0,78,0.2,0.2,18.0,272,944.2,100,51,Light Drizzle
Pune,India,2026-08-11,14:00:00,25.0,27.2,82,0.8,0.8,17.8,271,943.4,100,53,Moderate Drizzle
Pune,India,2026-08-11,15:00:00,23.9,26.1,89,0.6,0.4,18.2,267,942.8,99,53,Moderate Drizzle
Pune,India,2026-08-11,16:00:00,24.0,25.7,85,0.8,0.4,18.6,267,942.3,100,53,Moderate Drizzle
Pune,India,2026-08-11,17:00:00,23.9,26.5,90,2.6,1.3,16.2,267,942.8,100,81,Moderate Rain Showers
Pune,India,2026-08-11,18:00:00,23.0,25.6,95,1.8,1.1,16.3,265,942.9,100,80,Light Rain Showers
Pune,India,2026-08-11,19:00:00,22.7,25.3,95,3.6,1.3,15.0,263,943.5,100,81,Moderate Rain Showers
Pune,India,2026-08-11,20:00:00,22.7,25.6,95,3.3,3.1,13.3,257,943.8,98,81,Moderate Rain Showers
Pune,India,2026-08-11,21:00:00,22.6,25.4,96,2.7,2.7,13.9,251,944.8,100,63,Moderate Rain
Pune,India,2026-08-11,22:00:00,22.6,25.5,95,2.8,1.6,12.9,255,945.1,99,81,Moderate Rain Showers
Pune,India,2026-08-11,23:00:00,22.6,25.5,94,1.4,1.0,12.4,257,945.1,84,80,Light Rain Showers
Pune,India,2026-08-12,00:00:00,22.4,25.3,95,0.1,0.1,12.2,262,944.7,97,51,Light Drizzle
Pune,India,2026-08-12,01:00:00,22.5,25.2,94,0.0,0.0,13.3,261,944.4,91,3,Overcast
Pune,India,2026-08-12,02:00:00,22.5,25.0,93,0.0,0.0,14.2,257,944.1,99,3,Overcast
Pune,India,2026-08-12,03:00:00,22.4,24.5,92,0.0,0.0,15.8,255,943.7,90,3,Overcast
Pune,India,2026-08-12,04:00:00,22.3,24.5,92,0.0,0.0,14.1,260,943.6,99,3,Overcast
Pune,India,2026-08-12,05:00:00,22.5,25.1,93,0.0,0.0,13.2,259,943.5,100,3,Overcast
Pune,India,2026-08-12,06:00:00,22.8,25.5,92,0.0,0.0,12.6,256,944.0,99,3,Overcast
Pune,India,2026-08-12,07:00:00,23.4,25.9,89,0.1,0.1,14.5,256,944.7,98,51,Light Drizzle
Pune,India,2026-08-12,08:00:00,23.9,26.1,86,0.1,0.1,16.5,254,945.3,98,51,Light Drizzle
Pune,India,2026-08-12,09:00:00,24.9,26.9,82,0.1,0.0,18.4,268,946.0,99,51,Light Drizzle
Pune,India,2026-08-12,10:00:00,25.5,27.3,79,0.3,0.2,19.5,275,946.0,100,51,Light Drizzle
Pune,India,2026-08-12,11:00:00,24.8,27.0,81,0.4,0.3,16.9,272,945.9,100,51,Light Drizzle
Pune,India,2026-08-12,12:00:00,24.9,27.4,84,1.2,0.6,16.1,264,945.4,100,55,Heavy Drizzle
Pune,India,2026-08-12,13:00:00,24.7,27.4,88,3.9,0.1,17.1,270,945.4,100,95,Thunderstorm
Pune,India,2026-08-12,14:00:00,26.1,28.4,81,0.2,0.1,19.8,277,944.9,100,51,Light Drizzle
Pune,India,2026-08-12,15:00:00,25.6,27.5,77,0.3,0.2,18.5,278,944.5,100,51,Light Drizzle
Pune,India,2026-08-12,16:00:00,25.2,27.0,81,0.1,0.0,19.4,269,944.3,100,51,Light Drizzle
Pune,India,2026-08-12,17:00:00,25.1,27.3,80,0.0,0.0,16.6,272,944.8,99,3,Overcast
Pune,India,2026-08-12,18:00:00,24.0,26.5,85,0.1,0.1,14.1,264,945.2,98,51,Light Drizzle
Pune,India,2026-08-12,19:00:00,23.3,25.9,88,0.0,0.0,12.9,264,945.8,98,3,Overcast
Pune,India,2026-08-12,20:00:00,22.9,25.7,90,0.0,0.0,11.9,256,946.6,99,3,Overcast
Pune,India,2026-08-12,21:00:00,23.2,26.0,89,0.0,0.0,11.2,254,947.8,95,3,Overcast
Pune,India,2026-08-12,22:00:00,22.9,25.7,89,0.0,0.0,11.3,250,948.1,100,3,Overcast
Pune,India,2026-08-12,23:00:00,23.0,25.7,89,0.0,0.0,11.8,246,947.6,91,3,Overcast
Pune,India,2026-08-13,00:00:00,22.9,25.3,89,0.0,0.0,13.5,245,946.8,96,3,Overcast
Pune,India,2026-08-13,01:00:00,22.6,25.3,91,0.0,0.0,12.0,252,946.7,98,3,Overcast
Pune,India,2026-08-13,02:00:00,22.7,25.2,90,0.0,0.0,12.5,255,946.0,100,3,Overcast
Pune,India,2026-08-13,03:00:00,22.6,24.9,90,0.0,0.0,13.4,255,945.4,90,3,Overcast
Pune,India,2026-08-13,04:00:00,22.5,25.2,91,0.0,0.0,11.4,254,945.6,100,3,Overcast
Pune,India,2026-08-13,05:00:00,22.9,25.7,90,0.0,0.0,11.6,266,945.4,100,3,Overcast
Pune,India,2026-08-13,06:00:00,22.9,25.7,90,0.1,0.1,11.4,257,946.1,95,51,Light Drizzle
Pune,India,2026-08-13,07:00:00,23.1,25.9,89,0.1,0.1,11.3,260,947.1,99,51,Light Drizzle
Pune,India,2026-08-13,08:00:00,23.7,26.6,87,0.2,0.1,11.7,259,947.4,59,51,Light Drizzle
Pune,India,2026-08-13,09:00:00,25.2,27.2,80,0.2,0.1,17.8,264,947.9,55,51,Light Drizzle
Pune,India,2026-08-13,10:00:00,25.7,27.1,74,0.2,0.1,19.5,264,948.0,83,51,Light Drizzle
Pune,India,2026-08-13,11:00:00,26.4,29.1,73,0.3,0.2,19.2,258,947.8,95,51,Light Drizzle
Pune,India,2026-08-13,12:00:00,26.6,28.8,71,0.7,0.3,20.2,254,947.4,96,53,Moderate Drizzle
Pune,India,2026-08-13,13:00:00,25.1,27.2,82,1.0,0.6,18.5,262,946.9,100,55,Heavy Drizzle
Pune,India,2026-08-13,14:00:00,24.6,26.7,84,0.8,0.7,17.8,262,946.5,72,53,Moderate Drizzle
Pune,India,2026-08-13,15:00:00,25.2,26.9,81,0.4,0.2,20.9,268,946.1,85,51,Light Drizzle
Pune,India,2026-08-13,16:00:00,25.4,27.2,80,0.7,0.2,20.3,264,945.6,98,53,Moderate Drizzle
Pune,India,2026-08-13,17:00:00,24.4,26.4,84,0.0,0.0,17.6,269,946.0,82,3,Overcast
Pune,India,2026-08-13,18:00:00,23.8,26.2,87,0.0,0.0,15.1,267,946.1,69,2,Partly Cloudy
Pune,India,2026-08-13,19:00:00,23.1,25.5,90,0.0,0.0,14.1,265,946.5,95,3,Overcast
Pune,India,2026-08-13,20:00:00,23.1,25.5,90,0.0,0.0,14.2,261,947.4,91,3,Overcast
Pune,India,2026-08-13,21:00:00,22.9,25.6,90,0.0,0.0,12.5,264,947.9,87,3,Overcast
Pune,India,2026-08-13,22:00:00,22.9,25.7,91,0.1,0.1,11.9,265,947.9,96,51,Light Drizzle
Pune,India,2026-08-13,23:00:00,22.6,25.0,90,0.0,0.0,13.4,259,947.1,96,3,Overcast
Pune,India,2026-08-14,00:00:00,22.6,24.8,90,0.0,0.0,14.1,259,946.5,93,3,Overcast
Pune,India,2026-08-14,01:00:00,22.7,25.3,90,0.0,0.0,12.4,257,946.3,67,2,Partly Cloudy
Pune,India,2026-08-14,02:00:00,22.6,25.3,91,0.0,0.0,10.9,251,945.9,87,3,Overcast
Pune,India,2026-08-14,03:00:00,22.7,25.6,91,0.0,0.0,10.0,242,945.8,100,3,Overcast
Pune,India,2026-08-14,04:00:00,22.6,25.4,91,0.0,0.0,10.7,250,945.6,100,3,Overcast
Pune,India,2026-08-14,05:00:00,22.8,25.5,90,0.0,0.0,11.6,248,945.7,70,2,Partly Cloudy
Pune,India,2026-08-14,06:00:00,22.5,25.2,90,0.0,0.0,10.5,243,945.9,76,2,Partly Cloudy
Pune,India,2026-08-14,07:00:00,23.1,25.9,88,0.1,0.0,10.4,247,946.8,87,51,Light Drizzle
Pune,India,2026-08-14,08:00:00,24.0,26.5,85,0.0,0.0,13.5,257,947.1,86,3,Overcast
Pune,India,2026-08-14,09:00:00,25.0,27.1,80,0.1,0.0,16.1,260,947.9,91,51,Light Drizzle
Pune,India,2026-08-14,10:00:00,25.7,27.7,76,0.1,0.1,17.0,260,947.6,80,51,Light Drizzle
Pune,India,2026-08-14,11:00:00,27.0,29.9,71,0.2,0.1,19.5,273,947.5,72,51,Light Drizzle
Pune,India,2026-08-14,12:00:00,26.5,29.6,70,0.6,0.5,18.6,264,947.5,95,53,Moderate Drizzle
Pune,India,2026-08-14,13:00:00,26.7,29.7,73,1.1,0.7,19.4,269,947.4,91,55,Heavy Drizzle
Pune,India,2026-08-14,14:00:00,26.6,28.7,71,0.2,0.1,20.0,272,946.6,98,51,Light Drizzle
Pune,India,2026-08-14,15:00:00,25.9,27.5,75,0.2,0.2,20.1,264,946.1,91,51,Light Drizzle
Pune,India,2026-08-14,16:00:00,25.8,27.2,75,0.0,0.0,20.9,267,945.5,97,3,Overcast
Pune,India,2026-08-14,17:00:00,25.1,26.8,78,0.0,0.0,18.3,263,945.9,76,2,Partly Cloudy
Pune,India,2026-08-14,18:00:00,23.7,25.7,84,0.0,0.0,15.6,263,945.8,88,3,Overcast
Pune,India,2026-08-14,19:00:00,23.1,25.5,88,0.0,0.0,13.5,261,946.3,93,3,Overcast
Pune,India,2026-08-14,20:00:00,23.0,25.6,89,0.0,0.0,12.1,255,946.8,92,3,Overcast
Pune,India,2026-08-14,21:00:00,23.1,25.4,88,0.0,0.0,13.9,259,947.1,98,3,Overcast
Pune,India,2026-08-14,22:00:00,22.7,25.1,90,0.0,0.0,12.9,261,947.2,85,3,Overcast
Pune,India,2026-08-14,23:00:00,22.9,25.3,89,0.0,0.0,13.8,264,946.9,92,3,Overcast
Pune,India,2026-08-15,00:00:00,22.9,25.4,89,0.0,0.0,12.8,259,946.5,100,3,Overcast
Pune,India,2026-08-15,01:00:00,22.5,24.8,90,0.0,0.0,13.5,262,946.4,75,2,Partly Cloudy
Pune,India,2026-08-15,02:00:00,22.4,24.7,90,0.0,0.0,12.4,260,946.0,77,2,Partly Cloudy
Pune,India,2026-08-15,03:00:00,22.2,24.7,91,0.0,0.0,10.7,253,946.0,63,2,Partly Cloudy
Pune,India,2026-08-15,04:00:00,22.2,24.8,91,0.0,0.0,10.7,256,945.9,55,2,Partly Cloudy
Pune,India,2026-08-15,05:00:00,22.3,25.3,94,0.0,0.0,10.7,248,946.0,100,3,Overcast
Pune,India,2026-08-15,06:00:00,22.4,24.9,92,0.1,0.1,12.2,246,946.4,84,51,Light Drizzle
Pune,India,2026-08-15,07:00:00,22.7,25.3,90,0.3,0.1,12.3,247,947.0,100,51,Light Drizzle
Pune,India,2026-08-15,08:00:00,23.2,26.1,90,0.4,0.2,11.3,256,947.6,99,51,Light Drizzle
Pune,India,2026-08-15,09:00:00,23.8,26.2,86,0.1,0.1,14.6,257,947.9,98,51,Light Drizzle
Pune,India,2026-08-15,10:00:00,25.4,27.2,78,0.3,0.2,19.4,259,947.9,98,51,Light Drizzle
Pune,India,2026-08-15,11:00:00,26.0,28.7,75,0.1,0.1,19.7,265,948.1,99,51,Light Drizzle
Pune,India,2026-08-15,12:00:00,27.0,30.1,70,0.2,0.1,17.9,265,947.7,98,51,Light Drizzle
Pune,India,2026-08-15,13:00:00,26.4,28.0,69,0.1,0.0,19.6,262,947.2,99,51,Light Drizzle
Pune,India,2026-08-15,14:00:00,26.2,28.0,73,0.1,0.1,17.0,264,946.1,99,51,Light Drizzle
Pune,India,2026-08-15,15:00:00,25.8,27.8,79,0.4,0.0,19.7,264,945.8,96,51,Light Drizzle
Pune,India,2026-08-15,16:00:00,25.4,27.4,79,0.3,0.3,17.6,259,945.2,98,51,Light Drizzle
Pune,India,2026-08-15,17:00:00,25.3,27.3,78,0.0,0.0,16.3,265,945.8,91,3,Overcast
Pune,India,2026-08-15,18:00:00,23.7,25.9,87,0.5,0.5,15.8,258,945.7,94,53,Moderate Drizzle
Pune,India,2026-08-15,19:00:00,23.1,25.6,90,0.0,0.0,13.6,259,946.3,79,2,Partly Cloudy
Pune,India,2026-08-15,20:00:00,23.0,25.7,90,0.0,0.0,12.5,259,947.0,89,3,Overcast
Pune,India,2026-08-15,21:00:00,22.9,25.6,90,0.0,0.0,11.8,259,947.3,63,2,Partly Cloudy
Pune,India,2026-08-15,22:00:00,22.9,25.8,90,0.0,0.0,10.6,261,947.7,77,2,Partly Cloudy
Pune,India,2026-08-15,23:00:00,22.7,25.2,90,0.0,0.0,11.9,256,947.0,72,2,Partly Cloudy
Pune,India,2026-08-16,00:00:00,22.6,25.0,90,0.0,0.0,12.4,257,946.8,61,2,Partly Cloudy
Pune,India,2026-08-16,01:00:00,22.4,24.8,90,0.0,0.0,12.2,256,946.3,87,3,Overcast
Pune,India,2026-08-16,02:00:00,22.2,24.8,91,0.0,0.0,11.4,254,945.8,98,3,Overcast
Pune,India,2026-08-16,03:00:00,22.2,24.6,91,0.0,0.0,12.2,250,945.4,80,3,Overcast
Pune,India,2026-08-16,04:00:00,22.4,25.0,90,0.0,0.0,11.1,243,945.8,37,1,Mainly Clear
Pune,India,2026-08-16,05:00:00,22.7,25.0,90,0.0,0.0,14.0,248,945.6,77,2,Partly Cloudy
Pune,India,2026-08-16,06:00:00,22.3,24.8,91,0.0,0.0,11.8,251,945.9,80,3,Overcast
Pune,India,2026-08-16,07:00:00,23.0,25.8,89,0.0,0.0,11.1,263,946.4,98,3,Overcast
Pune,India,2026-08-16,08:00:00,24.0,25.9,84,0.1,0.0,17.3,256,947.0,100,51,Light Drizzle
Pune,India,2026-08-16,09:00:00,25.2,27.2,79,0.0,0.0,16.6,254,947.2,100,3,Overcast
Pune,India,2026-08-16,10:00:00,26.4,28.7,73,0.0,0.0,17.9,260,947.3,97,3,Overcast
Pune,India,2026-08-16,11:00:00,27.2,30.0,68,0.0,0.0,18.3,257,947.2,99,3,Overcast
Pune,India,2026-08-16,12:00:00,27.2,29.8,68,0.1,0.1,17.9,257,946.7,98,51,Light Drizzle
Pune,India,2026-08-16,13:00:00,27.7,30.6,66,0.1,0.0,19.3,258,946.3,100,51,Light Drizzle
Pune,India,2026-08-16,14:00:00,27.2,29.7,68,0.1,0.1,18.9,255,945.9,98,51,Light Drizzle
Pune,India,2026-08-16,15:00:00,26.8,28.8,71,0.1,0.1,19.2,253,945.6,95,51,Light Drizzle
Pune,India,2026-08-16,16:00:00,26.2,28.1,74,0.0,0.0,17.3,259,945.3,83,3,Overcast
Pune,India,2026-08-16,17:00:00,25.7,27.6,76,0.2,0.1,17.2,254,945.4,97,51,Light Drizzle
Pune,India,2026-08-16,18:00:00,24.6,27.1,82,0.0,0.0,14.0,252,945.7,93,3,Overcast
Pune,India,2026-08-16,19:00:00,23.8,26.6,87,0.0,0.0,12.5,252,946.4,75,2,Partly Cloudy
Pune,India,2026-08-16,20:00:00,23.5,26.5,88,0.0,0.0,10.5,257,947.1,95,3,Overcast
Pune,India,2026-08-16,21:00:00,23.4,26.3,88,0.0,0.0,11.3,250,947.4,57,2,Partly Cloudy
Pune,India,2026-08-16,22:00:00,23.1,26.0,89,0.0,0.0,10.8,255,947.5,79,2,Partly Cloudy
Pune,India,2026-08-16,23:00:00,23.0,25.5,88,0.0,0.0,12.4,251,947.2,98,3,Overcast
Pune,India,2026-08-17,00:00:00,22.9,25.4,89,0.0,0.0,12.0,252,946.7,99,3,Overcast
Pune,India,2026-08-17,01:00:00,23.0,25.6,89,0.0,0.0,12.0,251,946.5,100,3,Overcast
Pune,India,2026-08-17,02:00:00,22.9,25.4,90,0.0,0.0,12.6,251,946.2,100,3,Overcast
Pune,India,2026-08-17,03:00:00,22.8,25.1,88,0.0,0.0,12.2,242,946.1,100,3,Overcast
Pune,India,2026-08-17,04:00:00,22.7,24.8,88,0.0,0.0,13.5,251,946.1,100,3,Overcast
Pune,India,2026-08-17,05:00:00,22.9,25.2,89,0.0,0.0,14.2,244,946.0,84,3,Overcast
Pune,India,2026-08-17,06:00:00,22.5,24.9,90,0.0,0.0,12.4,248,946.5,94,3,Overcast
Pune,India,2026-08-17,07:00:00,23.1,26.0,88,0.0,0.0,10.4,250,947.0,68,2,Partly Cloudy
Pune,India,2026-08-17,08:00:00,24.0,25.9,84,0.1,0.0,16.6,253,947.6,66,51,Light Drizzle
Pune,India,2026-08-17,09:00:00,24.6,26.3,80,0.2,0.0,17.6,244,948.2,72,51,Light Drizzle
Pune,India,2026-08-17,10:00:00,25.5,26.9,76,0.2,0.1,20.1,252,948.7,70,51,Light Drizzle
Pune,India,2026-08-17,11:00:00,25.7,27.7,77,0.2,0.1,19.5,250,948.6,80,51,Light Drizzle
Pune,India,2026-08-17,12:00:00,26.1,28.2,74,0.2,0.0,19.8,254,948.4,100,51,Light Drizzle
Pune,India,2026-08-17,13:00:00,26.0,28.1,72,0.4,0.2,19.9,254,947.9,88,51,Light Drizzle
Pune,India,2026-08-17,14:00:00,26.3,28.4,72,0.2,0.1,21.7,260,947.4,55,51,Light Drizzle
Pune,India,2026-08-17,15:00:00,25.6,27.2,76,0.1,0.1,18.6,262,946.9,64,51,Light Drizzle
Pune,India,2026-08-17,16:00:00,25.4,27.1,77,0.2,0.1,19.2,260,946.5,99,51,Light Drizzle
Pune,India,2026-08-17,17:00:00,25.0,27.0,79,0.2,0.2,15.7,246,946.7,95,51,Light Drizzle
Pune,India,2026-08-17,18:00:00,23.9,26.1,85,0.0,0.0,15.3,246,947.1,88,3,Overcast
Pune,India,2026-08-17,19:00:00,23.4,25.7,87,0.0,0.0,14.0,250,947.4,88,3,Overcast
Pune,India,2026-08-17,20:00:00,23.4,26.0,87,0.1,0.1,13.1,251,948.1,92,51,Light Drizzle
Pune,India,2026-08-17,21:00:00,23.1,25.4,88,0.0,0.0,14.3,245,948.6,92,3,Overcast
Pune,India,2026-08-17,22:00:00,22.9,25.3,89,0.0,0.0,13.4,252,949.0,100,3,Overcast
Pune,India,2026-08-17,23:00:00,23.0,25.5,89,0.0,0.0,13.4,253,948.7,95,3,Overcast
Pune,India,2026-08-18,00:00:00,22.7,25.0,90,0.0,0.0,13.9,250,948.0,62,2,Partly Cloudy
Pune,India,2026-08-18,01:00:00,22.6,24.8,90,0.0,0.0,14.1,255,947.4,82,3,Overcast
Pune,India,2026-08-18,02:00:00,22.6,24.8,91,0.0,0.0,15.1,255,947.0,91,3,Overcast
Pune,India,2026-08-18,03:00:00,22.5,24.8,92,0.0,0.0,14.7,256,946.9,77,2,Partly Cloudy
Pune,India,2026-08-18,04:00:00,22.8,24.9,90,0.0,0.0,15.7,255,946.8,84,3,Overcast
Pune,India,2026-08-18,05:00:00,23.0,25.3,90,0.0,0.0,15.3,255,946.9,94,3,Overcast
Pune,India,2026-08-18,06:00:00,22.7,24.8,91,0.1,0.1,15.3,262,947.4,97,51,Light Drizzle
Pune,India,2026-08-18,07:00:00,23.3,25.9,89,0.0,0.0,12.9,258,948.1,93,3,Overcast
Pune,India,2026-08-18,08:00:00,24.2,26.2,85,0.1,0.1,17.3,256,948.7,91,51,Light Drizzle
Pune,India,2026-08-18,09:00:00,24.9,26.8,81,0.0,0.0,18.0,258,949.2,92,3,Overcast
Pune,India,2026-08-18,10:00:00,25.7,27.5,77,0.4,0.3,20.7,262,949.2,78,51,Light Drizzle
Pune,India,2026-08-18,11:00:00,26.4,29.0,74,0.8,0.5,22.0,270,949.1,66,53,Moderate Drizzle
Pune,India,2026-08-18,12:00:00,27.1,30.0,71,0.1,0.1,21.1,268,948.8,41,51,Light Drizzle
Pune,India,2026-08-18,13:00:00,27.0,30.0,72,0.3,0.2,22.0,270,948.4,17,51,Light Drizzle
Pune,India,2026-08-18,14:00:00,27.3,29.9,69,0.2,0.2,22.3,276,947.8,35,51,Light Drizzle
Pune,India,2026-08-18,15:00:00,26.3,28.9,76,0.3,0.2,21.2,275,947.1,39,51,Light Drizzle
Pune,India,2026-08-18,16:00:00,25.7,27.2,79,0.1,0.0,22.2,268,946.6,59,51,Light Drizzle
Pune,India,2026-08-18,17:00:00,25.1,26.9,81,0.0,0.0,19.6,277,946.9,100,3,Overcast
Pune,India,2026-08-18,18:00:00,24.1,26.7,85,0.1,0.1,14.2,270,947.4,67,51,Light Drizzle
Pune,India,2026-08-18,19:00:00,23.4,25.7,88,0.0,0.0,15.5,271,947.7,63,2,Partly Cloudy
Pune,India,2026-08-18,20:00:00,23.2,25.7,90,0.0,0.0,14.1,266,948.2,100,3,Overcast
Pune,India,2026-08-18,21:00:00,23.6,26.5,89,0.0,0.0,12.7,264,948.5,100,3,Overcast
Pune,India,2026-08-18,22:00:00,23.5,26.3,90,0.0,0.0,13.9,265,948.7,100,3,Overcast
Pune,India,2026-08-18,23:00:00,23.1,25.7,90,0.0,0.0,13.4,264,948.0,100,3,Overcast
Pune,India,2026-08-19,00:00:00,23.1,25.6,90,0.0,0.0,14.1,264,947.6,100,3,Overcast
Pune,India,2026-08-19,01:00:00,23.0,25.3,90,0.0,0.0,14.4,267,947.3,100,3,Overcast
Pune,India,2026-08-19,02:00:00,22.8,25.0,90,0.0,0.0,14.7,263,946.8,99,3,Overcast
Pune,India,2026-08-19,03:00:00,22.5,24.7,90,0.0,0.0,14.0,263,946.7,100,3,Overcast
Pune,India,2026-08-19,04:00:00,22.4,24.7,90,0.0,0.0,13.1,258,946.7,100,3,Overcast
Pune,India,2026-08-19,05:00:00,22.9,25.5,90,0.0,0.0,12.9,263,946.8,100,3,Overcast
Pune,India,2026-08-19,06:00:00,23.0,25.7,90,0.0,0.0,12.9,257,947.1,100,3,Overcast
Pune,India,2026-08-19,07:00:00,23.4,26.1,90,0.0,0.0,13.9,265,947.4,100,3,Overcast
Pune,India,2026-08-19,08:00:00,24.1,26.4,87,0.2,0.1,17.6,271,948.2,100,51,Light Drizzle
Pune,India,2026-08-19,09:00:00,25.0,27.1,81,0.1,0.1,17.3,274,949.0,98,51,Light Drizzle
Pune,India,2026-08-19,10:00:00,26.3,28.4,75,0.0,0.0,17.5,270,949.4,85,3,Overcast
Pune,India,2026-08-19,11:00:00,26.6,29.8,74,0.0,0.0,17.3,271,949.2,99,3,Overcast
Pune,India,2026-08-19,12:00:00,27.5,30.3,68,0.0,0.0,18.7,277,948.8,98,3,Overcast
Pune,India,2026-08-19,13:00:00,27.3,30.2,69,0.0,0.0,18.4,276,948.5,100,3,Overcast
Pune,India,2026-08-19,14:00:00,27.0,29.0,70,0.0,0.0,20.1,279,947.9,100,3,Overcast
Pune,India,2026-08-19,15:00:00,26.5,28.2,73,0.0,0.0,18.3,277,947.5,100,3,Overcast
Pune,India,2026-08-19,16:00:00,25.6,27.2,77,0.1,0.1,19.7,283,947.4,100,51,Light Drizzle
Pune,India,2026-08-19,17:00:00,25.0,27.3,81,0.0,0.0,16.0,272,947.3,100,3,Overcast
Pune,India,2026-08-19,18:00:00,24.4,27.1,85,0.0,0.0,13.5,270,947.6,100,3,Overcast
Pune,India,2026-08-19,19:00:00,23.6,26.2,88,0.0,0.0,14.0,269,947.9,100,3,Overcast
Pune,India,2026-08-19,20:00:00,23.6,26.1,89,0.0,0.0,14.8,266,948.3,100,3,Overcast
Pune,India,2026-08-19,21:00:00,23.3,25.7,90,0.0,0.0,15.3,267,948.6,100,3,Overcast
Pune,India,2026-08-19,22:00:00,23.3,25.7,89,0.0,0.0,15.5,265,948.8,99,3,Overcast
Pune,India,2026-08-19,23:00:00,23.0,25.3,90,0.0,0.0,14.3,263,948.5,98,3,Overcast
Pune,India,2026-08-20,00:00:00,23.1,25.6,91,0.0,0.0,14.1,266,947.7,100,3,Overcast
Pune,India,2026-08-20,01:00:00,23.3,25.8,90,0.0,0.0,15.3,273,947.3,100,3,Overcast
Pune,India,2026-08-20,02:00:00,23.2,25.5,90,0.0,0.0,15.8,271,947.0,100,3,Overcast
Pune,India,2026-08-20,03:00:00,23.0,25.5,91,0.0,0.0,14.2,272,947.0,100,3,Overcast
Pune,India,2026-08-20,04:00:00,22.8,25.5,92,0.0,0.0,13.3,271,947.0,100,3,Overcast
Pune,India,2026-08-20,05:00:00,23.0,25.9,91,0.1,0.1,11.8,261,947.1,100,51,Light Drizzle
Pune,India,2026-08-20,06:00:00,23.1,25.9,90,0.1,0.1,12.0,254,947.6,97,51,Light Drizzle
Pune,India,2026-08-20,07:00:00,23.3,25.8,88,0.0,0.0,13.7,261,948.0,95,3,Overcast
Pune,India,2026-08-20,08:00:00,24.2,26.4,84,0.0,0.0,16.0,271,948.7,74,2,Partly Cloudy
Pune,India,2026-08-20,09:00:00,25.4,27.4,78,0.0,0.0,16.8,276,949.1,59,2,Partly Cloudy
Pune,India,2026-08-20,10:00:00,26.3,28.7,74,0.1,0.0,17.5,273,949.3,73,51,Light Drizzle
Pune,India,2026-08-20,11:00:00,26.9,29.7,70,0.0,0.0,16.5,276,949.3,50,2,Partly Cloudy
Pune,India,2026-08-20,12:00:00,27.5,30.7,67,0.0,0.0,15.6,282,948.6,50,2,Partly Cloudy
Pune,India,2026-08-20,13:00:00,28.2,31.5,64,0.0,0.0,18.9,278,948.0,100,3,Overcast
Pune,India,2026-08-20,14:00:00,27.0,28.6,69,0.0,0.0,18.4,276,947.1,46,1,Mainly Clear
Pune,India,2026-08-20,15:00:00,27.3,29.4,69,0.0,0.0,18.8,279,946.9,40,1,Mainly Clear
Pune,India,2026-08-20,16:00:00,26.3,28.0,73,0.0,0.0,18.4,280,946.8,15,0,Clear Sky
Pune,India,2026-08-20,17:00:00,25.8,28.0,76,0.1,0.1,15.0,276,946.8,29,51,Light Drizzle
Pune,India,2026-08-20,18:00:00,24.8,27.1,79,0.0,0.0,14.0,270,947.1,27,1,Mainly Clear
Pune,India,2026-08-20,19:00:00,23.6,25.9,84,0.0,0.0,13.2,258,947.6,19,0,Clear Sky
Pune,India,2026-08-20,20:00:00,23.0,25.4,88,0.0,0.0,13.0,253,947.7,35,1,Mainly Clear
Pune,India,2026-08-20,21:00:00,23.0,25.2,89,0.0,0.0,14.1,255,948.0,33,1,Mainly Clear
Pune,India,2026-08-20,22:00:00,22.9,25.2,89,0.0,0.0,13.9,259,948.2,39,1,Mainly Clear
Pune,India,2026-08-20,23:00:00,22.7,24.9,88,0.0,0.0,13.2,264,947.7,17,0,Clear Sky
Pune,India,2026-08-21,00:00:00,22.5,25.0,89,0.0,0.0,11.8,264,947.4,52,2,Partly Cloudy
Pune,India,2026-08-21,01:00:00,22.7,25.4,90,0.0,0.0,11.0,265,947.3,100,3,Overcast
Pune,India,2026-08-21,02:00:00,22.7,25.4,90,0.0,0.0,11.1,263,947.1,93,3,Overcast
Pune,India,2026-08-21,03:00:00,22.4,25.1,91,0.0,0.0,10.3,269,946.8,81,3,Overcast
Pune,India,2026-08-21,04:00:00,22.4,25.2,90,0.0,0.0,10.3,267,946.7,27,1,Mainly Clear
Pune,India,2026-08-21,05:00:00,22.3,24.9,91,0.0,0.0,11.3,260,946.5,49,1,Mainly Clear
Pune,India,2026-08-21,06:00:00,22.3,24.8,90,0.0,0.0,11.5,262,946.9,54,2,Partly Cloudy
Pune,India,2026-08-21,07:00:00,23.0,25.4,88,0.0,0.0,12.4,268,947.6,96,3,Overcast
Pune,India,2026-08-21,08:00:00,23.7,26.0,84,0.0,0.0,13.7,266,948.2,43,1,Mainly Clear
Pune,India,2026-08-21,09:00:00,25.3,27.3,75,0.0,0.0,14.2,269,948.6,79,2,Partly Cloudy
Pune,India,2026-08-21,10:00:00,26.5,28.4,69,0.1,0.0,16.7,269,948.4,85,51,Light Drizzle
Pune,India,2026-08-21,11:00:00,27.4,29.8,65,0.0,0.0,17.3,267,948.3,25,1,Mainly Clear
Pune,India,2026-08-21,12:00:00,28.1,31.3,63,0.0,0.0,15.9,265,947.8,30,1,Mainly Clear
Pune,India,2026-08-21,13:00:00,28.1,31.1,61,0.1,0.1,16.8,265,947.1,25,51,Light Drizzle
Pune,India,2026-08-21,14:00:00,27.0,29.5,67,0.5,0.3,18.8,265,946.6,54,53,Moderate Drizzle
Pune,India,2026-08-21,15:00:00,26.8,28.8,70,0.6,0.3,19.4,264,946.1,16,53,Moderate Drizzle
Pune,India,2026-08-21,16:00:00,26.2,27.7,72,0.0,0.0,18.9,267,945.9,25,1,Mainly Clear
Pune,India,2026-08-21,17:00:00,25.5,27.5,75,0.0,0.0,15.9,261,946.0,17,0,Clear Sky
Pune,India,2026-08-21,18:00:00,24.5,26.5,79,0.0,0.0,14.5,265,946.3,25,1,Mainly Clear
Pune,India,2026-08-21,19:00:00,23.5,25.8,85,0.0,0.0,12.9,261,946.9,43,1,Mainly Clear
Pune,India,2026-08-21,20:00:00,23.1,25.5,86,0.0,0.0,12.8,260,947.3,52,2,Partly Cloudy
Pune,India,2026-08-21,21:00:00,23.1,25.7,87,0.0,0.0,11.9,259,947.9,45,1,Mainly Clear
Pune,India,2026-08-21,22:00:00,23.0,25.4,88,0.0,0.0,12.7,259,948.3,58,2,Partly Cloudy
Pune,India,2026-08-21,23:00:00,22.7,25.0,88,0.0,0.0,12.3,258,947.8,88,3,Overcast
Pune,India,2026-08-22,00:00:00,22.4,24.9,90,0.0,0.0,11.2,258,947.2,70,2,Partly Cloudy
Pune,India,2026-08-22,01:00:00,22.3,25.0,90,0.0,0.0,10.2,256,946.8,88,3,Overcast
Pune,India,2026-08-22,02:00:00,22.3,25.0,91,0.0,0.0,10.0,255,946.2,96,3,Overcast
Pune,India,2026-08-22,03:00:00,22.4,24.9,90,0.0,0.0,11.4,252,945.9,100,3,Overcast
Pune,India,2026-08-22,04:00:00,22.4,25.1,90,0.0,0.0,10.1,254,946.2,95,3,Overcast
Pune,India,2026-08-22,05:00:00,23.0,25.6,89,0.0,0.0,12.5,254,946.1,100,3,Overcast
Pune,India,2026-08-22,06:00:00,23.1,25.8,88,0.0,0.0,10.9,261,946.6,78,2,Partly Cloudy
Pune,India,2026-08-22,07:00:00,23.3,25.9,87,0.0,0.0,11.6,257,947.0,86,3,Overcast
Pune,India,2026-08-22,08:00:00,23.9,26.1,84,0.0,0.0,14.9,255,947.7,95,3,Overcast
Pune,India,2026-08-22,09:00:00,24.8,26.8,79,0.2,0.2,15.8,258,948.1,57,51,Light Drizzle
Pune,India,2026-08-22,10:00:00,25.7,27.5,74,0.2,0.1,17.2,264,948.2,82,51,Light Drizzle
Pune,India,2026-08-22,11:00:00,26.1,28.1,74,0.5,0.1,20.1,276,948.0,66,53,Moderate Drizzle
Pune,India,2026-08-22,12:00:00,27.0,30.2,71,0.1,0.0,17.4,277,947.2,84,51,Light Drizzle
Pune,India,2026-08-22,13:00:00,26.6,28.7,68,0.6,0.4,20.4,282,947.0,98,53,Moderate Drizzle
Pune,India,2026-08-22,14:00:00,25.9,27.5,73,0.1,0.1,16.8,274,946.1,98,51,Light Drizzle
Pune,India,2026-08-22,15:00:00,25.9,27.7,75,0.4,0.3,18.1,276,945.8,98,51,Light Drizzle
Pune,India,2026-08-22,16:00:00,25.1,26.7,77,0.0,0.0,18.6,283,945.3,77,2,Partly Cloudy
Pune,India,2026-08-22,17:00:00,25.0,26.9,79,0.0,0.0,17.5,272,945.2,85,3,Overcast
Pune,India,2026-08-22,18:00:00,24.0,26.4,85,0.2,0.0,15.3,272,945.6,100,51,Light Drizzle
Pune,India,2026-08-22,19:00:00,23.7,26.2,87,0.0,0.0,13.7,261,946.1,82,3,Overcast
Pune,India,2026-08-22,20:00:00,23.2,25.8,88,0.0,0.0,12.1,260,946.6,53,2,Partly Cloudy
Pune,India,2026-08-22,21:00:00,23.2,25.9,88,0.0,0.0,11.8,258,947.1,22,1,Mainly Clear
Pune,India,2026-08-22,22:00:00,23.1,26.0,89,0.0,0.0,11.1,261,947.3,100,3,Overcast
Pune,India,2026-08-22,23:00:00,23.4,26.5,89,0.0,0.0,10.0,252,946.9,93,3,Overcast
Pune,India,2026-08-23,00:00:00,23.3,26.1,89,0.0,0.0,12.2,244,946.2,26,1,Mainly Clear
Pune,India,2026-08-23,01:00:00,22.9,25.6,89,0.0,0.0,10.8,252,945.7,49,1,Mainly Clear
Pune,India,2026-08-23,02:00:00,22.8,25.7,90,0.0,0.0,9.9,261,945.3,57,2,Partly Cloudy
Pune,India,2026-08-23,03:00:00,22.6,25.4,91,0.0,0.0,10.8,272,945.0,66,2,Partly Cloudy
Pune,India,2026-08-23,04:00:00,22.6,25.2,89,0.0,0.0,10.4,270,945.0,52,2,Partly Cloudy
Pune,India,2026-08-23,05:00:00,22.9,25.8,91,0.0,0.0,10.7,262,945.1,58,2,Partly Cloudy
Pune,India,2026-08-23,06:00:00,22.9,25.9,90,0.0,0.0,9.9,265,945.7,71,2,Partly Cloudy
Pune,India,2026-08-23,07:00:00,23.4,26.2,87,0.0,0.0,10.9,261,946.5,84,3,Overcast
Pune,India,2026-08-23,08:00:00,24.4,26.7,82,0.0,0.0,14.9,258,947.0,88,3,Overcast
Pune,India,2026-08-23,09:00:00,25.8,27.7,74,0.1,0.0,15.9,264,947.5,60,51,Light Drizzle
Pune,India,2026-08-23,10:00:00,26.4,28.6,71,0.1,0.0,15.5,265,947.7,38,51,Light Drizzle
Pune,India,2026-08-23,11:00:00,26.8,29.6,72,0.3,0.2,18.4,265,947.5,35,51,Light Drizzle
Pune,India,2026-08-23,12:00:00,27.6,30.9,69,0.3,0.2,18.9,271,947.1,19,51,Light Drizzle
Pune,India,2026-08-23,13:00:00,27.4,31.1,71,0.3,0.2,19.3,268,946.5,31,51,Light Drizzle
Pune,India,2026-08-23,14:00:00,27.1,30.3,72,0.2,0.2,19.8,267,945.8,34,51,Light Drizzle
Pune,India,2026-08-23,15:00:00,26.7,29.1,74,0.4,0.2,19.3,269,945.7,33,51,Light Drizzle
Pune,India,2026-08-23,16:00:00,26.2,28.0,77,0.4,0.3,20.4,273,945.3,41,51,Light Drizzle
Pune,India,2026-08-23,17:00:00,25.7,27.6,77,0.1,0.1,17.5,267,945.6,39,51,Light Drizzle
Pune,India,2026-08-23,18:00:00,24.6,27.0,83,0.0,0.0,14.8,269,945.9,85,3,Overcast
Pune,India,2026-08-23,19:00:00,23.8,26.5,87,0.0,0.0,13.6,263,946.5,98,3,Overcast
Pune,India,2026-08-23,20:00:00,23.5,26.2,88,0.0,0.0,13.1,261,946.9,98,3,Overcast
Pune,India,2026-08-23,21:00:00,23.3,26.2,89,0.0,0.0,11.9,264,947.6,98,3,Overcast
Pune,India,2026-08-23,22:00:00,23.2,26.2,90,0.0,0.0,10.8,267,948.0,98,3,Overcast
Pune,India,2026-08-23,23:00:00,23.3,26.2,89,0.0,0.0,11.6,265,947.4,99,3,Overcast
Pune,India,2026-08-24,00:00:00,23.1,26.0,90,0.0,0.0,11.0,265,946.7,100,3,Overcast
Pune,India,2026-08-24,01:00:00,22.9,25.8,91,0.0,0.0,10.8,265,946.3,100,3,Overcast
Pune,India,2026-08-24,02:00:00,22.9,26.0,91,0.0,0.0,10.3,265,945.7,83,3,Overcast
Pune,India,2026-08-24,03:00:00,22.7,25.8,92,0.0,0.0,9.4,265,945.3,100,3,Overcast
Pune,India,2026-08-24,04:00:00,22.6,25.9,93,0.0,0.0,8.4,260,945.3,100,3,Overcast
Pune,India,2026-08-24,05:00:00,23.4,26.6,90,0.0,0.0,10.3,265,945.3,100,3,Overcast
Pune,India,2026-08-24,06:00:00,23.2,26.4,91,0.0,0.0,10.3,270,945.8,99,3,Overcast
Pune,India,2026-08-24,07:00:00,23.5,26.7,89,0.0,0.0,10.3,272,946.7,98,3,Overcast
Pune,India,2026-08-24,08:00:00,24.6,27.2,83,0.0,0.0,13.5,273,947.4,84,3,Overcast
Pune,India,2026-08-24,09:00:00,25.8,28.3,76,0.1,0.1,13.2,275,948.1,80,51,Light Drizzle
Pune,India,2026-08-24,10:00:00,26.9,29.4,70,0.0,0.0,13.5,273,948.0,72,2,Partly Cloudy
Pune,India,2026-08-24,11:00:00,27.5,30.1,69,0.0,0.0,17.3,268,947.6,50,2,Partly Cloudy
Pune,India,2026-08-24,12:00:00,28.2,31.6,65,0.0,0.0,15.9,267,947.2,45,1,Mainly Clear
Pune,India,2026-08-24,13:00:00,28.2,31.8,66,0.5,0.4,18.0,279,946.7,80,53,Moderate Drizzle
Pune,India,2026-08-24,14:00:00,27.0,29.4,73,0.9,0.8,20.7,271,946.0,34,53,Moderate Drizzle
Pune,India,2026-08-24,15:00:00,27.5,30.1,69,0.1,0.1,18.9,272,945.8,52,51,Light Drizzle
Pune,India,2026-08-24,16:00:00,27.1,28.6,70,0.0,0.0,20.4,273,945.4,70,2,Partly Cloudy
Pune,India,2026-08-24,17:00:00,26.0,28.1,76,0.0,0.0,17.1,266,945.3,34,1,Mainly Clear
Pune,India,2026-08-24,18:00:00,24.6,27.1,83,0.0,0.0,14.2,266,945.7,48,1,Mainly Clear
Pune,India,2026-08-24,19:00:00,23.9,26.2,85,0.0,0.0,14.0,261,946.3,77,2,Partly Cloudy
Pune,India,2026-08-24,20:00:00,23.4,26.0,87,0.0,0.0,12.7,254,946.9,95,3,Overcast
Pune,India,2026-08-24,21:00:00,23.3,26.2,89,0.0,0.0,11.7,256,947.4,83,3,Overcast
Pune,India,2026-08-24,22:00:00,23.2,26.2,90,0.0,0.0,11.4,255,947.8,74,2,Partly Cloudy
Pune,India,2026-08-24,23:00:00,23.2,26.1,89,0.0,0.0,11.2,254,947.5,98,3,Overcast
Pune,India,2026-08-25,00:00:00,23.0,25.8,89,0.0,0.0,11.0,264,946.9,95,3,Overcast
Pune,India,2026-08-25,01:00:00,22.8,25.6,91,0.0,0.0,11.5,261,946.5,97,3,Overcast
Pune,India,2026-08-25,02:00:00,22.9,25.5,90,0.0,0.0,12.2,262,945.6,94,3,Overcast
Pune,India,2026-08-25,03:00:00,22.6,25.3,90,0.0,0.0,11.2,264,945.6,88,3,Overcast
Pune,India,2026-08-25,04:00:00,22.6,25.4,90,0.0,0.0,10.9,279,945.3,88,3,Overcast
Pune,India,2026-08-25,05:00:00,22.6,25.4,90,0.0,0.0,10.5,264,945.5,83,3,Overcast
Pune,India,2026-08-25,06:00:00,22.6,25.6,91,0.0,0.0,9.0,264,946.1,91,3,Overcast
Pune,India,2026-08-25,07:00:00,23.1,26.2,89,0.0,0.0,9.6,266,946.6,91,3,Overcast
Pune,India,2026-08-25,08:00:00,24.3,26.8,83,0.0,0.0,13.7,268,947.3,94,3,Overcast
Pune,India,2026-08-25,09:00:00,25.3,27.5,77,0.1,0.0,14.6,274,948.0,98,51,Light Drizzle
Pune,India,2026-08-25,10:00:00,26.6,29.1,71,0.0,0.0,15.3,279,948.2,100,3,Overcast
Pune,India,2026-08-25,11:00:00,26.6,29.5,73,0.2,0.1,17.7,273,948.6,99,51,Light Drizzle
Pune,India,2026-08-25,12:00:00,27.3,31.0,69,0.2,0.2,16.4,274,947.9,95,51,Light Drizzle
Pune,India,2026-08-25,13:00:00,28.1,31.7,65,0.0,0.0,17.3,268,947.0,50,2,Partly Cloudy
Pune,India,2026-08-25,14:00:00,28.3,31.2,64,0.0,0.0,20.2,270,946.4,99,3,Overcast
Pune,India,2026-08-25,15:00:00,27.4,29.5,68,0.0,0.0,19.4,270,946.2,67,2,Partly Cloudy
Pune,India,2026-08-25,16:00:00,26.6,28.1,71,0.0,0.0,19.3,269,945.8,63,2,Partly Cloudy
Pune,India,2026-08-25,17:00:00,26.0,27.8,74,0.0,0.0,17.6,262,946.1,28,1,Mainly Clear
Pune,India,2026-08-25,18:00:00,24.7,26.9,81,0.0,0.0,15.1,262,946.3,27,1,Mainly Clear
Pune,India,2026-08-25,19:00:00,23.7,26.0,85,0.0,0.0,14.1,260,946.9,47,1,Mainly Clear
Pune,India,2026-08-25,20:00:00,23.3,25.8,88,0.0,0.0,13.6,258,947.4,70,2,Partly Cloudy
Pune,India,2026-08-25,21:00:00,23.3,26.0,88,0.0,0.0,12.4,261,948.3,77,2,Partly Cloudy
Pune,India,2026-08-25,22:00:00,23.4,26.3,89,0.0,0.0,11.9,260,948.8,88,3,Overcast
Pune,India,2026-08-25,23:00:00,23.2,25.9,89,0.0,0.0,11.9,265,948.3,79,2,Partly Cloudy
Pune,India,2026-08-26,00:00:00,23.0,25.3,89,0.0,0.0,14.4,261,947.8,59,2,Partly Cloudy
Pune,India,2026-08-26,01:00:00,22.7,25.0,91,0.0,0.0,13.8,263,947.5,63,2,Partly Cloudy
Pune,India,2026-08-26,02:00:00,22.7,25.0,90,0.0,0.0,13.7,265,947.0,58,2,Partly Cloudy
Pune,India,2026-08-26,03:00:00,22.6,24.8,90,0.0,0.0,13.9,266,946.7,59,2,Partly Cloudy
Pune,India,2026-08-26,04:00:00,22.6,24.8,90,0.0,0.0,13.9,264,946.8,69,2,Partly Cloudy
Pune,India,2026-08-26,05:00:00,22.9,25.6,90,0.0,0.0,12.0,261,947.0,55,2,Partly Cloudy
Pune,India,2026-08-26,06:00:00,22.6,25.4,92,0.0,0.0,11.2,273,947.3,100,3,Overcast
Pune,India,2026-08-26,07:00:00,22.9,25.4,91,0.1,0.0,13.9,276,947.8,99,51,Light Drizzle
Pune,India,2026-08-26,08:00:00,24.0,26.3,85,0.2,0.0,15.3,279,948.4,45,51,Light Drizzle
Pune,India,2026-08-26,09:00:00,25.4,27.5,78,0.1,0.0,16.6,280,948.9,38,51,Light Drizzle
Pune,India,2026-08-26,10:00:00,26.5,28.5,73,0.2,0.0,19.1,275,948.7,33,51,Light Drizzle
Pune,India,2026-08-26,11:00:00,27.5,30.0,69,0.0,0.0,18.1,276,948.5,38,1,Mainly Clear
Pune,India,2026-08-26,12:00:00,28.1,31.3,66,0.0,0.0,17.5,274,948.3,91,3,Overcast
Pune,India,2026-08-26,13:00:00,28.3,31.5,64,0.1,0.1,18.2,273,947.7,58,51,Light Drizzle
Pune,India,2026-08-26,14:00:00,28.1,31.3,66,0.0,0.0,19.1,272,947.2,56,2,Partly Cloudy
Pune,India,2026-08-26,15:00:00,27.7,30.2,67,0.1,0.1,18.2,272,946.7,15,51,Light Drizzle
Pune,India,2026-08-26,16:00:00,27.0,28.7,71,0.0,0.0,18.8,273,946.2,17,0,Clear Sky
Pune,India,2026-08-26,17:00:00,26.1,28.1,74,0.0,0.0,16.6,271,946.6,32,1,Mainly Clear
Pune,India,2026-08-26,18:00:00,25.0,27.4,79,0.0,0.0,14.3,265,946.9,29,1,Mainly Clear
Pune,India,2026-08-26,19:00:00,23.9,26.3,85,0.0,0.0,13.9,264,947.4,44,1,Mainly Clear
Pune,India,2026-08-26,20:00:00,23.7,26.0,85,0.0,0.0,13.4,256,947.8,8,0,Clear Sky
Pune,India,2026-08-26,21:00:00,23.3,25.9,86,0.0,0.0,12.1,260,948.5,46,1,Mainly Clear
Pune,India,2026-08-26,22:00:00,23.1,26.0,89,0.0,0.0,10.5,258,949.0,88,3,Overcast
Pune,India,2026-08-26,23:00:00,23.1,25.7,88,0.0,0.0,12.4,257,948.5,61,2,Partly Cloudy
Pune,India,2026-08-27,00:00:00,23.1,25.7,89,0.0,0.0,12.5,266,948.0,64,2,Partly Cloudy
Pune,India,2026-08-27,01:00:00,23.2,25.9,89,0.0,0.0,12.2,261,947.7,98,3,Overcast
Pune,India,2026-08-27,02:00:00,23.0,25.7,90,0.0,0.0,12.1,264,947.3,100,3,Overcast
Pune,India,2026-08-27,03:00:00,22.9,25.5,89,0.0,0.0,12.6,267,946.6,98,3,Overcast
Pune,India,2026-08-27,04:00:00,22.8,25.4,90,0.0,0.0,12.5,265,946.8,100,3,Overcast
Pune,India,2026-08-27,05:00:00,22.8,25.4,91,0.0,0.0,12.8,261,946.9,99,3,Overcast
Pune,India,2026-08-27,06:00:00,23.1,25.4,88,0.0,0.0,14.1,256,947.1,82,3,Overcast
Pune,India,2026-08-27,07:00:00,23.3,25.7,86,0.0,0.0,13.3,261,947.8,64,2,Partly Cloudy
Pune,India,2026-08-27,08:00:00,24.0,25.8,83,0.0,0.0,17.7,260,948.3,38,1,Mainly Clear
Pune,India,2026-08-27,09:00:00,25.4,26.7,75,0.2,0.1,19.7,264,948.7,28,51,Light Drizzle
Pune,India,2026-08-27,10:00:00,26.4,28.6,70,0.0,0.0,17.5,269,948.9,14,0,Clear Sky
Pune,India,2026-08-27,11:00:00,27.3,29.8,64,0.0,0.0,18.8,260,949.0,21,1,Mainly Clear
Pune,India,2026-08-27,12:00:00,27.6,30.9,63,0.0,0.0,17.5,270,948.3,16,0,Clear Sky
Pune,India,2026-08-27,13:00:00,26.8,29.1,66,0.8,0.7,22.0,268,947.7,60,53,Moderate Drizzle
Pune,India,2026-08-27,14:00:00,26.6,28.6,70,0.6,0.3,19.1,269,946.9,25,53,Moderate Drizzle
Pune,India,2026-08-27,15:00:00,26.5,28.4,68,0.4,0.3,19.4,264,946.8,38,51,Light Drizzle
Pune,India,2026-08-27,16:00:00,26.0,27.0,71,0.1,0.1,19.6,268,946.3,38,51,Light Drizzle
Pune,India,2026-08-27,17:00:00,25.4,27.0,75,0.2,0.2,17.7,272,946.4,30,51,Light Drizzle
Pune,India,2026-08-27,18:00:00,24.1,26.1,83,0.0,0.0,16.2,271,946.8,29,1,Mainly Clear
Pune,India,2026-08-27,19:00:00,23.3,25.6,86,0.0,0.0,13.6,258,947.3,52,2,Partly Cloudy
Pune,India,2026-08-27,20:00:00,23.0,25.0,85,0.0,0.0,13.5,256,947.8,41,1,Mainly Clear
Pune,India,2026-08-27,21:00:00,22.7,24.8,87,0.0,0.0,13.2,253,948.4,41,1,Mainly Clear
Pune,India,2026-08-27,22:00:00,22.7,25.1,88,0.0,0.0,12.5,254,948.5,47,1,Mainly Clear
Pune,India,2026-08-27,23:00:00,22.8,25.0,88,0.0,0.0,13.4,255,948.1,100,3,Overcast
Pune,India,2026-08-28,00:00:00,22.6,24.9,89,0.0,0.0,12.7,255,947.6,100,3,Overcast
Pune,India,2026-08-28,01:00:00,22.5,24.9,90,0.1,0.0,12.1,255,947.3,100,51,Light Drizzle
Pune,India,2026-08-28,02:00:00,22.4,24.9,90,0.0,0.0,11.8,257,946.6,98,3,Overcast
Pune,India,2026-08-28,03:00:00,22.3,24.3,90,0.0,0.0,14.7,263,946.4,91,3,Overcast
Pune,India,2026-08-28,04:00:00,22.2,24.3,90,0.0,0.0,13.6,265,946.4,100,3,Overcast
Pune,India,2026-08-28,05:00:00,22.6,24.7,90,0.0,0.0,14.6,272,946.6,100,3,Overcast
Pune,India,2026-08-28,06:00:00,22.4,24.7,90,0.0,0.0,12.8,267,947.1,100,3,Overcast
Pune,India,2026-08-28,07:00:00,23.0,25.0,87,0.0,0.0,15.9,258,947.6,89,3,Overcast
Pune,India,2026-08-28,08:00:00,24.2,25.3,80,0.0,0.0,19.9,264,948.2,73,2,Partly Cloudy
Pune,India,2026-08-28,09:00:00,25.3,26.4,75,0.0,0.0,19.9,264,948.4,31,1,Mainly Clear
Pune,India,2026-08-28,10:00:00,26.5,28.2,70,0.1,0.1,19.1,262,948.6,78,51,Light Drizzle
Pune,India,2026-08-28,11:00:00,26.9,28.9,67,0.2,0.1,20.4,264,948.4,44,51,Light Drizzle
Pune,India,2026-08-28,12:00:00,27.3,29.8,66,0.2,0.1,20.7,268,948.1,91,51,Light Drizzle
Pune,India,2026-08-28,13:00:00,26.8,28.9,69,0.3,0.2,22.7,266,947.5,51,51,Light Drizzle
Pune,India,2026-08-28,14:00:00,27.0,28.9,67,0.3,0.2,22.9,270,946.8,74,51,Light Drizzle
Pune,India,2026-08-28,15:00:00,26.3,28.1,72,0.7,0.5,22.9,265,946.5,41,53,Moderate Drizzle
Pune,India,2026-08-28,16:00:00,25.8,26.8,75,0.2,0.2,23.0,270,946.1,42,51,Light Drizzle
Pune,India,2026-08-28,17:00:00,25.0,26.5,78,0.2,0.1,18.6,273,946.4,72,51,Light Drizzle
Pune,India,2026-08-28,18:00:00,23.9,25.6,84,0.0,0.0,17.7,267,947.0,92,3,Overcast
Pune,India,2026-08-28,19:00:00,23.2,25.1,86,0.0,0.0,15.3,262,947.2,99,3,Overcast
Pune,India,2026-08-28,20:00:00,22.9,25.3,88,0.0,0.0,12.8,260,947.7,100,3,Overcast
Pune,India,2026-08-28,21:00:00,23.1,25.6,87,0.0,0.0,12.8,259,948.5,94,3,Overcast
Pune,India,2026-08-28,22:00:00,23.0,25.4,89,0.0,0.0,13.7,257,948.7,88,3,Overcast
Pune,India,2026-08-28,23:00:00,23.0,25.1,88,0.0,0.0,14.8,260,948.2,100,3,Overcast
Pune,India,2026-08-29,00:00:00,22.8,25.1,90,0.0,0.0,14.4,261,947.7,100,3,Overcast
Pune,India,2026-08-29,01:00:00,23.0,25.6,90,0.0,0.0,12.8,264,947.2,98,3,Overcast
Pune,India,2026-08-29,02:00:00,23.0,25.0,89,0.0,0.0,16.0,267,946.7,100,3,Overcast
Pune,India,2026-08-29,03:00:00,22.9,24.7,89,0.1,0.1,17.1,266,946.5,100,51,Light Drizzle
Pune,India,2026-08-29,04:00:00,22.8,24.6,90,0.0,0.0,17.1,263,946.5,100,3,Overcast
Pune,India,2026-08-29,05:00:00,22.5,24.1,91,0.1,0.1,18.4,266,946.3,98,51,Light Drizzle
Pune,India,2026-08-29,06:00:00,22.3,24.2,92,0.0,0.0,16.4,269,946.8,100,3,Overcast
Pune,India,2026-08-29,07:00:00,22.9,24.7,89,0.1,0.1,17.5,266,947.4,99,51,Light Drizzle
Pune,India,2026-08-29,08:00:00,23.8,25.2,84,0.1,0.0,20.1,264,948.0,95,51,Light Drizzle
Pune,India,2026-08-29,09:00:00,25.4,26.5,76,0.0,0.0,22.0,269,948.6,64,2,Partly Cloudy
Pune,India,2026-08-29,10:00:00,25.8,27.4,75,0.3,0.2,22.7,271,948.8,63,51,Light Drizzle
Pune,India,2026-08-29,11:00:00,26.5,28.2,70,0.8,0.5,22.4,267,948.9,84,53,Moderate Drizzle
Pune,India,2026-08-29,12:00:00,26.4,28.8,71,1.1,0.7,22.5,272,948.4,98,55,Heavy Drizzle
Pune,India,2026-08-29,13:00:00,26.4,28.5,72,0.9,0.4,23.3,264,947.9,96,53,Moderate Drizzle
Pune,India,2026-08-29,14:00:00,26.1,28.3,74,0.4,0.3,22.5,276,947.2,97,51,Light Drizzle
Pune,India,2026-08-29,15:00:00,25.7,27.1,76,0.5,0.4,24.5,269,946.9,89,53,Moderate Drizzle
Pune,India,2026-08-29,16:00:00,25.2,25.9,78,0.3,0.2,24.7,273,946.5,77,51,Light Drizzle
Pune,India,2026-08-29,17:00:00,24.4,25.8,82,0.2,0.2,20.7,263,946.8,68,51,Light Drizzle
Pune,India,2026-08-29,18:00:00,23.4,25.0,85,0.1,0.1,17.9,264,947.1,77,51,Light Drizzle
Pune,India,2026-08-29,19:00:00,23.0,25.0,87,0.0,0.0,15.4,260,947.5,100,3,Overcast
Pune,India,2026-08-29,20:00:00,23.1,25.0,87,0.0,0.0,16.6,268,948.0,88,3,Overcast
Pune,India,2026-08-29,21:00:00,22.5,24.0,89,0.0,0.0,18.4,266,948.4,79,2,Partly Cloudy
Pune,India,2026-08-29,22:00:00,22.3,24.0,90,0.0,0.0,16.8,264,948.5,84,3,Overcast
Pune,India,2026-08-29,23:00:00,22.4,24.1,90,0.0,0.0,17.2,265,948.0,100,3,Overcast
Pune,India,2026-08-30,00:00:00,22.4,24.0,89,0.0,0.0,17.3,266,947.7,95,3,Overcast
Pune,India,2026-08-30,01:00:00,22.0,23.5,90,0.0,0.0,17.5,262,947.1,91,3,Overcast
Pune,India,2026-08-30,02:00:00,21.9,23.1,88,0.0,0.0,17.9,260,946.6,65,2,Partly Cloudy
Pune,India,2026-08-30,03:00:00,21.8,23.1,90,0.0,0.0,17.9,264,946.1,93,3,Overcast
Pune,India,2026-08-30,04:00:00,22.0,23.6,91,0.0,0.0,17.1,266,946.0,98,3,Overcast
Pune,India,2026-08-30,05:00:00,22.2,23.4,90,0.0,0.0,19.5,266,946.3,70,2,Partly Cloudy
Pune,India,2026-08-30,06:00:00,21.9,23.5,91,0.0,0.0,16.8,265,946.6,92,3,Overcast
Pune,India,2026-08-30,07:00:00,22.6,24.1,89,0.0,0.0,18.5,263,947.3,66,2,Partly Cloudy
Pune,India,2026-08-30,08:00:00,23.5,24.7,84,0.0,0.0,20.4,264,948.1,33,1,Mainly Clear
Pune,India,2026-08-30,09:00:00,25.4,26.4,73,0.0,0.0,20.2,268,948.6,42,1,Mainly Clear
Pune,India,2026-08-30,10:00:00,26.6,28.1,68,0.0,0.0,21.1,267,949.2,35,1,Mainly Clear
Pune,India,2026-08-30,11:00:00,27.0,29.2,66,0.0,0.0,19.8,266,949.3,30,1,Mainly Clear
Pune,India,2026-08-30,12:00:00,27.7,29.7,63,0.0,0.0,23.4,272,949.1,32,1,Mainly Clear
Pune,India,2026-08-30,13:00:00,28.0,29.9,62,0.0,0.0,24.2,273,948.5,28,1,Mainly Clear
Pune,India,2026-08-30,14:00:00,28.0,29.4,61,0.0,0.0,23.9,271,948.0,60,2,Partly Cloudy
Pune,India,2026-08-30,15:00:00,27.0,28.2,67,0.1,0.1,21.6,270,948.1,28,51,Light Drizzle
Pune,India,2026-08-30,16:00:00,26.3,27.7,71,0.0,0.0,19.1,271,947.7,17,0,Clear Sky
Pune,India,2026-08-30,17:00:00,25.8,27.6,73,0.0,0.0,16.3,264,947.6,18,0,Clear Sky
Pune,India,2026-08-30,18:00:00,24.6,26.5,78,0.0,0.0,15.2,263,947.8,16,0,Clear Sky
Pune,India,2026-08-30,19:00:00,23.7,25.9,82,0.0,0.0,13.1,263,948.3,34,1,Mainly Clear
Pune,India,2026-08-30,20:00:00,23.3,26.0,87,0.0,0.0,11.6,265,948.6,100,3,Overcast
Pune,India,2026-08-30,21:00:00,23.5,26.3,87,0.0,0.0,11.9,264,949.0,100,3,Overcast
Pune,India,2026-08-30,22:00:00,23.4,25.9,87,0.0,0.0,13.3,267,948.9,100,3,Overcast
Pune,India,2026-08-30,23:00:00,22.8,25.1,89,0.0,0.0,13.8,263,948.6,100,3,Overcast
Pune,India,2026-08-31,00:00:00,22.6,24.8,89,0.0,0.0,13.9,266,948.3,76,2,Partly Cloudy
Pune,India,2026-08-31,01:00:00,22.3,24.4,90,0.0,0.0,13.9,266,947.9,100,3,Overcast
Pune,India,2026-08-31,02:00:00,22.3,24.3,90,0.0,0.0,14.2,268,947.4,100,3,Overcast
Pune,India,2026-08-31,03:00:00,22.4,24.3,89,0.0,0.0,15.0,266,946.9,98,3,Overcast
Pune,India,2026-08-31,04:00:00,22.3,24.3,90,0.0,0.0,15.0,263,947.2,97,3,Overcast
Pune,India,2026-08-31,05:00:00,22.4,24.1,88,0.0,0.0,15.5,266,947.4,98,3,Overcast
Pune,India,2026-08-31,06:00:00,22.3,24.2,89,0.0,0.0,15.2,264,947.8,100,3,Overcast
Pune,India,2026-08-31,07:00:00,23.0,25.1,87,0.0,0.0,13.9,266,948.2,87,3,Overcast
Pune,India,2026-08-31,08:00:00,24.0,25.4,82,0.1,0.0,19.7,274,948.7,73,51,Light Drizzle
Pune,India,2026-08-31,09:00:00,25.5,26.5,74,0.1,0.0,20.6,274,949.2,67,51,Light Drizzle
Pune,India,2026-08-31,10:00:00,26.6,28.1,69,0.0,0.0,18.8,275,949.5,21,1,Mainly Clear
Pune,India,2026-08-31,11:00:00,27.6,30.1,63,0.0,0.0,17.9,273,949.4,7,0,Clear Sky
Pune,India,2026-08-31,12:00:00,28.3,31.3,60,0.0,0.0,18.0,272,948.8,11,0,Clear Sky
Pune,India,2026-08-31,13:00:00,28.6,31.4,58,0.0,0.0,18.8,279,948.0,18,0,Clear Sky
Pune,India,2026-08-31,14:00:00,28.0,30.1,61,0.1,0.1,21.1,279,947.5,15,51,Light Drizzle
Pune,India,2026-08-31,15:00:00,27.6,29.4,63,0.0,0.0,18.9,277,947.1,12,0,Clear Sky
Pune,India,2026-08-31,16:00:00,26.8,27.7,67,0.1,0.1,20.4,276,946.5,23,51,Light Drizzle
Pune,India,2026-08-31,17:00:00,25.9,27.7,74,0.1,0.1,16.9,270,946.8,33,51,Light Drizzle
Pune,India,2026-08-31,18:00:00,24.6,26.6,78,0.0,0.0,15.1,273,947.1,39,1,Mainly Clear
Pune,India,2026-08-31,19:00:00,23.7,26.0,84,0.0,0.0,13.1,263,947.8,44,1,Mainly Clear
Pune,India,2026-08-31,20:00:00,23.4,25.8,85,0.0,0.0,12.1,260,948.2,74,2,Partly Cloudy
Pune,India,2026-08-31,21:00:00,23.3,25.9,86,0.0,0.0,12.0,254,948.6,81,3,Overcast
Pune,India,2026-08-31,22:00:00,22.9,25.1,87,0.0,0.0,13.9,259,948.7,99,3,Overcast
Pune,India,2026-08-31,23:00:00,22.8,25.1,87,0.0,0.0,12.7,263,948.4,81,3,Overcast
Pune,India,2026-09-01,00:00:00,22.6,25.1,88,0.0,0.0,11.4,264,948.0,100,3,Overcast
Pune,India,2026-09-01,01:00:00,22.5,24.9,90,0.0,0.0,12.7,264,947.3,100,3,Overcast
Pune,India,2026-09-01,02:00:00,22.6,25.0,90,0.0,0.0,12.0,261,946.7,97,3,Overcast
Pune,India,2026-09-01,03:00:00,22.5,24.7,89,0.0,0.0,13.7,268,946.3,98,3,Overcast
Pune,India,2026-09-01,04:00:00,22.6,25.0,89,0.0,0.0,12.4,268,946.3,73,2,Partly Cloudy
Pune,India,2026-09-01,05:00:00,22.5,24.6,89,0.0,0.0,13.3,267,946.4,94,3,Overcast
Pune,India,2026-09-01,06:00:00,22.5,24.6,89,0.0,0.0,14.2,267,947.0,100,3,Overcast
Pune,India,2026-09-01,07:00:00,23.3,25.0,84,0.0,0.0,16.4,266,947.8,52,2,Partly Cloudy
Pune,India,2026-09-01,08:00:00,24.5,26.0,77,0.0,0.0,16.9,269,948.6,85,3,Overcast
Pune,India,2026-09-01,09:00:00,26.0,27.6,71,0.0,0.0,16.0,271,949.1,76,2,Partly Cloudy
Pune,India,2026-09-01,10:00:00,27.1,29.2,67,0.2,0.1,16.7,271,949.3,75,51,Light Drizzle
Pune,India,2026-09-01,11:00:00,28.1,31.3,61,0.2,0.1,15.7,272,949.5,73,51,Light Drizzle
Pune,India,2026-09-01,12:00:00,28.9,32.3,57,0.1,0.1,16.0,273,948.9,20,51,Light Drizzle
Pune,India,2026-09-01,13:00:00,29.1,32.1,57,0.0,0.0,17.2,276,948.3,13,0,Clear Sky
Pune,India,2026-09-01,14:00:00,29.1,31.6,57,0.1,0.1,18.0,269,947.6,16,51,Light Drizzle
Pune,India,2026-09-01,15:00:00,28.4,29.9,57,0.3,0.0,18.7,271,947.0,43,51,Light Drizzle
Pune,India,2026-09-01,16:00:00,27.1,28.1,65,0.5,0.1,19.8,273,947.2,34,53,Moderate Drizzle
Pune,India,2026-09-01,17:00:00,26.1,27.8,74,0.1,0.1,18.4,280,947.5,49,51,Light Drizzle
Pune,India,2026-09-01,18:00:00,24.6,26.7,80,0.1,0.1,14.6,272,948.1,48,51,Light Drizzle
Pune,India,2026-09-01,19:00:00,23.9,26.3,83,0.0,0.0,13.0,269,948.6,34,1,Mainly Clear
Pune,India,2026-09-01,20:00:00,23.4,26.1,87,0.0,0.0,11.9,269,949.1,72,2,Partly Cloudy
Pune,India,2026-09-01,21:00:00,23.4,26.2,88,0.0,0.0,11.5,269,949.7,98,3,Overcast
Pune,India,2026-09-01,22:00:00,23.3,26.2,89,0.0,0.0,10.6,267,949.7,94,3,Overcast
Pune,India,2026-09-01,23:00:00,23.0,25.7,87,0.0,0.0,10.4,256,948.9,57,2,Partly Cloudy
Pune,India,2026-09-02,00:00:00,22.7,25.5,88,0.0,0.0,8.7,248,948.4,68,2,Partly Cloudy
Pune,India,2026-09-02,01:00:00,22.4,25.2,90,0.0,0.0,9.6,249,948.1,95,3,Overcast
Pune,India,2026-09-02,02:00:00,22.3,25.1,90,0.0,0.0,9.4,259,947.6,88,3,Overcast
Pune,India,2026-09-02,03:00:00,22.5,25.3,90,0.0,0.0,9.5,261,947.5,100,3,Overcast
Pune,India,2026-09-02,04:00:00,22.7,25.4,88,0.0,0.0,9.6,257,947.6,100,3,Overcast
Pune,India,2026-09-02,05:00:00,22.9,25.9,90,0.0,0.0,10.4,262,947.3,80,3,Overcast
Pune,India,2026-09-02,06:00:00,22.7,25.7,90,0.0,0.0,9.3,262,947.8,91,3,Overcast
Pune,India,2026-09-02,07:00:00,23.5,26.2,85,0.0,0.0,11.3,257,948.5,93,3,Overcast
Pune,India,2026-09-02,08:00:00,25.0,27.2,77,0.0,0.0,13.4,253,949.2,96,3,Overcast
Pune,India,2026-09-02,09:00:00,26.1,28.1,72,0.2,0.2,14.5,253,949.7,52,51,Light Drizzle
Pune,India,2026-09-02,10:00:00,27.3,29.9,67,0.3,0.1,15.5,262,949.9,88,51,Light Drizzle
Pune,India,2026-09-02,11:00:00,27.8,30.9,65,0.1,0.1,16.0,259,949.3,97,51,Light Drizzle
Pune,India,2026-09-02,12:00:00,28.3,31.9,64,0.2,0.1,16.0,262,949.0,74,51,Light Drizzle
Pune,India,2026-09-02,13:00:00,27.6,30.2,65,0.4,0.2,19.9,264,948.5,53,51,Light Drizzle
Pune,India,2026-09-02,14:00:00,27.0,29.0,69,0.9,0.3,20.3,271,947.7,67,53,Moderate Drizzle
Pune,India,2026-09-02,15:00:00,27.1,29.5,70,0.3,0.1,17.0,274,947.3,90,51,Light Drizzle
Pune,India,2026-09-02,16:00:00,26.4,27.7,69,0.1,0.1,17.8,273,947.1,97,51,Light Drizzle
Pune,India,2026-09-02,17:00:00,25.5,27.5,76,0.2,0.1,15.8,272,947.3,99,51,Light Drizzle
Pune,India,2026-09-02,18:00:00,24.4,26.5,81,0.1,0.1,14.6,267,947.6,96,51,Light Drizzle
Pune,India,2026-09-02,19:00:00,23.5,26.0,86,0.0,0.0,13.2,258,948.5,96,3,Overcast
Pune,India,2026-09-02,20:00:00,23.2,25.9,88,0.0,0.0,10.9,263,948.9,81,3,Overcast
Pune,India,2026-09-02,21:00:00,22.9,25.9,90,0.0,0.0,9.6,262,949.2,83,3,Overcast
Pune,India,2026-09-02,22:00:00,22.8,26.0,90,0.0,0.0,8.4,259,949.2,84,3,Overcast
Pune,India,2026-09-02,23:00:00,22.8,25.7,88,0.0,0.0,9.0,254,948.6,94,3,Overcast
Pune,India,2026-09-03,00:00:00,22.4,25.1,90,0.0,0.0,9.2,253,948.1,98,3,Overcast
Pune,India,2026-09-03,01:00:00,22.2,25.1,90,0.0,0.0,8.1,253,947.8,95,3,Overcast
Pune,India,2026-09-03,02:00:00,22.2,25.1,91,0.0,0.0,7.9,246,947.5,97,3,Overcast
Pune,India,2026-09-03,03:00:00,22.2,25.1,91,0.0,0.0,8.1,252,947.2,98,3,Overcast
Pune,India,2026-09-03,04:00:00,22.4,25.3,90,0.0,0.0,8.9,249,946.8,94,3,Overcast
Pune,India,2026-09-03,05:00:00,22.3,25.1,90,0.0,0.0,8.9,256,946.9,99,3,Overcast
Pune,India,2026-09-03,06:00:00,22.2,25.1,90,0.0,0.0,8.4,259,947.3,98,3,Overcast
Pune,India,2026-09-03,07:00:00,22.9,25.5,87,0.0,0.0,9.9,265,948.0,99,3,Overcast
Pune,India,2026-09-03,08:00:00,24.1,26.1,80,0.0,0.0,13.4,259,948.5,99,3,Overcast
Pune,India,2026-09-03,09:00:00,25.4,27.2,73,0.0,0.0,15.0,260,949.1,84,3,Overcast
Pune,India,2026-09-03,10:00:00,26.4,28.4,70,0.2,0.2,15.8,263,949.1,51,51,Light Drizzle
Pune,India,2026-09-03,11:00:00,27.6,30.0,65,0.2,0.1,17.0,266,949.0,38,51,Light Drizzle
Pune,India,2026-09-03,12:00:00,28.1,31.2,63,0.1,0.0,16.6,266,948.5,35,51,Light Drizzle
Pune,India,2026-09-03,13:00:00,28.6,31.8,60,0.1,0.0,17.6,269,947.8,30,51,Light Drizzle
Pune,India,2026-09-03,14:00:00,27.8,29.9,62,0.3,0.2,19.6,269,947.0,38,51,Light Drizzle
Pune,India,2026-09-03,15:00:00,27.2,29.1,66,0.1,0.0,17.5,274,946.3,33,51,Light Drizzle
Pune,India,2026-09-03,16:00:00,26.6,27.9,68,0.2,0.2,18.6,268,946.2,28,51,Light Drizzle
Pune,India,2026-09-03,17:00:00,25.6,27.3,73,0.0,0.0,16.0,269,946.6,86,3,Overcast
Pune,India,2026-09-03,18:00:00,24.2,26.5,82,0.0,0.0,13.5,261,946.8,55,2,Partly Cloudy
Pune,India,2026-09-03,19:00:00,23.6,26.0,84,0.0,0.0,12.7,263,947.4,92,3,Overcast
Pune,India,2026-09-03,20:00:00,23.0,25.8,88,0.0,0.0,10.3,257,947.7,99,3,Overcast
Pune,India,2026-09-03,21:00:00,22.9,25.8,89,0.0,0.0,10.0,256,948.1,99,3,Overcast
Pune,India,2026-09-03,22:00:00,23.1,25.8,88,0.0,0.0,11.1,256,948.2,98,3,Overcast
Pune,India,2026-09-03,23:00:00,22.8,25.3,88,0.0,0.0,11.6,263,948.0,88,3,Overcast
Pune,India,2026-09-04,00:00:00,22.5,25.1,90,0.0,0.0,11.1,257,947.4,100,3,Overcast
Pune,India,2026-09-04,01:00:00,22.4,25.1,90,0.0,0.0,10.3,258,947.1,100,3,Overcast
Pune,India,2026-09-04,02:00:00,22.5,25.1,89,0.0,0.0,10.3,258,946.9,100,3,Overcast
Pune,India,2026-09-04,03:00:00,22.5,25.1,89,0.0,0.0,10.1,264,946.4,100,3,Overcast
Pune,India,2026-09-04,04:00:00,22.2,25.1,91,0.0,0.0,8.9,257,946.3,98,3,Overcast
Pune,India,2026-09-04,05:00:00,22.5,25.1,90,0.0,0.0,10.5,257,946.2,98,3,Overcast
Pune,India,2026-09-04,06:00:00,22.2,25.4,91,0.0,0.0,7.3,254,946.9,98,3,Overcast
Pune,India,2026-09-04,07:00:00,23.1,26.1,87,0.0,0.0,9.2,249,947.6,98,3,Overcast
Pune,India,2026-09-04,08:00:00,24.3,26.7,81,0.0,0.0,12.8,259,948.4,91,3,Overcast
Pune,India,2026-09-04,09:00:00,25.4,27.5,75,0.2,0.1,13.5,260,949.0,73,51,Light Drizzle
Pune,India,2026-09-04,10:00:00,26.8,29.4,69,0.4,0.2,14.7,264,949.2,51,51,Light Drizzle
Pune,India,2026-09-04,11:00:00,27.7,31.0,65,0.4,0.1,15.3,268,949.3,69,51,Light Drizzle
Pune,India,2026-09-04,12:00:00,27.9,31.3,65,0.3,0.2,14.0,269,948.9,36,51,Light Drizzle
Pune,India,2026-09-04,13:00:00,28.4,31.8,62,0.1,0.0,17.4,263,948.7,58,51,Light Drizzle
Pune,India,2026-09-04,14:00:00,27.6,30.1,64,1.2,0.5,17.9,265,948.0,74,55,Heavy Drizzle
Pune,India,2026-09-04,15:00:00,27.8,30.6,68,0.1,0.1,14.9,272,947.6,83,51,Light Drizzle
Pune,India,2026-09-04,16:00:00,26.4,27.9,70,1.0,0.3,17.5,266,947.2,99,55,Heavy Drizzle
Pune,India,2026-09-04,17:00:00,25.6,27.5,75,0.0,0.0,15.5,268,947.5,34,1,Mainly Clear
Pune,India,2026-09-04,18:00:00,24.5,26.7,79,0.0,0.0,14.1,266,947.9,66,2,Partly Cloudy
Pune,India,2026-09-04,19:00:00,23.7,26.2,84,0.0,0.0,12.6,266,948.5,87,3,Overcast
Pune,India,2026-09-04,20:00:00,23.1,25.8,88,0.0,0.0,11.2,264,949.0,90,3,Overcast
Pune,India,2026-09-04,21:00:00,23.0,25.9,89,0.0,0.0,9.6,262,949.5,70,2,Partly Cloudy
Pune,India,2026-09-04,22:00:00,22.9,25.9,90,0.0,0.0,9.1,260,949.9,100,3,Overcast
Pune,India,2026-09-04,23:00:00,23.0,25.8,88,0.0,0.0,9.8,257,949.5,40,1,Mainly Clear
Pune,India,2026-09-05,00:00:00,22.7,25.7,89,0.0,0.0,8.7,264,949.2,100,3,Overcast
Pune,India,2026-09-05,01:00:00,22.8,25.8,89,0.0,0.0,8.6,262,948.9,100,3,Overcast
Pune,India,2026-09-05,02:00:00,22.8,25.7,89,0.0,0.0,9.4,263,948.5,95,3,Overcast
Pune,India,2026-09-05,03:00:00,22.6,25.4,89,0.0,0.0,9.0,265,948.3,55,2,Partly Cloudy
Pune,India,2026-09-05,04:00:00,22.3,25.2,90,0.0,0.0,8.6,268,948.3,54,2,Partly Cloudy
Pune,India,2026-09-05,05:00:00,22.7,25.7,90,0.0,0.0,9.2,264,948.4,100,3,Overcast
Pune,India,2026-09-05,06:00:00,22.7,25.8,89,0.0,0.0,8.5,253,949.2,100,3,Overcast
Pune,India,2026-09-05,07:00:00,23.3,26.0,85,0.0,0.0,10.6,255,950.1,73,2,Partly Cloudy
Pune,India,2026-09-05,08:00:00,24.5,27.0,79,0.0,0.0,11.5,256,950.9,17,0,Clear Sky
Pune,India,2026-09-05,09:00:00,25.8,27.9,72,0.1,0.0,12.4,273,951.3,34,51,Light Drizzle
Pune,India,2026-09-05,10:00:00,26.7,29.3,70,0.5,0.3,15.3,269,951.3,41,53,Moderate Drizzle
Pune,India,2026-09-05,11:00:00,27.3,30.3,67,0.2,0.1,17.5,268,951.2,25,51,Light Drizzle
Pune,India,2026-09-05,12:00:00,27.8,31.5,66,0.1,0.1,16.9,271,950.7,16,51,Light Drizzle
Pune,India,2026-09-05,13:00:00,28.2,31.5,63,0.1,0.1,17.8,269,950.1,30,51,Light Drizzle
Pune,India,2026-09-05,14:00:00,27.3,29.7,66,0.3,0.2,19.3,275,949.2,17,51,Light Drizzle
Pune,India,2026-09-05,15:00:00,27.6,29.6,65,0.0,0.0,17.3,270,948.9,23,1,Mainly Clear
Pune,India,2026-09-05,16:00:00,26.0,27.6,72,0.1,0.1,17.5,272,948.5,13,51,Light Drizzle
Pune,India,2026-09-05,17:00:00,25.4,27.3,76,0.0,0.0,16.8,273,948.6,35,1,Mainly Clear
Pune,India,2026-09-05,18:00:00,24.2,26.5,82,0.0,0.0,13.9,269,949.2,20,1,Mainly Clear
Pune,India,2026-09-05,19:00:00,23.6,26.1,85,0.0,0.0,12.1,269,949.8,30,1,Mainly Clear
Pune,India,2026-09-05,20:00:00,23.2,26.0,87,0.0,0.0,10.8,273,949.9,34,1,Mainly Clear
Pune,India,2026-09-05,21:00:00,22.8,25.8,90,0.0,0.0,9.4,266,950.2,18,0,Clear Sky
Pune,India,2026-09-05,22:00:00,22.6,25.6,90,0.0,0.0,9.3,262,950.6,25,1,Mainly Clear
Pune,India,2026-09-05,23:00:00,22.7,25.6,88,0.0,0.0,9.2,266,950.5,48,1,Mainly Clear
Pune,India,2026-09-06,00:00:00,22.5,25.6,90,0.0,0.0,7.8,266,950.1,100,3,Overcast
Pune,India,2026-09-06,01:00:00,22.6,25.7,89,0.0,0.0,7.2,271,949.8,100,3,Overcast
Pune,India,2026-09-06,02:00:00,22.6,25.8,89,0.0,0.0,6.3,268,949.2,100,3,Overcast
Pune,India,2026-09-06,03:00:00,22.4,25.8,90,0.0,0.0,5.0,255,948.9,48,1,Mainly Clear
Pune,India,2026-09-06,04:00:00,22.6,26.0,89,0.0,0.0,5.3,242,948.8,27,1,Mainly Clear
Pune,India,2026-09-06,05:00:00,22.8,26.2,90,0.0,0.0,7.2,267,948.9,94,3,Overcast
Pune,India,2026-09-06,06:00:00,22.8,26.1,90,0.0,0.0,7.0,269,949.5,100,3,Overcast
Pune,India,2026-09-06,07:00:00,23.5,26.5,85,0.0,0.0,8.3,268,950.4,100,3,Overcast
Pune,India,2026-09-06,08:00:00,24.4,27.3,81,0.0,0.0,9.9,271,951.1,82,3,Overcast
Pune,India,2026-09-06,09:00:00,25.5,28.2,76,0.2,0.1,10.9,276,951.4,38,51,Light Drizzle
Pune,India,2026-09-06,10:00:00,26.1,28.7,73,0.4,0.3,13.5,272,951.5,34,51,Light Drizzle
Pune,India,2026-09-06,11:00:00,25.1,28.4,76,0.7,0.6,13.2,255,950.7,32,53,Moderate Drizzle
Pune,India,2026-09-06,12:00:00,27.7,31.8,69,0.7,0.4,13.4,265,950.8,38,53,Moderate Drizzle
Pune,India,2026-09-06,13:00:00,28.3,32.0,66,0.2,0.1,15.1,269,950.4,32,51,Light Drizzle
Pune,India,2026-09-06,14:00:00,26.6,28.9,69,1.1,0.4,18.1,263,949.5,60,55,Heavy Drizzle
Pune,India,2026-09-06,15:00:00,27.1,29.2,68,0.8,0.4,17.3,272,949.0,37,53,Moderate Drizzle
Pune,India,2026-09-06,16:00:00,25.6,27.0,74,1.0,0.8,18.7,269,949.0,66,55,Heavy Drizzle
Pune,India,2026-09-06,17:00:00,25.6,27.7,75,0.2,0.2,15.0,277,949.3,34,51,Light Drizzle
Pune,India,2026-09-06,18:00:00,24.7,26.7,78,0.1,0.1,13.9,274,949.8,48,51,Light Drizzle
Pune,India,2026-09-06,19:00:00,23.7,26.4,85,0.0,0.0,11.6,262,950.2,30,1,Mainly Clear
Pune,India,2026-09-06,20:00:00,23.3,26.1,86,0.0,0.0,10.5,264,950.8,36,1,Mainly Clear
Pune,India,2026-09-06,21:00:00,23.1,26.0,87,0.0,0.0,9.6,266,951.6,48,1,Mainly Clear
Pune,India,2026-09-06,22:00:00,23.0,26.1,88,0.0,0.0,8.2,262,952.0,55,2,Partly Cloudy
Pune,India,2026-09-06,23:00:00,23.1,26.1,87,0.0,0.0,8.7,263,951.5,30,1,Mainly Clear
Pune,India,2026-09-07,00:00:00,22.6,25.6,89,0.0,0.0,8.6,262,950.9,41,1,Mainly Clear
Pune,India,2026-09-07,01:00:00,22.5,25.4,90,0.0,0.0,8.7,265,950.5,100,3,Overcast
Pune,India,2026-09-07,02:00:00,22.5,25.4,89,0.0,0.0,8.1,265,950.0,100,3,Overcast
Pune,India,2026-09-07,03:00:00,22.3,25.2,90,0.0,0.0,8.0,262,949.6,18,0,Clear Sky
Pune,India,2026-09-07,04:00:00,22.0,24.9,91,0.0,0.0,7.6,267,949.4,24,1,Mainly Clear
Pune,India,2026-09-07,05:00:00,23.0,25.9,88,0.0,0.0,9.6,265,949.5,100,3,Overcast
Pune,India,2026-09-07,06:00:00,22.9,25.8,88,0.0,0.0,8.8,261,949.9,100,3,Overcast
Pune,India,2026-09-07,07:00:00,23.2,26.0,86,0.0,0.0,9.4,266,950.5,100,3,Overcast
Pune,India,2026-09-07,08:00:00,24.3,26.9,81,0.1,0.0,11.2,273,951.2,53,51,Light Drizzle
Pune,India,2026-09-07,09:00:00,25.4,28.0,75,0.2,0.1,11.0,271,951.6,31,51,Light Drizzle
Pune,India,2026-09-07,10:00:00,26.6,29.3,69,0.3,0.2,13.3,279,951.5,33,51,Light Drizzle
Pune,India,2026-09-07,11:00:00,27.3,30.4,66,0.5,0.2,14.4,279,951.5,32,53,Moderate Drizzle
Pune,India,2026-09-07,12:00:00,28.1,31.8,62,0.2,0.1,14.3,274,950.7,20,51,Light Drizzle
Pune,India,2026-09-07,13:00:00,28.5,32.0,61,0.2,0.1,15.5,278,950.0,25,51,Light Drizzle
Pune,India,2026-09-07,14:00:00,28.3,30.9,61,0.3,0.2,17.3,273,948.9,26,51,Light Drizzle
Pune,India,2026-09-07,15:00:00,27.5,29.6,65,0.2,0.2,17.6,284,948.5,13,51,Light Drizzle
Pune,India,2026-09-07,16:00:00,26.9,28.5,68,0.0,0.0,17.4,277,948.2,14,0,Clear Sky
Pune,India,2026-09-07,17:00:00,26.2,28.3,72,0.0,0.0,14.4,274,948.7,18,0,Clear Sky
Pune,India,2026-09-07,18:00:00,24.9,27.2,78,0.0,0.0,13.4,276,949.0,23,1,Mainly Clear
Pune,India,2026-09-07,19:00:00,24.0,26.6,83,0.0,0.0,11.3,279,949.8,22,1,Mainly Clear
Pune,India,2026-09-07,20:00:00,23.4,26.3,86,0.0,0.0,9.4,271,950.2,26,1,Mainly Clear
Pune,India,2026-09-07,21:00:00,23.0,26.2,89,0.0,0.0,7.7,270,950.9,62,2,Partly Cloudy
Pune,India,2026-09-07,22:00:00,22.9,26.2,89,0.0,0.0,7.6,265,951.2,34,1,Mainly Clear
Pune,India,2026-09-07,23:00:00,23.1,26.1,88,0.0,0.0,8.8,270,950.8,59,2,Partly Cloudy
Pune,India,2026-09-08,00:00:00,22.8,25.8,88,0.0,0.0,8.5,272,950.4,91,3,Overcast
Pune,India,2026-09-08,01:00:00,22.5,25.6,90,0.0,0.0,7.6,266,950.1,27,1,Mainly Clear
Pune,India,2026-09-08,02:00:00,22.3,25.3,90,0.0,0.0,7.3,259,949.6,31,1,Mainly Clear
Pune,India,2026-09-08,03:00:00,22.1,25.0,90,0.0,0.0,7.9,258,949.3,19,0,Clear Sky
Pune,India,2026-09-08,04:00:00,22.0,24.9,91,0.0,0.0,7.7,261,948.9,22,1,Mainly Clear
Pune,India,2026-09-08,05:00:00,22.3,25.4,92,0.0,0.0,8.1,258,948.9,22,1,Mainly Clear
Pune,India,2026-09-08,06:00:00,22.2,25.3,92,0.0,0.0,8.0,264,949.6,78,2,Partly Cloudy
Pune,India,2026-09-08,07:00:00,22.8,25.8,88,0.0,0.0,8.5,264,950.7,30,1,Mainly Clear
Pune,India,2026-09-08,08:00:00,24.0,26.6,82,0.1,0.0,10.7,276,951.4,30,51,Light Drizzle
Pune,India,2026-09-08,09:00:00,25.2,27.5,75,0.2,0.1,11.3,279,951.9,26,51,Light Drizzle
Pune,India,2026-09-08,10:00:00,26.6,29.2,68,0.1,0.1,12.7,282,951.7,31,51,Light Drizzle
Pune,India,2026-09-08,11:00:00,27.4,30.2,63,0.2,0.2,15.0,277,951.6,16,51,Light Drizzle
Pune,India,2026-09-08,12:00:00,28.0,31.1,60,0.2,0.1,15.1,278,950.8,30,51,Light Drizzle
Pune,India,2026-09-08,13:00:00,27.9,30.5,61,0.2,0.1,17.5,279,950.0,21,51,Light Drizzle
Pune,India,2026-09-08,14:00:00,27.6,29.4,60,0.5,0.5,18.4,276,949.2,43,53,Moderate Drizzle
Pune,India,2026-09-08,15:00:00,26.8,28.1,67,0.4,0.3,19.7,283,948.8,32,51,Light Drizzle
Pune,India,2026-09-08,16:00:00,26.1,27.6,70,0.0,0.0,16.7,277,948.5,23,1,Mainly Clear
Pune,India,2026-09-08,17:00:00,25.5,27.3,74,0.0,0.0,15.3,283,948.7,13,0,Clear Sky
Pune,India,2026-09-08,18:00:00,24.4,26.4,78,0.0,0.0,13.4,278,948.7,14,0,Clear Sky
Pune,India,2026-09-08,19:00:00,23.6,26.0,83,0.0,0.0,11.6,278,949.2,16,0,Clear Sky
Pune,India,2026-09-08,20:00:00,23.1,25.8,87,0.0,0.0,10.1,273,949.9,20,1,Mainly Clear
Pune,India,2026-09-08,21:00:00,22.7,25.4,89,0.0,0.0,9.9,272,950.4,10,0,Clear Sky
Pune,India,2026-09-08,22:00:00,22.3,25.3,91,0.0,0.0,8.5,265,950.9,11,0,Clear Sky
Pune,India,2026-09-08,23:00:00,22.4,25.2,90,0.0,0.0,9.4,269,950.4,66,2,Partly Cloudy
Pune,India,2026-09-09,00:00:00,22.4,25.3,90,0.0,0.0,8.5,271,950.1,100,3,Overcast
Pune,India,2026-09-09,01:00:00,22.3,25.4,90,0.0,0.0,7.2,273,949.9,100,3,Overcast
Pune,India,2026-09-09,02:00:00,22.3,25.2,89,0.0,0.0,7.4,273,949.5,100,3,Overcast
Pune,India,2026-09-09,03:00:00,22.0,25.0,91,0.0,0.0,7.4,267,948.7,47,1,Mainly Clear
Pune,India,2026-09-09,04:00:00,21.8,24.7,92,0.0,0.0,8.0,262,948.6,35,1,Mainly Clear
Pune,India,2026-09-09,05:00:00,21.9,24.7,91,0.0,0.0,8.8,268,948.6,11,0,Clear Sky
Pune,India,2026-09-09,06:00:00,21.4,24.3,93,0.0,0.0,7.6,270,949.0,19,0,Clear Sky
Pune,India,2026-09-09,07:00:00,22.1,25.0,90,0.0,0.0,7.7,271,949.7,25,1,Mainly Clear
Pune,India,2026-09-09,08:00:00,23.7,26.2,80,0.0,0.0,9.4,287,950.6,52,2,Partly Cloudy
Pune,India,2026-09-09,09:00:00,25.2,27.4,72,0.1,0.0,10.0,290,951.0,54,51,Light Drizzle
Pune,India,2026-09-09,10:00:00,26.8,28.9,64,0.0,0.0,10.8,291,951.1,42,1,Mainly Clear
Pune,India,2026-09-09,11:00:00,27.7,30.7,60,0.0,0.0,10.2,288,951.2,21,1,Mainly Clear
Pune,India,2026-09-09,12:00:00,28.5,32.2,57,0.1,0.0,10.8,288,950.4,21,51,Light Drizzle
Pune,India,2026-09-09,13:00:00,29.0,32.4,54,0.3,0.0,12.4,292,949.5,41,51,Light Drizzle
Pune,India,2026-09-09,14:00:00,29.0,32.0,57,0.4,0.1,13.5,286,948.6,39,51,Light Drizzle
Pune,India,2026-09-09,15:00:00,27.9,29.3,60,0.8,0.2,15.5,285,948.2,55,53,Moderate Drizzle
Pune,India,2026-09-09,16:00:00,27.3,29.2,67,0.2,0.1,15.3,290,947.9,65,51,Light Drizzle
Pune,India,2026-09-09,17:00:00,26.1,28.4,73,0.0,0.0,13.4,282,948.5,16,0,Clear Sky
Pune,India,2026-09-09,18:00:00,24.9,27.2,78,0.0,0.0,12.9,278,948.5,24,1,Mainly Clear
Pune,India,2026-09-09,19:00:00,24.1,26.7,82,0.0,0.0,11.0,280,949.1,35,1,Mainly Clear
Pune,India,2026-09-09,20:00:00,23.5,26.3,85,0.0,0.0,9.4,274,949.8,97,3,Overcast
Pune,India,2026-09-09,21:00:00,22.9,26.0,89,0.0,0.0,8.3,271,950.3,98,3,Overcast
Pune,India,2026-09-09,22:00:00,22.5,25.6,91,0.0,0.0,8.5,264,950.4,100,3,Overcast
Pune,India,2026-09-09,23:00:00,22.6,25.5,90,0.0,0.0,9.6,266,949.9,100,3,Overcast
Pune,India,2026-09-10,00:00:00,22.4,25.3,91,0.0,0.0,9.1,260,949.3,99,3,Overcast
Pune,India,2026-09-10,01:00:00,21.9,24.8,93,0.0,0.0,9.1,256,948.7,100,3,Overcast
Pune,India,2026-09-10,02:00:00,21.7,24.7,93,0.0,0.0,8.3,257,948.4,99,3,Overcast
Pune,India,2026-09-10,03:00:00,21.7,24.6,93,0.0,0.0,8.7,262,948.3,92,3,Overcast
Pune,India,2026-09-10,04:00:00,21.7,24.6,93,0.0,0.0,8.3,264,948.4,99,3,Overcast
Pune,India,2026-09-10,05:00:00,21.9,25.1,94,0.0,0.0,7.6,255,948.7,95,3,Overcast
Pune,India,2026-09-10,06:00:00,21.6,24.8,96,0.0,0.0,7.0,258,949.0,98,3,Overcast
Pune,India,2026-09-10,07:00:00,22.6,25.7,89,0.0,0.0,8.1,273,949.9,84,3,Overcast
Pune,India,2026-09-10,08:00:00,24.0,26.7,81,0.2,0.1,9.3,297,950.7,99,51,Light Drizzle
Pune,India,2026-09-10,09:00:00,25.5,28.0,72,0.1,0.0,9.8,298,951.1,99,51,Light Drizzle
Pune,India,2026-09-10,10:00:00,26.9,29.7,66,0.1,0.0,9.4,299,951.1,91,51,Light Drizzle
Pune,India,2026-09-10,11:00:00,28.3,32.4,62,0.0,0.0,9.2,298,950.9,90,3,Overcast
Pune,India,2026-09-10,12:00:00,29.2,33.5,59,0.0,0.0,10.9,294,950.2,100,3,Overcast
Pune,India,2026-09-10,13:00:00,28.1,31.4,61,0.3,0.2,12.8,299,949.1,100,51,Light Drizzle
Pune,India,2026-09-10,14:00:00,27.8,30.4,63,0.3,0.2,11.9,299,948.3,100,51,Light Drizzle
Pune,India,2026-09-10,15:00:00,27.5,29.3,64,0.3,0.2,14.7,285,947.5,95,51,Light Drizzle
Pune,India,2026-09-10,16:00:00,27.2,29.3,66,0.0,0.0,13.3,288,947.4,38,1,Mainly Clear
Pune,India,2026-09-10,17:00:00,26.7,28.7,68,0.0,0.0,13.0,287,947.5,20,1,Mainly Clear
Pune,India,2026-09-10,18:00:00,25.4,27.6,74,0.0,0.0,12.5,282,947.8,10,0,Clear Sky
Pune,India,2026-09-10,19:00:00,24.3,27.0,80,0.0,0.0,10.2,277,948.7,100,3,Overcast
Pune,India,2026-09-10,20:00:00,23.7,26.6,84,0.0,0.0,9.2,274,949.2,90,3,Overcast
Pune,India,2026-09-10,21:00:00,23.2,26.3,87,0.0,0.0,8.1,269,949.6,86,3,Overcast
Pune,India,2026-09-10,22:00:00,22.9,26.0,89,0.0,0.0,8.5,266,949.7,97,3,Overcast
Pune,India,2026-09-10,23:00:00,22.3,25.3,91,0.0,0.0,8.3,269,949.3,95,3,Overcast
